{"level":"info","message":"Created client session 34eae033352797bbd62bb6c2","timestamp":"2026-08-15 00:03:56"}
{"level":"info","message":"Created client session 8b46525091c6f26a9e08dcc4","timestamp":"2026-08-15 00:07:44"}
{"level":"info","message":"Created client session 8d508993cf803cd4b1e1543b","timestamp":"2026-08-15 00:07:48"}
{"level":"info","message":"Created client session 5955a5f48bee32ca2d582926","timestamp":"2026-08-15 00:37:14"}
{"level":"info","message":"Created client session 911bb3691437ebaf3084e9ed","timestamp":"2026-08-15 00:39:36"}
{"level":"info","message":"Created client session f1b96fa04223683f39a6c20b","timestamp":"2026-08-15 00:40:07"}
{"level":"info","message":"Created client session 6bfe7433aa016592295188cd","timestamp":"2026-08-15 00:46:46"}
{"level":"info","message":"Created client session cc79596f7759d946fd0d7bbb","timestamp":"2026-08-15 00:46:46"}
{"level":"info","message":"Created client session 1851ee0cfc2da9184de5368b","timestamp":"2026-08-15 00:46:46"}
{"level":"info","message":"Created client session 7aab76c5fc8309f3994f26af","timestamp":"2026-08-15 00:46:46"}
{"level":"info","message":"Created client session b0294c87f16c73d51e1ff9b2","timestamp":"2026-08-15 00:46:46"}
{"level":"info","message":"Created client session 86b25a9cb897375ce3d38278","timestamp":"2026-08-15 00:46:46"}
{"level":"info","message":"Created client session be705983c0578260f709dfe8","timestamp":"2026-08-15 00:50:18"}
{"level":"info","message":"Created client session c1988a37d4576f4e36c69ba9","timestamp":"2026-08-15 00:58:00"}
{"level":"info","message":"Created client session 3008b6002829af1fcc3ef358","timestamp":"2026-08-15 01:21:19"}
{"level":"info","message":"Created client session 7f7c966aab9293cc1cc8e313","timestamp":"2026-08-15 01:36:53"}
{"level":"info","message":"Created client session 485e9bbea855586db05c9d6b","timestamp":"2026-08-15 01:54:04"}
{"level":"info","message":"Created client session 3de30d9d64d96198270ad079","timestamp":"2026-08-15 02:05:38"}
{"level":"info","message":"Created client session 0937fe10d9316aa33c6c181c","timestamp":"2026-08-15 02:25:59"}
{"level":"info","message":"Created client session d43768fb8bc72e234f92bb12","timestamp":"2026-08-15 02:26:56"}
{"level":"info","message":"Created client session 59c01fe8a00ed8975ad14a6e","timestamp":"2026-08-15 02:27:24"}
{"level":"info","message":"Created client session ded21405227ab79cd0c65057","timestamp":"2026-08-15 02:28:35"}
{"level":"info","message":"Created client session 0857cab6f8e52d40f500e01a","timestamp":"2026-08-15 02:42:40"}
{"level":"info","message":"Created client session 3c1c1a693c208b1de0169352","timestamp":"2026-08-15 02:43:27"}
{"level":"info","message":"Created client session 305e32f5fe75f4faffc09d54","timestamp":"2026-08-15 02:51:12"}
{"level":"info","message":"Created client session c9bba75428b6f5e80769c51f","timestamp":"2026-08-15 02:54:55"}
{"level":"info","message":"Created client session ead581cde747863d2cc2afae","timestamp":"2026-08-15 03:11:09"}
{"level":"info","message":"Created client session f8e61d2eaed0558c358ab6ed","timestamp":"2026-08-15 03:47:07"}
{"level":"info","message":"Created client session 0c8e9dd1a85dd9fb3cf56955","timestamp":"2026-08-15 04:12:49"}
{"level":"info","message":"Created client session e171eee9db1200602ef5e827","timestamp":"2026-08-15 04:12:50"}
{"level":"info","message":"Created client session a837656c04553ef158030e29","timestamp":"2026-08-15 04:27:34"}
{"level":"info","message":"Created client session 749184fe06fc574e66d9546b","timestamp":"2026-08-15 04:27:34"}
{"level":"info","message":"Created client session 98d9b38a02e42789c97df87b","timestamp":"2026-08-15 05:49:31"}
{"level":"info","message":"Created client session 3f4f40d488aedb4e04c53bc1","timestamp":"2026-08-15 06:52:13"}
{"level":"info","message":"Created client session cb56533026630b87ec9f6137","timestamp":"2026-08-15 07:21:36"}
{"level":"info","message":"Created client session b779c55a5f8b4f0a98c350b6","timestamp":"2026-08-15 07:37:39"}
{"level":"info","message":"Created client session 8bd334da3bebfdf132ec7e5c","timestamp":"2026-08-15 07:42:44"}
{"level":"info","message":"Created client session 22639b894d5a234b86405d7d","timestamp":"2026-08-15 08:26:12"}
{"level":"info","message":"Created client session c6ca99a70b2e78fae2d34f82","timestamp":"2026-08-15 08:42:23"}
{"level":"info","message":"Created client session dfb0c39e608e96615155b0c9","timestamp":"2026-08-15 09:01:35"}
{"level":"info","message":"Created client session e8f6ec36eb2240c445c7f73c","timestamp":"2026-08-15 09:22:28"}
{"level":"info","message":"Created client session 257cd0843dbf84b5bbdfc7cb","timestamp":"2026-08-15 09:22:29"}
{"level":"info","message":"Created client session 58acdce88a07cee0eafb35e4","timestamp":"2026-08-15 09:22:31"}
{"level":"info","message":"Created client session 4bc811f2a20cddef36fa0aa9","timestamp":"2026-08-15 09:22:32"}
{"level":"info","message":"Created client session de46a8f8eb9c88521d4c9042","timestamp":"2026-08-15 09:22:35"}
{"level":"info","message":"Created client session 5c13d98a2153c075c9e3ea4b","timestamp":"2026-08-15 09:22:37"}
{"level":"info","message":"Created client session 1c37bea4f9bdf8f176dd3eba","timestamp":"2026-08-15 09:22:39"}
{"level":"info","message":"Created client session 45f52d6b523fce857f115350","timestamp":"2026-08-15 09:22:41"}
{"level":"info","message":"Created client session ae9d85fad044b9dcafedefd7","timestamp":"2026-08-15 09:22:44"}
{"level":"info","message":"Created client session e23d86f4963380557c8a4bfb","timestamp":"2026-08-15 09:22:46"}
{"level":"info","message":"Created client session 5bea2e9dda817cc5842423ba","timestamp":"2026-08-15 09:22:48"}
{"level":"info","message":"Created client session 4d1a294ad61d6cff62b0e55a","timestamp":"2026-08-15 09:22:51"}
{"level":"info","message":"Created client session c6dd32d960807decf667d6e7","timestamp":"2026-08-15 09:22:53"}
{"level":"info","message":"Created client session 9eba264cb36a2bbc7de4d0ee","timestamp":"2026-08-15 09:22:55"}
{"level":"info","message":"Created client session 070fbea1e7e923db131a36b2","timestamp":"2026-08-15 09:22:57"}
{"level":"info","message":"Created client session 7a1f8c1d2ba0e2afb7160a60","timestamp":"2026-08-15 09:22:59"}
{"level":"info","message":"Created client session 2ff82df24e5217041052ec9c","timestamp":"2026-08-15 09:23:01"}
{"level":"info","message":"Created client session e0b656acd36a6335883823ce","timestamp":"2026-08-15 09:23:03"}
{"level":"info","message":"Created client session a574abfa1b34675431c3a3eb","timestamp":"2026-08-15 09:23:05"}
{"level":"info","message":"Created client session e296a89cc4e422d4e7d0157b","timestamp":"2026-08-15 09:23:07"}
{"level":"info","message":"Created client session 673edeaf7c22353007c3b50a","timestamp":"2026-08-15 09:23:09"}
{"level":"info","message":"Created client session 319074109de5a09075a9e98e","timestamp":"2026-08-15 09:23:11"}
{"level":"info","message":"Created client session 7ce42ceec6e8d41d1524065e","timestamp":"2026-08-15 09:23:13"}
{"level":"info","message":"Created client session 86732ae073f6fbf2df3c7201","timestamp":"2026-08-15 09:23:15"}
{"level":"info","message":"Created client session 543cef4118c95a4ab926b54a","timestamp":"2026-08-15 09:23:17"}
{"level":"info","message":"Created client session fcc32d86b309e38cc8e50fd1","timestamp":"2026-08-15 09:23:20"}
{"level":"info","message":"Created client session 2b4a69020754b5ecb48949a7","timestamp":"2026-08-15 09:23:21"}
{"level":"info","message":"Created client session a7ef94474d73b653af570531","timestamp":"2026-08-15 09:23:23"}
{"level":"info","message":"Created client session 4d45bc7874eac364792a76fe","timestamp":"2026-08-15 09:23:25"}
{"level":"info","message":"Created client session 8369be3ce142ff293e638169","timestamp":"2026-08-15 09:23:27"}
{"level":"info","message":"Created client session d0581df9b69491f2271ceaf0","timestamp":"2026-08-15 09:23:29"}
{"level":"info","message":"Created client session 9832cbfa580deea6ced6a9fa","timestamp":"2026-08-15 09:23:31"}
{"level":"info","message":"Created client session 7cad720504554cbbf87c0234","timestamp":"2026-08-15 09:23:32"}
{"level":"info","message":"Created client session 4671471382fb29319a30cd0f","timestamp":"2026-08-15 09:23:34"}
{"level":"info","message":"Created client session cec84367fef910cc9dc181a2","timestamp":"2026-08-15 09:23:36"}
{"level":"info","message":"Created client session adc68f55895c438bdca23f71","timestamp":"2026-08-15 09:23:38"}
{"level":"info","message":"Created client session d3684a5d610e7b6ece5e379b","timestamp":"2026-08-15 09:23:40"}
{"level":"info","message":"Created client session dfb5601db19351a95d8628dd","timestamp":"2026-08-15 09:23:42"}
{"level":"info","message":"Created client session 128a413c821d9dd0b6e5398a","timestamp":"2026-08-15 09:23:44"}
{"level":"info","message":"Created client session b7966afa2c8bbcb192ca8d26","timestamp":"2026-08-15 09:23:46"}
{"level":"info","message":"Created client session ded8ad76e27c5bf8c8e59748","timestamp":"2026-08-15 09:23:48"}
{"level":"info","message":"Created client session 305cf524527c327a0803baad","timestamp":"2026-08-15 09:23:50"}
{"level":"info","message":"Created client session ffa93e5d28cb7d6b44ff75fe","timestamp":"2026-08-15 09:23:52"}
{"level":"info","message":"Created client session dc4c2ca96c78085bb28d5213","timestamp":"2026-08-15 09:23:54"}
{"level":"info","message":"Created client session 06435b482771ee6571761ccb","timestamp":"2026-08-15 09:24:15"}
{"level":"info","message":"Created client session 0e9c7dab1cb68aaa66f1acbc","timestamp":"2026-08-15 09:55:23"}
{"level":"info","message":"Created client session 6d91eac277f90228fb74b89d","timestamp":"2026-08-15 09:57:47"}
{"level":"info","message":"Created client session 4783341e6713f2b4297a61f4","timestamp":"2026-08-15 09:59:00"}
{"level":"info","message":"Created client session c45531848090789e21199716","timestamp":"2026-08-15 09:59:00"}
{"level":"info","message":"Created client session 70bbb0260ab99ff2b4da2ff2","timestamp":"2026-08-15 09:59:00"}
{"level":"info","message":"Created client session 36411b235253750e009a9435","timestamp":"2026-08-15 09:59:01"}
{"level":"info","message":"Created client session 8a9811b09e0d0486c8d62818","timestamp":"2026-08-15 09:59:01"}
{"level":"info","message":"Created client session edb082a6a54450a2a5e4e6d0","timestamp":"2026-08-15 09:59:01"}
{"level":"info","message":"Created client session ab8bbe788ff45113b6a19ec2","timestamp":"2026-08-15 09:59:01"}
{"level":"info","message":"Created client session 81ba6ff13e6a0e9b8516ed46","timestamp":"2026-08-15 09:59:02"}
{"level":"info","message":"Created client session e6079b97e2b5f61b19b26a1f","timestamp":"2026-08-15 09:59:02"}
{"level":"info","message":"Created client session a754a7ec8cc1c41c064b5e0e","timestamp":"2026-08-15 09:59:02"}
{"level":"info","message":"Created client session 1ee8edaff1a372a7615b896e","timestamp":"2026-08-15 09:59:02"}
{"level":"info","message":"Created client session 11fe7da1ec0cdb49d8ad4771","timestamp":"2026-08-15 09:59:02"}
{"level":"info","message":"Created client session a4fd11d597307d1e350ba005","timestamp":"2026-08-15 09:59:02"}
{"level":"info","message":"Created client session 6e37cd93bc4bc342c77833b9","timestamp":"2026-08-15 09:59:02"}
{"level":"info","message":"Created client session 714d40985fda0552204e0d00","timestamp":"2026-08-15 09:59:02"}
{"level":"info","message":"Created client session 77a288421b9323f584c0e7a4","timestamp":"2026-08-15 09:59:03"}
{"level":"info","message":"Created client session cfaad38ce14da7fbd7ae0e0f","timestamp":"2026-08-15 09:59:03"}
{"level":"info","message":"Created client session 9a23f9d0632b7f52369fa619","timestamp":"2026-08-15 09:59:03"}
{"level":"info","message":"Created client session b544d5a7ee4157db5ff6caee","timestamp":"2026-08-15 09:59:03"}
{"level":"info","message":"Created client session c3caad1ed54414a8c2327e35","timestamp":"2026-08-15 09:59:03"}
{"level":"info","message":"Created client session 15bc425127bcf21f48d20fdd","timestamp":"2026-08-15 09:59:03"}
{"level":"info","message":"Created client session b9a305cfa86bb0e2596c1a87","timestamp":"2026-08-15 09:59:03"}
{"level":"info","message":"Created client session 3852ce861e72244fdf43cb7b","timestamp":"2026-08-15 09:59:03"}
{"level":"info","message":"Created client session 2002ec00ff2c904e86d9ae8b","timestamp":"2026-08-15 09:59:03"}
{"level":"info","message":"Created client session 89959a3acc6fb701a8bbf68d","timestamp":"2026-08-15 09:59:03"}
{"level":"info","message":"Created client session 39e46ed82e9ea2fe28b14244","timestamp":"2026-08-15 09:59:03"}
{"level":"info","message":"Created client session 6ded584dff2ef1201b4c0bd9","timestamp":"2026-08-15 09:59:03"}
{"level":"info","message":"Created client session 9f19ef6b421d6ee9c6ba77e8","timestamp":"2026-08-15 09:59:04"}
{"level":"info","message":"Created client session dc28acde4c50cab7ed81a5a9","timestamp":"2026-08-15 09:59:04"}
{"level":"info","message":"Created client session 449b3b107a5288df4fe03b02","timestamp":"2026-08-15 09:59:04"}
{"level":"info","message":"Created client session 4c364637ceb5756edb556379","timestamp":"2026-08-15 09:59:04"}
{"level":"info","message":"Created client session aa5f42bd1f7c101c35701fb3","timestamp":"2026-08-15 09:59:04"}
{"level":"info","message":"Created client session f322bea33d0071fc3f10abb3","timestamp":"2026-08-15 09:59:04"}
{"level":"info","message":"Created client session f3b535c5d5f53c2c63538e90","timestamp":"2026-08-15 09:59:05"}
{"level":"info","message":"Created client session bc5dedfd1bd3c6f90d5f733f","timestamp":"2026-08-15 09:59:05"}
{"level":"info","message":"Created client session cc6f9a6bb5df69881e83dde1","timestamp":"2026-08-15 09:59:05"}
{"level":"info","message":"Created client session 4603f42f1e38cfbde1876ab6","timestamp":"2026-08-15 09:59:05"}
{"level":"info","message":"Created client session f1f8ea3fb9b6f3e7605a3ea1","timestamp":"2026-08-15 09:59:06"}
{"level":"info","message":"Created client session 92d4d9aecc1d816247f08917","timestamp":"2026-08-15 09:59:06"}
{"level":"info","message":"Created client session acd62caff55d7aa2d0627bf6","timestamp":"2026-08-15 09:59:06"}
{"level":"info","message":"Created client session 0b92161e309dad3880dc5529","timestamp":"2026-08-15 09:59:06"}
{"level":"info","message":"Created client session d808d5485d29c0304cc13c26","timestamp":"2026-08-15 09:59:07"}
{"level":"info","message":"Created client session dbf99ce10d8a5239290ce358","timestamp":"2026-08-15 09:59:07"}
{"level":"info","message":"Created client session 85b26737e4ff1d78f877b002","timestamp":"2026-08-15 09:59:07"}
{"level":"info","message":"Created client session 77111719338ed8804aef2bc1","timestamp":"2026-08-15 09:59:07"}
{"level":"info","message":"Created client session cf8c3c43476dbf295906a6b3","timestamp":"2026-08-15 09:59:08"}
{"level":"info","message":"Created client session 3ea7b4f847cb81906e8e0601","timestamp":"2026-08-15 09:59:08"}
{"level":"info","message":"Created client session 9da67c699555403f90a60db9","timestamp":"2026-08-15 10:46:06"}
{"level":"info","message":"Created client session 805ebd25c8fd309eda8169a8","timestamp":"2026-08-15 12:22:35"}
{"level":"info","message":"Created client session 8a2001da584bbaf7d848c899","timestamp":"2026-08-15 12:54:10"}
{"level":"info","message":"Created client session 6abf3e4fc51ffa41708e61f5","timestamp":"2026-08-15 13:18:27"}
{"level":"info","message":"Created client session 96287394a58955452ae077f1","timestamp":"2026-08-15 13:21:04"}
{"level":"info","message":"Created client session 428c3c9f274c075fd6bfc054","timestamp":"2026-08-15 13:55:34"}
{"level":"info","message":"Created client session 600dc40631621432aae3c9b5","timestamp":"2026-08-15 13:59:08"}
{"level":"info","message":"Created client session af7944dbd45e0260557f8c9c","timestamp":"2026-08-15 14:07:05"}
{"level":"info","message":"Created client session a4dd8839485582978be65d50","timestamp":"2026-08-15 14:36:38"}
{"level":"info","message":"Created client session f8297932f60d00dd658d0ef6","timestamp":"2026-08-15 14:36:41"}
{"level":"info","message":"Created client session 47d90501503d01ab23e9200a","timestamp":"2026-08-15 14:36:54"}
{"level":"info","message":"Created client session e39e5eddb0a470cd1543e81a","timestamp":"2026-08-15 14:36:56"}
{"level":"info","message":"Created client session fd1cf3816e1a3a4695f6170d","timestamp":"2026-08-15 14:36:56"}
{"level":"info","message":"Created client session 57395f551864218f8d7e22ee","timestamp":"2026-08-15 14:36:56"}
{"level":"info","message":"Created client session 42049a5fd25e0abf956787fb","timestamp":"2026-08-15 14:38:13"}
{"level":"info","message":"Created client session b709268cda8497e3bfc60d12","timestamp":"2026-08-15 14:39:24"}
{"level":"info","message":"Created client session 1007c575b66ec2e1d20d4c08","timestamp":"2026-08-15 14:39:24"}
{"level":"info","message":"Created client session 718c41c5af466baace5452ea","timestamp":"2026-08-15 14:39:25"}
{"level":"info","message":"Created client session d6493fba442f0bf94292e049","timestamp":"2026-08-15 14:39:25"}
{"level":"info","message":"Created client session 6aa38840093fc095b4057cc5","timestamp":"2026-08-15 14:39:26"}
{"level":"info","message":"Created client session 7147f180e7e1fd51cafbd177","timestamp":"2026-08-15 14:39:26"}
{"level":"info","message":"Created client session 14e44febf57ce0146c45edf7","timestamp":"2026-08-15 14:39:26"}
{"level":"info","message":"Created client session 504b072894ef3e9227a02389","timestamp":"2026-08-15 14:39:27"}
{"level":"info","message":"Created client session 7b30449c7439f8bcb967f4d7","timestamp":"2026-08-15 14:39:27"}
{"level":"info","message":"Created client session 331640f239e31f02d7216d3a","timestamp":"2026-08-15 14:39:27"}
{"level":"info","message":"Created client session 39e8a5cb43a2263545cc2977","timestamp":"2026-08-15 14:39:28"}
{"level":"info","message":"Created client session b3ca1ba5fd1ea8d59ff5e3e5","timestamp":"2026-08-15 14:39:28"}
{"level":"info","message":"Created client session 9d7b47fee6a19f644b759bc4","timestamp":"2026-08-15 14:39:29"}
{"level":"info","message":"Created client session a284004fad033b31502b1cf8","timestamp":"2026-08-15 14:39:29"}
{"level":"info","message":"Created client session 9c4ca0c72163e87add3f78a6","timestamp":"2026-08-15 14:39:30"}
{"level":"info","message":"Created client session 8395c4bd8a71a45bbe7bfac7","timestamp":"2026-08-15 14:39:30"}
{"level":"info","message":"Created client session ef01679ee2af948ca9aa4fef","timestamp":"2026-08-15 14:39:31"}
{"level":"info","message":"Created client session 76193a74f80d5bd659cbf97b","timestamp":"2026-08-15 14:39:31"}
{"level":"info","message":"Created client session 6370a4886a9116c53613e40d","timestamp":"2026-08-15 14:39:31"}
{"level":"info","message":"Created client session 54d3ac8438813d745df3bd2b","timestamp":"2026-08-15 14:39:32"}
{"level":"info","message":"Created client session e38f692b12d3eee3bb012428","timestamp":"2026-08-15 14:39:32"}
{"level":"info","message":"Created client session e1c30ebcbca83989318b3dd1","timestamp":"2026-08-15 14:39:33"}
{"level":"info","message":"Created client session e002a845cc141fb1d5368b53","timestamp":"2026-08-15 14:39:33"}
{"level":"info","message":"Created client session a852dd7e8feb21f40a6d224c","timestamp":"2026-08-15 14:39:33"}
{"level":"info","message":"Created client session d29e9849a483a248382d818f","timestamp":"2026-08-15 14:39:34"}
{"level":"info","message":"Created client session e0a8084e1a969e9af6dd30d9","timestamp":"2026-08-15 14:39:34"}
{"level":"info","message":"Created client session 78c2a0c9b2b805947a0eaaa6","timestamp":"2026-08-15 14:39:34"}
{"level":"info","message":"Created client session ab6b31f943109cc4c32c8df4","timestamp":"2026-08-15 14:39:35"}
{"level":"info","message":"Created client session d9a5c93c66db265892beb93a","timestamp":"2026-08-15 14:39:35"}
{"level":"info","message":"Created client session ba14e42f0d1be2031819809e","timestamp":"2026-08-15 14:39:35"}
{"level":"info","message":"Created client session c5fc1ddd01ab7012187ead71","timestamp":"2026-08-15 14:39:36"}
{"level":"info","message":"Created client session 52acb766abbced8cb4880a44","timestamp":"2026-08-15 14:39:36"}
{"level":"info","message":"Created client session f38bc9e8c9328dc2f9b829fa","timestamp":"2026-08-15 14:39:37"}
{"level":"info","message":"Created client session ffd8c87ab4662d9eb7c2223b","timestamp":"2026-08-15 14:39:37"}
{"level":"info","message":"Created client session ff079b5e98bc90be70210ef5","timestamp":"2026-08-15 14:39:37"}
{"level":"info","message":"Created client session ba642c24157ba523ca489d2e","timestamp":"2026-08-15 14:39:38"}
{"level":"info","message":"Created client session 48664aae0053a0c5542ec754","timestamp":"2026-08-15 14:39:38"}
{"level":"info","message":"Created client session fc6cc64680559b44b63b0b55","timestamp":"2026-08-15 14:39:38"}
{"level":"info","message":"Created client session c03f4a0b00b421e22961a4f9","timestamp":"2026-08-15 14:39:39"}
{"level":"info","message":"Created client session fdc7e7c762d0af1d8c938429","timestamp":"2026-08-15 14:39:39"}
{"level":"info","message":"Created client session d8050d8a01b9a13dfc6ef278","timestamp":"2026-08-15 14:39:39"}
{"level":"info","message":"Created client session 82b43c6a8211cf90ffe5c2d0","timestamp":"2026-08-15 14:39:40"}
{"level":"info","message":"Created client session 34496b807b7679add1af2fd0","timestamp":"2026-08-15 14:39:40"}
{"level":"info","message":"Created client session 1fd0abdce8dceda77f0e795a","timestamp":"2026-08-15 14:39:41"}
{"level":"info","message":"Created client session ef2ec49d8f3e28cbf227d455","timestamp":"2026-08-15 14:48:30"}
{"level":"info","message":"Created client session a7425bc0fb8a8a475887ff3f","timestamp":"2026-08-15 15:15:56"}
{"level":"info","message":"Created client session 5a56e6e13e896a426901a27a","timestamp":"2026-08-15 15:17:29"}
{"level":"info","message":"Created client session 9f1e897f7e4fa64bd0b04c55","timestamp":"2026-08-15 15:32:00"}
{"level":"info","message":"Created client session 9c12625992fc214cb0d01387","timestamp":"2026-08-15 15:41:46"}
{"level":"info","message":"Created client session 0438bb4169cd7610043a340d","timestamp":"2026-08-15 15:43:01"}
{"level":"info","message":"Created client session 845070a86d1332a057ba1a33","timestamp":"2026-08-15 15:49:17"}
{"level":"info","message":"Created client session d15a1c1fd8bb7e6837178dbe","timestamp":"2026-08-15 15:52:08"}
{"level":"info","message":"Created client session 9154382ade09b9e46a4244e8","timestamp":"2026-08-15 16:05:39"}
{"level":"info","message":"Created client session 362404a17898831e19b2b977","timestamp":"2026-08-15 16:06:29"}
{"level":"info","message":"Created client session 8cf2cdf4e0f186085ce977fb","timestamp":"2026-08-15 16:07:18"}
{"level":"info","message":"Created client session b0cd2728cfad37477e8341ee","timestamp":"2026-08-15 16:16:05"}
{"level":"info","message":"Created client session 26049faf936cbdb257070c6d","timestamp":"2026-08-15 16:16:31"}
{"level":"info","message":"Created client session 1a7d58659aa52927d1cc1013","timestamp":"2026-08-15 16:18:45"}
{"level":"info","message":"Created client session fca6b393d561b5f3f8795661","timestamp":"2026-08-15 16:30:07"}
{"level":"info","message":"Created client session 990baad28a82676c8ce681f7","timestamp":"2026-08-15 16:32:09"}
{"level":"info","message":"Created client session 54b337e42dbc02f18386cf86","timestamp":"2026-08-15 16:35:21"}
{"level":"info","message":"Created client session bce5b1705c3d2cefb0453a9b","timestamp":"2026-08-15 16:36:48"}
{"level":"info","message":"Created client session ce165c97c2a391d4db517a71","timestamp":"2026-08-15 16:37:00"}
{"level":"info","message":"Created client session 4845a123e0c22fe60bb00dec","timestamp":"2026-08-15 16:38:24"}
{"level":"info","message":"Created client session 52d60d8b0ff3522a7ccda9f4","timestamp":"2026-08-15 16:42:12"}
{"level":"info","message":"Created client session 4d8296f92cefe8ce79d61244","timestamp":"2026-08-15 16:43:25"}
{"level":"info","message":"Created client session a8fdb40b2c672fc213bc416f","timestamp":"2026-08-15 16:47:07"}
{"level":"info","message":"Created client session 8da9d4c3ee19f5ba842a3bcc","timestamp":"2026-08-15 16:53:44"}
{"level":"info","message":"Created client session 192e9e8e0e6d58162bc4402a","timestamp":"2026-08-15 16:57:28"}
{"level":"info","message":"Created client session da2d6ee271ad3eed90c6d2a5","timestamp":"2026-08-15 17:01:00"}
{"level":"info","message":"Created client session 7e98d47c75198ef025c38d93","timestamp":"2026-08-15 17:17:58"}
{"level":"info","message":"Created client session b31edfc9f0bc893dea843460","timestamp":"2026-08-15 17:29:13"}
{"level":"info","message":"Created client session 4cb6018dc613632836b14180","timestamp":"2026-08-15 17:36:04"}
{"level":"info","message":"Created client session 0ca5a50998ab74ed72c5c05b","timestamp":"2026-08-15 17:52:12"}
{"level":"info","message":"Created client session f3ee35a910a2ee18775f200f","timestamp":"2026-08-15 18:03:34"}
{"level":"info","message":"Created client session 5dadd4e857ff64f2cdba7f50","timestamp":"2026-08-15 18:03:40"}
{"level":"info","message":"Created client session 7dd795312e7f0447ed805157","timestamp":"2026-08-15 18:24:28"}
{"level":"info","message":"Created client session 4c8d2d454234409548db08a0","timestamp":"2026-08-15 18:26:52"}
{"level":"info","message":"Created client session e6b65323c54da20084933e9d","timestamp":"2026-08-15 18:53:26"}
{"level":"info","message":"Created client session a1175572814fedb571080403","timestamp":"2026-08-15 18:59:10"}
{"level":"info","message":"Created client session 9bb69fab8ada3de15d460eba","timestamp":"2026-08-15 19:16:40"}
{"level":"info","message":"Created client session 916662dc1bb0f8026375290a","timestamp":"2026-08-15 19:33:30"}
{"level":"info","message":"Created client session b49092a71c184a796be4cb0b","timestamp":"2026-08-15 19:38:49"}
{"level":"info","message":"Created client session ff804636b280dc3fc7bef2ad","timestamp":"2026-08-15 19:38:53"}
{"level":"info","message":"Created client session ece1f89cc191ee6c37645a82","timestamp":"2026-08-15 19:59:32"}
{"level":"info","message":"Created client session 5e2bd51b27ad6d703b111928","timestamp":"2026-08-15 20:02:05"}
{"level":"info","message":"Created client session 7ef3c8053ea38f659575ccea","timestamp":"2026-08-15 20:23:26"}
{"level":"info","message":"Created client session 69fe894cfc18a3049f58fe0c","timestamp":"2026-08-15 20:38:34"}
{"level":"info","message":"Created client session a8cfab385c6808093f8ae92c","timestamp":"2026-08-15 20:38:34"}
{"level":"info","message":"Created client session ec466d3ae1a4924a4c97a053","timestamp":"2026-08-15 20:38:34"}
{"level":"info","message":"Created client session 23e540859fa2bb5302e42745","timestamp":"2026-08-15 20:38:34"}
{"level":"info","message":"Created client session 571a11a4bd31b4ff59ab9b37","timestamp":"2026-08-15 20:38:34"}
{"level":"info","message":"Created client session b5973105dfa1da84da8af868","timestamp":"2026-08-15 20:38:34"}
{"level":"info","message":"Created client session e862bc9cc9b90d77bc728d49","timestamp":"2026-08-15 20:38:34"}
{"level":"info","message":"Created client session 163dbb9afe2a291a136c5849","timestamp":"2026-08-15 20:42:16"}
{"level":"info","message":"Created client session da00083e0267ff96b7096ca1","timestamp":"2026-08-15 21:39:03"}
{"level":"info","message":"Created client session 852bd9086befb520d0fa9951","timestamp":"2026-08-15 21:39:03"}
{"level":"info","message":"Created client session 321f03eb1e83879ecbce04f7","timestamp":"2026-08-15 21:39:03"}
{"level":"info","message":"Created client session 726a0d0018ce0405a36fd37b","timestamp":"2026-08-15 21:39:03"}
{"level":"info","message":"Created client session 1ee6346559776089cff04d63","timestamp":"2026-08-15 21:39:03"}
{"level":"info","message":"Created client session 46895d199df1b316dac28355","timestamp":"2026-08-15 21:39:03"}
{"level":"info","message":"Created client session 9cfe8c8b858637fd004b948f","timestamp":"2026-08-15 21:39:03"}
{"level":"info","message":"Created client session 1ceab352a1810abbfd4cce89","timestamp":"2026-08-15 21:39:04"}
{"level":"info","message":"Created client session 9a48ea4fec93edabc69394d1","timestamp":"2026-08-15 21:39:04"}
{"level":"info","message":"Created client session c4b10686b3e141694aa6edd2","timestamp":"2026-08-15 21:39:04"}
{"level":"info","message":"Created client session f77c9bbf03b226530c553741","timestamp":"2026-08-15 21:39:04"}
{"level":"info","message":"Created client session 30ce6bc7c605b508f50f0731","timestamp":"2026-08-15 21:39:04"}
{"level":"info","message":"Created client session 6c3e79b4ff19ffd811fbe67b","timestamp":"2026-08-15 21:39:04"}
{"level":"info","message":"Created client session f171f64756d570a0cec26f82","timestamp":"2026-08-15 21:39:04"}
{"level":"info","message":"Created client session 3ecfa7956f947c696fbc0eb8","timestamp":"2026-08-15 21:39:04"}
{"level":"info","message":"Created client session bd0105df55ace50b86e66bfe","timestamp":"2026-08-15 21:39:04"}
{"level":"info","message":"Created client session 45cb64f803e505608e87bee9","timestamp":"2026-08-15 21:39:04"}
{"level":"info","message":"Created client session 2fe8e4f86ce53bf7038c0d70","timestamp":"2026-08-15 21:39:04"}
{"level":"info","message":"Created client session 3a8d4a2f15bf68dcfba1a0fe","timestamp":"2026-08-15 21:39:04"}
{"level":"info","message":"Created client session 689fceb677a50e7f4107c9ec","timestamp":"2026-08-15 21:39:04"}
{"level":"info","message":"Created client session 27b30c3e9654e5824a98353f","timestamp":"2026-08-15 21:39:04"}
{"level":"info","message":"Created client session 780e60bc8cc645db5fcdbd00","timestamp":"2026-08-15 21:39:04"}
{"level":"info","message":"Created client session 85506898d442c1b53d099e1d","timestamp":"2026-08-15 22:11:26"}
{"level":"info","message":"Created client session 65a4090131dd55a90361c7d2","timestamp":"2026-08-15 22:23:29"}
{"level":"info","message":"Created client session 1199f7c517edfbc356fdf71a","timestamp":"2026-08-15 22:49:11"}
{"level":"info","message":"Created client session e543b2a3eebb0f7f3bd12417","timestamp":"2026-08-15 22:59:57"}
{"level":"info","message":"Created client session 261c2f697e6c2ef145f72f97","timestamp":"2026-08-15 23:08:43"}
{"level":"info","message":"Created client session f1863008159b338a18a7c9ea","timestamp":"2026-08-15 23:18:24"}
{"level":"info","message":"Created client session be6cc1a080847a651ec1635a","timestamp":"2026-08-15 23:18:24"}
{"level":"info","message":"Created client session 22a542802b2580f14b46130b","timestamp":"2026-08-15 23:54:22"}
{"level":"info","message":"Shutting down Foundry Virtual Tabletop server","timestamp":"2026-08-15 23:54:54"}
{"level":"info","message":"Running on Node.js - Version 24.19.0","timestamp":"2026-08-15 23:54:55"}
{"level":"info","message":"Foundry Virtual Tabletop - Version 14 Build 365","timestamp":"2026-08-15 23:54:55"}
{"level":"info","message":"User Data Directory - \"/home/foundry/data\"","timestamp":"2026-08-15 23:54:55"}
{"level":"info","message":"Application Options:\n{\n  \"compressStatic\": true,\n  \"fullscreen\": false,\n  \"hostname\": null,\n  \"language\": \"en.core\",\n  \"localHostname\": null,\n  \"port\": 30000,\n  \"proxyPort\": null,\n  \"proxySSL\": false,\n  \"routePrefix\": null,\n  \"updateChannel\": \"stable\",\n  \"upnp\": true,\n  \"awsConfig\": null,\n  \"compressSocket\": true,\n  \"cssTheme\": \"dark\",\n  \"tempDir\": null,\n  \"deleteNEDB\": false,\n  \"hotReload\": false,\n  \"passwordSalt\": null,\n  \"adminPassword\": \"••••••••••••••••\",\n  \"unixSocket\": null,\n  \"sslCert\": null,\n  \"sslKey\": null,\n  \"world\": null,\n  \"serviceConfig\": null,\n  \"telemetry\": false,\n  \"noBackups\": false\n}","timestamp":"2026-08-15 23:54:55"}
{"level":"info","message":"Software license verification succeeded","timestamp":"2026-08-15 23:54:55"}
{"level":"info","message":"Requesting UPnP port forwarding to destination port 30000","timestamp":"2026-08-15 23:54:55"}
{"level":"info","message":"Server started and listening on port 30000","timestamp":"2026-08-15 23:54:57"}
{"level":"info","message":"Created client session cc2c1e4871b08c0a8a51d148","timestamp":"2026-08-15 23:55:20"}
{"level":"info","message":"Administrator authentication successful for session cc2c1e4871b08c0a8a51d148","timestamp":"2026-08-15 23:55:33"}
{"level":"info","message":"Core software stable update 14.366 is available!","timestamp":"2026-08-15 23:55:34"}
{"level":"info","message":"Applied sidegrade metadata updates to module ddb-importer","timestamp":"2026-08-15 23:56:19"}
{"level":"info","message":"Downloading package - 0%","timestamp":"2026-08-15 23:56:19"}
{"level":"info","message":"Downloading package - 1%","timestamp":"2026-08-15 23:56:19"}
{"level":"info","message":"Downloading package - 2%","timestamp":"2026-08-15 23:56:19"}
{"level":"info","message":"Downloading package - 0%","timestamp":"2026-08-15 23:56:19"}
{"level":"info","message":"Downloading package - 1%","timestamp":"2026-08-15 23:56:19"}
{"level":"info","message":"Downloading package - 2%","timestamp":"2026-08-15 23:56:19"}
{"level":"info","message":"Downloading package - 3%","timestamp":"2026-08-15 23:56:19"}
{"level":"info","message":"Downloading package - 4%","timestamp":"2026-08-15 23:56:19"}
{"level":"info","message":"Downloading package - 5%","timestamp":"2026-08-15 23:56:19"}
{"level":"info","message":"Downloading package - 6%","timestamp":"2026-08-15 23:56:19"}
{"level":"info","message":"Downloading package - 7%","timestamp":"2026-08-15 23:56:19"}
{"level":"info","message":"Downloading package - 8%","timestamp":"2026-08-15 23:56:19"}
{"level":"info","message":"Downloading package - 9%","timestamp":"2026-08-15 23:56:19"}
{"level":"info","message":"Downloading package - 10%","timestamp":"2026-08-15 23:56:19"}
{"level":"info","message":"Downloading package - 11%","timestamp":"2026-08-15 23:56:19"}
{"level":"info","message":"Downloading package - 12%","timestamp":"2026-08-15 23:56:19"}
{"level":"info","message":"Downloading package - 13%","timestamp":"2026-08-15 23:56:19"}
{"level":"info","message":"Downloading package - 14%","timestamp":"2026-08-15 23:56:19"}
{"level":"info","message":"Downloading package - 15%","timestamp":"2026-08-15 23:56:19"}
{"level":"info","message":"Downloading package - 3%","timestamp":"2026-08-15 23:56:19"}
{"level":"info","message":"Downloading package - 4%","timestamp":"2026-08-15 23:56:19"}
{"level":"info","message":"Downloading package - 5%","timestamp":"2026-08-15 23:56:19"}
{"level":"info","message":"Downloading package - 6%","timestamp":"2026-08-15 23:56:19"}
{"level":"info","message":"Downloading package - 16%","timestamp":"2026-08-15 23:56:19"}
{"level":"info","message":"Downloading package - 17%","timestamp":"2026-08-15 23:56:19"}
{"level":"info","message":"Downloading package - 18%","timestamp":"2026-08-15 23:56:19"}
{"level":"info","message":"Downloading package - 19%","timestamp":"2026-08-15 23:56:19"}
{"level":"info","message":"Downloading package - 20%","timestamp":"2026-08-15 23:56:19"}
{"level":"info","message":"Downloading package - 21%","timestamp":"2026-08-15 23:56:19"}
{"level":"info","message":"Downloading package - 22%","timestamp":"2026-08-15 23:56:19"}
{"level":"info","message":"Downloading package - 24%","timestamp":"2026-08-15 23:56:19"}
{"level":"info","message":"Downloading package - 26%","timestamp":"2026-08-15 23:56:19"}
{"level":"info","message":"Downloading package - 28%","timestamp":"2026-08-15 23:56:19"}
{"level":"info","message":"Downloading package - 29%","timestamp":"2026-08-15 23:56:19"}
{"level":"info","message":"Downloading package - 31%","timestamp":"2026-08-15 23:56:19"}
{"level":"info","message":"Downloading package - 33%","timestamp":"2026-08-15 23:56:19"}
{"level":"info","message":"Downloading package - 35%","timestamp":"2026-08-15 23:56:19"}
{"level":"info","message":"Downloading package - 37%","timestamp":"2026-08-15 23:56:19"}
{"level":"info","message":"Downloading package - 38%","timestamp":"2026-08-15 23:56:19"}
{"level":"info","message":"Downloading package - 40%","timestamp":"2026-08-15 23:56:19"}
{"level":"info","message":"Downloading package - 7%","timestamp":"2026-08-15 23:56:19"}
{"level":"info","message":"Downloading package - 8%","timestamp":"2026-08-15 23:56:19"}
{"level":"info","message":"Downloading package - 9%","timestamp":"2026-08-15 23:56:19"}
{"level":"info","message":"Downloading package - 10%","timestamp":"2026-08-15 23:56:19"}
{"level":"info","message":"Downloading package - 11%","timestamp":"2026-08-15 23:56:19"}
{"level":"info","message":"Downloading package - 42%","timestamp":"2026-08-15 23:56:19"}
{"level":"info","message":"Downloading package - 44%","timestamp":"2026-08-15 23:56:19"}
{"level":"info","message":"Downloading package - 45%","timestamp":"2026-08-15 23:56:19"}
{"level":"info","message":"Downloading package - 47%","timestamp":"2026-08-15 23:56:19"}
{"level":"info","message":"Downloading package - 49%","timestamp":"2026-08-15 23:56:19"}
{"level":"info","message":"Downloading package - 51%","timestamp":"2026-08-15 23:56:19"}
{"level":"info","message":"Downloading package - 53%","timestamp":"2026-08-15 23:56:19"}
{"level":"info","message":"Downloading package - 54%","timestamp":"2026-08-15 23:56:19"}
{"level":"info","message":"Downloading package - 56%","timestamp":"2026-08-15 23:56:19"}
{"level":"info","message":"Downloading package - 58%","timestamp":"2026-08-15 23:56:19"}
{"level":"info","message":"Downloading package - 60%","timestamp":"2026-08-15 23:56:19"}
{"level":"info","message":"Downloading package - 61%","timestamp":"2026-08-15 23:56:19"}
{"level":"info","message":"Downloading package - 63%","timestamp":"2026-08-15 23:56:19"}
{"level":"info","message":"Downloading package - 64%","timestamp":"2026-08-15 23:56:19"}
{"level":"info","message":"Downloading package - 66%","timestamp":"2026-08-15 23:56:19"}
{"level":"info","message":"Downloading package - 68%","timestamp":"2026-08-15 23:56:19"}
{"level":"info","message":"Downloading package - 69%","timestamp":"2026-08-15 23:56:19"}
{"level":"info","message":"Downloading package - 71%","timestamp":"2026-08-15 23:56:19"}
{"level":"info","message":"Downloading package - 73%","timestamp":"2026-08-15 23:56:19"}
{"level":"info","message":"Downloading package - 75%","timestamp":"2026-08-15 23:56:19"}
{"level":"info","message":"Downloading package - 77%","timestamp":"2026-08-15 23:56:19"}
{"level":"info","message":"Downloading package - 78%","timestamp":"2026-08-15 23:56:19"}
{"level":"info","message":"Downloading package - 80%","timestamp":"2026-08-15 23:56:19"}
{"level":"info","message":"Downloading package - 82%","timestamp":"2026-08-15 23:56:19"}
{"level":"info","message":"Downloading package - 84%","timestamp":"2026-08-15 23:56:19"}
{"level":"info","message":"Downloading package - 86%","timestamp":"2026-08-15 23:56:19"}
{"level":"info","message":"Downloading package - 87%","timestamp":"2026-08-15 23:56:19"}
{"level":"info","message":"Downloading package - 89%","timestamp":"2026-08-15 23:56:19"}
{"level":"info","message":"Downloading package - 91%","timestamp":"2026-08-15 23:56:19"}
{"level":"info","message":"Downloading package - 93%","timestamp":"2026-08-15 23:56:19"}
{"level":"info","message":"Downloading package - 98%","timestamp":"2026-08-15 23:56:19"}
{"level":"info","message":"Downloading package - 100%","timestamp":"2026-08-15 23:56:19"}
{"level":"info","message":"Downloading package - 12%","timestamp":"2026-08-15 23:56:19"}
{"level":"info","message":"Downloading package - 13%","timestamp":"2026-08-15 23:56:19"}
{"level":"info","message":"Downloading package - 14%","timestamp":"2026-08-15 23:56:19"}
{"level":"info","message":"Downloading package - 15%","timestamp":"2026-08-15 23:56:19"}
{"level":"info","message":"Downloading package - 16%","timestamp":"2026-08-15 23:56:19"}
{"level":"info","message":"Downloading package - 17%","timestamp":"2026-08-15 23:56:19"}
{"level":"info","message":"Downloading package - 18%","timestamp":"2026-08-15 23:56:19"}
{"level":"info","message":"Downloading package - 19%","timestamp":"2026-08-15 23:56:19"}
{"level":"info","message":"Downloading package - 20%","timestamp":"2026-08-15 23:56:19"}
{"level":"info","message":"Downloading package - 21%","timestamp":"2026-08-15 23:56:19"}
{"level":"info","message":"Downloading package - 22%","timestamp":"2026-08-15 23:56:19"}
{"level":"info","message":"Downloading package - 23%","timestamp":"2026-08-15 23:56:19"}
{"level":"info","message":"Downloading package - 24%","timestamp":"2026-08-15 23:56:19"}
{"level":"info","message":"Downloading package - 25%","timestamp":"2026-08-15 23:56:19"}
{"level":"info","message":"Downloading package - 26%","timestamp":"2026-08-15 23:56:19"}
{"level":"info","message":"Downloading package - 27%","timestamp":"2026-08-15 23:56:19"}
{"level":"info","message":"Downloading package - 28%","timestamp":"2026-08-15 23:56:19"}
{"level":"info","message":"Downloading package - 29%","timestamp":"2026-08-15 23:56:19"}
{"level":"info","message":"Downloading package - 30%","timestamp":"2026-08-15 23:56:19"}
{"level":"info","message":"Downloading package - 31%","timestamp":"2026-08-15 23:56:19"}
{"level":"info","message":"Downloading package - 32%","timestamp":"2026-08-15 23:56:19"}
{"level":"info","message":"Downloading package - 33%","timestamp":"2026-08-15 23:56:19"}
{"level":"info","message":"Downloading package - 34%","timestamp":"2026-08-15 23:56:19"}
{"level":"info","message":"Downloading package - 35%","timestamp":"2026-08-15 23:56:19"}
{"level":"info","message":"Downloading package - 36%","timestamp":"2026-08-15 23:56:19"}
{"level":"info","message":"Downloading package - 37%","timestamp":"2026-08-15 23:56:19"}
{"level":"info","message":"Downloading package - 38%","timestamp":"2026-08-15 23:56:19"}
{"level":"info","message":"Downloading package - 39%","timestamp":"2026-08-15 23:56:19"}
{"level":"info","message":"Downloading package - 40%","timestamp":"2026-08-15 23:56:19"}
{"level":"info","message":"Downloading package - 41%","timestamp":"2026-08-15 23:56:19"}
{"level":"info","message":"Downloading package - 42%","timestamp":"2026-08-15 23:56:19"}
{"level":"info","message":"Downloading package - 43%","timestamp":"2026-08-15 23:56:19"}
{"level":"info","message":"Downloading package - 44%","timestamp":"2026-08-15 23:56:19"}
{"level":"info","message":"Downloading package - 45%","timestamp":"2026-08-15 23:56:19"}
{"level":"info","message":"Downloading package - 46%","timestamp":"2026-08-15 23:56:19"}
{"level":"info","message":"Downloading package - 47%","timestamp":"2026-08-15 23:56:19"}
{"level":"info","message":"Downloading package - 48%","timestamp":"2026-08-15 23:56:19"}
{"level":"info","message":"Downloading package - 49%","timestamp":"2026-08-15 23:56:19"}
{"level":"info","message":"Downloading package - 50%","timestamp":"2026-08-15 23:56:19"}
{"level":"info","message":"Downloading package - 51%","timestamp":"2026-08-15 23:56:19"}
{"level":"info","message":"Downloading package - 52%","timestamp":"2026-08-15 23:56:19"}
{"level":"info","message":"Downloading package - 53%","timestamp":"2026-08-15 23:56:19"}
{"level":"info","message":"Downloading package - 54%","timestamp":"2026-08-15 23:56:19"}
{"level":"info","message":"Downloading package - 55%","timestamp":"2026-08-15 23:56:19"}
{"level":"info","message":"Downloading package - 56%","timestamp":"2026-08-15 23:56:19"}
{"level":"info","message":"Downloading package - 57%","timestamp":"2026-08-15 23:56:19"}
{"level":"info","message":"Downloading package - 58%","timestamp":"2026-08-15 23:56:19"}
{"level":"info","message":"Downloading package - 59%","timestamp":"2026-08-15 23:56:19"}
{"level":"info","message":"Downloading package - 60%","timestamp":"2026-08-15 23:56:19"}
{"level":"info","message":"Downloading package - 61%","timestamp":"2026-08-15 23:56:19"}
{"level":"info","message":"Downloading package - 62%","timestamp":"2026-08-15 23:56:19"}
{"level":"info","message":"Downloading package - 63%","timestamp":"2026-08-15 23:56:19"}
{"level":"info","message":"Downloading package - 64%","timestamp":"2026-08-15 23:56:19"}
{"level":"info","message":"Downloading package - 65%","timestamp":"2026-08-15 23:56:19"}
{"level":"info","message":"Downloading package - 66%","timestamp":"2026-08-15 23:56:19"}
{"level":"info","message":"Downloading package - 67%","timestamp":"2026-08-15 23:56:19"}
{"level":"info","message":"Downloading package - 68%","timestamp":"2026-08-15 23:56:19"}
{"level":"info","message":"Downloading package - 69%","timestamp":"2026-08-15 23:56:19"}
{"level":"info","message":"Downloading package - 70%","timestamp":"2026-08-15 23:56:19"}
{"level":"info","message":"Downloading package - 71%","timestamp":"2026-08-15 23:56:19"}
{"level":"info","message":"Downloading package - 72%","timestamp":"2026-08-15 23:56:19"}
{"level":"info","message":"Downloading package - 73%","timestamp":"2026-08-15 23:56:19"}
{"level":"info","message":"Downloading package - 74%","timestamp":"2026-08-15 23:56:19"}
{"level":"info","message":"Downloading package - 75%","timestamp":"2026-08-15 23:56:19"}
{"level":"info","message":"Downloading package - 76%","timestamp":"2026-08-15 23:56:19"}
{"level":"info","message":"Downloading package - 77%","timestamp":"2026-08-15 23:56:19"}
{"level":"info","message":"Downloading package - 78%","timestamp":"2026-08-15 23:56:19"}
{"level":"info","message":"Downloading package - 79%","timestamp":"2026-08-15 23:56:19"}
{"level":"info","message":"Downloading package - 80%","timestamp":"2026-08-15 23:56:19"}
{"level":"info","message":"Downloading package - 81%","timestamp":"2026-08-15 23:56:19"}
{"level":"info","message":"Downloading package - 82%","timestamp":"2026-08-15 23:56:19"}
{"level":"info","message":"Downloading package - 83%","timestamp":"2026-08-15 23:56:19"}
{"level":"info","message":"Downloading package - 84%","timestamp":"2026-08-15 23:56:19"}
{"level":"info","message":"Downloading package - 85%","timestamp":"2026-08-15 23:56:19"}
{"level":"info","message":"Downloading package - 86%","timestamp":"2026-08-15 23:56:19"}
{"level":"info","message":"Downloading package - 87%","timestamp":"2026-08-15 23:56:19"}
{"level":"info","message":"Downloading package - 88%","timestamp":"2026-08-15 23:56:19"}
{"level":"info","message":"Downloading package - 89%","timestamp":"2026-08-15 23:56:19"}
{"level":"info","message":"Downloading package - 90%","timestamp":"2026-08-15 23:56:19"}
{"level":"info","message":"Downloading package - 91%","timestamp":"2026-08-15 23:56:19"}
{"level":"info","message":"Downloading package - 92%","timestamp":"2026-08-15 23:56:19"}
{"level":"info","message":"Downloading package - 93%","timestamp":"2026-08-15 23:56:19"}
{"level":"info","message":"Downloading package - 94%","timestamp":"2026-08-15 23:56:19"}
{"level":"info","message":"Downloading package - 95%","timestamp":"2026-08-15 23:56:19"}
{"level":"info","message":"Downloading package - 96%","timestamp":"2026-08-15 23:56:19"}
{"level":"info","message":"Downloading package - 97%","timestamp":"2026-08-15 23:56:19"}
{"level":"info","message":"Downloading package - 98%","timestamp":"2026-08-15 23:56:19"}
{"level":"info","message":"Downloading package - 99%","timestamp":"2026-08-15 23:56:19"}
{"level":"info","message":"Downloading package - 100%","timestamp":"2026-08-15 23:56:19"}
{"level":"info","message":"Installing package - 2%","timestamp":"2026-08-15 23:56:19"}
{"level":"info","message":"Installing package - 3%","timestamp":"2026-08-15 23:56:19"}
{"level":"info","message":"Installing package - 5%","timestamp":"2026-08-15 23:56:19"}
{"level":"info","message":"Installing package - 6%","timestamp":"2026-08-15 23:56:19"}
{"level":"info","message":"Installing package - 8%","timestamp":"2026-08-15 23:56:19"}
{"level":"info","message":"Installing package - 9%","timestamp":"2026-08-15 23:56:19"}
{"level":"info","message":"Installing package - 11%","timestamp":"2026-08-15 23:56:19"}
{"level":"info","message":"Installing package - 13%","timestamp":"2026-08-15 23:56:19"}
{"level":"info","message":"Installing package - 14%","timestamp":"2026-08-15 23:56:19"}
{"level":"info","message":"Installing package - 16%","timestamp":"2026-08-15 23:56:19"}
{"level":"info","message":"Installing package - 17%","timestamp":"2026-08-15 23:56:19"}
{"level":"info","message":"Installing package - 19%","timestamp":"2026-08-15 23:56:19"}
{"level":"info","message":"Installing package - 20%","timestamp":"2026-08-15 23:56:19"}
{"level":"info","message":"Installing package - 22%","timestamp":"2026-08-15 23:56:19"}
{"level":"info","message":"Installing package - 23%","timestamp":"2026-08-15 23:56:19"}
{"level":"info","message":"Installing package - 25%","timestamp":"2026-08-15 23:56:19"}
{"level":"info","message":"Installing package - 27%","timestamp":"2026-08-15 23:56:19"}
{"level":"info","message":"Installing package - 28%","timestamp":"2026-08-15 23:56:19"}
{"level":"info","message":"Installing package - 30%","timestamp":"2026-08-15 23:56:19"}
{"level":"info","message":"Installing package - 31%","timestamp":"2026-08-15 23:56:19"}
{"level":"info","message":"Installing package - 33%","timestamp":"2026-08-15 23:56:19"}
{"level":"info","message":"Installing package - 34%","timestamp":"2026-08-15 23:56:19"}
{"level":"info","message":"Installing package - 36%","timestamp":"2026-08-15 23:56:19"}
{"level":"info","message":"Installing package - 38%","timestamp":"2026-08-15 23:56:19"}
{"level":"info","message":"Installing package - 39%","timestamp":"2026-08-15 23:56:19"}
{"level":"info","message":"Installing package - 41%","timestamp":"2026-08-15 23:56:19"}
{"level":"info","message":"Installing package - 42%","timestamp":"2026-08-15 23:56:19"}
{"level":"info","message":"Installing package - 44%","timestamp":"2026-08-15 23:56:19"}
{"level":"info","message":"Installing package - 45%","timestamp":"2026-08-15 23:56:19"}
{"level":"info","message":"Installing package - 47%","timestamp":"2026-08-15 23:56:19"}
{"level":"info","message":"Installing package - 48%","timestamp":"2026-08-15 23:56:19"}
{"level":"info","message":"Installing package - 50%","timestamp":"2026-08-15 23:56:19"}
{"level":"info","message":"Installing package - 52%","timestamp":"2026-08-15 23:56:19"}
{"level":"info","message":"Installing package - 53%","timestamp":"2026-08-15 23:56:19"}
{"level":"info","message":"Installing package - 55%","timestamp":"2026-08-15 23:56:19"}
{"level":"info","message":"Installing package - 56%","timestamp":"2026-08-15 23:56:19"}
{"level":"info","message":"Installing package - 58%","timestamp":"2026-08-15 23:56:19"}
{"level":"info","message":"Installing package - 59%","timestamp":"2026-08-15 23:56:19"}
{"level":"info","message":"Installing package - 61%","timestamp":"2026-08-15 23:56:19"}
{"level":"info","message":"Installing package - 63%","timestamp":"2026-08-15 23:56:19"}
{"level":"info","message":"Installing package - 64%","timestamp":"2026-08-15 23:56:19"}
{"level":"info","message":"Installing package - 66%","timestamp":"2026-08-15 23:56:19"}
{"level":"info","message":"Installing package - 67%","timestamp":"2026-08-15 23:56:19"}
{"level":"info","message":"Installing package - 69%","timestamp":"2026-08-15 23:56:19"}
{"level":"info","message":"Installing package - 70%","timestamp":"2026-08-15 23:56:19"}
{"level":"info","message":"Installing package - 72%","timestamp":"2026-08-15 23:56:19"}
{"level":"info","message":"Installing package - 73%","timestamp":"2026-08-15 23:56:19"}
{"level":"info","message":"Installing package - 75%","timestamp":"2026-08-15 23:56:19"}
{"level":"info","message":"Installing package - 77%","timestamp":"2026-08-15 23:56:19"}
{"level":"info","message":"Installing package - 78%","timestamp":"2026-08-15 23:56:19"}
{"level":"info","message":"Installing package - 80%","timestamp":"2026-08-15 23:56:19"}
{"level":"info","message":"Installing package - 81%","timestamp":"2026-08-15 23:56:19"}
{"level":"info","message":"Installing package - 83%","timestamp":"2026-08-15 23:56:19"}
{"level":"info","message":"Installing package - 84%","timestamp":"2026-08-15 23:56:19"}
{"level":"info","message":"Installing package - 86%","timestamp":"2026-08-15 23:56:19"}
{"level":"info","message":"Installing package - 88%","timestamp":"2026-08-15 23:56:19"}
{"level":"info","message":"Installing package - 89%","timestamp":"2026-08-15 23:56:19"}
{"level":"info","message":"Installing package - 91%","timestamp":"2026-08-15 23:56:19"}
{"level":"info","message":"Installing package - 92%","timestamp":"2026-08-15 23:56:19"}
{"level":"info","message":"Installing package - 94%","timestamp":"2026-08-15 23:56:19"}
{"level":"info","message":"Installing package - 95%","timestamp":"2026-08-15 23:56:19"}
{"level":"info","message":"Installing package - 97%","timestamp":"2026-08-15 23:56:19"}
{"level":"info","message":"Installing package - 98%","timestamp":"2026-08-15 23:56:19"}
{"level":"info","message":"Installing package - 100%","timestamp":"2026-08-15 23:56:19"}
{"level":"info","message":"Installed module dae","timestamp":"2026-08-15 23:56:19"}
{"level":"info","message":"complete - 100%","timestamp":"2026-08-15 23:56:19"}
{"level":"info","message":"Installing package - 0%","timestamp":"2026-08-15 23:56:19"}
{"level":"info","message":"Installing package - 1%","timestamp":"2026-08-15 23:56:19"}
{"level":"info","message":"Installing package - 2%","timestamp":"2026-08-15 23:56:19"}
{"level":"info","message":"Installing package - 3%","timestamp":"2026-08-15 23:56:19"}
{"level":"info","message":"Installing package - 4%","timestamp":"2026-08-15 23:56:19"}
{"level":"info","message":"Installing package - 5%","timestamp":"2026-08-15 23:56:19"}
{"level":"info","message":"Installing package - 6%","timestamp":"2026-08-15 23:56:19"}
{"level":"info","message":"Installing package - 7%","timestamp":"2026-08-15 23:56:19"}
{"level":"info","message":"Installing package - 8%","timestamp":"2026-08-15 23:56:19"}
{"level":"info","message":"Installing package - 9%","timestamp":"2026-08-15 23:56:19"}
{"level":"info","message":"Installing package - 10%","timestamp":"2026-08-15 23:56:19"}
{"level":"info","message":"Installing package - 11%","timestamp":"2026-08-15 23:56:19"}
{"level":"info","message":"Installing package - 12%","timestamp":"2026-08-15 23:56:19"}
{"level":"info","message":"Installing package - 13%","timestamp":"2026-08-15 23:56:19"}
{"level":"info","message":"Installing package - 14%","timestamp":"2026-08-15 23:56:19"}
{"level":"info","message":"Installing package - 15%","timestamp":"2026-08-15 23:56:19"}
{"level":"info","message":"Installing package - 16%","timestamp":"2026-08-15 23:56:19"}
{"level":"info","message":"Installing package - 17%","timestamp":"2026-08-15 23:56:19"}
{"level":"info","message":"Installing package - 18%","timestamp":"2026-08-15 23:56:19"}
{"level":"info","message":"Installing package - 19%","timestamp":"2026-08-15 23:56:19"}
{"level":"info","message":"Installing package - 20%","timestamp":"2026-08-15 23:56:19"}
{"level":"info","message":"Installing package - 21%","timestamp":"2026-08-15 23:56:19"}
{"level":"info","message":"Installing package - 22%","timestamp":"2026-08-15 23:56:19"}
{"level":"info","message":"Installing package - 23%","timestamp":"2026-08-15 23:56:19"}
{"level":"info","message":"Installing package - 24%","timestamp":"2026-08-15 23:56:19"}
{"level":"info","message":"Installing package - 25%","timestamp":"2026-08-15 23:56:19"}
{"level":"info","message":"Installing package - 26%","timestamp":"2026-08-15 23:56:19"}
{"level":"info","message":"Installing package - 27%","timestamp":"2026-08-15 23:56:19"}
{"level":"info","message":"Installing package - 28%","timestamp":"2026-08-15 23:56:19"}
{"level":"info","message":"Installing package - 29%","timestamp":"2026-08-15 23:56:19"}
{"level":"info","message":"Installing package - 30%","timestamp":"2026-08-15 23:56:19"}
{"level":"info","message":"Installing package - 31%","timestamp":"2026-08-15 23:56:19"}
{"level":"info","message":"Installing package - 32%","timestamp":"2026-08-15 23:56:19"}
{"level":"info","message":"Installing package - 33%","timestamp":"2026-08-15 23:56:19"}
{"level":"info","message":"Installing package - 34%","timestamp":"2026-08-15 23:56:19"}
{"level":"info","message":"Installing package - 35%","timestamp":"2026-08-15 23:56:19"}
{"level":"info","message":"Installing package - 36%","timestamp":"2026-08-15 23:56:19"}
{"level":"info","message":"Installing package - 37%","timestamp":"2026-08-15 23:56:19"}
{"level":"info","message":"Installing package - 38%","timestamp":"2026-08-15 23:56:19"}
{"level":"info","message":"Installing package - 39%","timestamp":"2026-08-15 23:56:19"}
{"level":"info","message":"Installing package - 40%","timestamp":"2026-08-15 23:56:19"}
{"level":"info","message":"Installing package - 41%","timestamp":"2026-08-15 23:56:19"}
{"level":"info","message":"Installing package - 42%","timestamp":"2026-08-15 23:56:19"}
{"level":"info","message":"Installing package - 43%","timestamp":"2026-08-15 23:56:19"}
{"level":"info","message":"Installing package - 44%","timestamp":"2026-08-15 23:56:19"}
{"level":"info","message":"Installing package - 45%","timestamp":"2026-08-15 23:56:19"}
{"level":"info","message":"Installing package - 46%","timestamp":"2026-08-15 23:56:19"}
{"level":"info","message":"Installing package - 47%","timestamp":"2026-08-15 23:56:19"}
{"level":"info","message":"Installing package - 48%","timestamp":"2026-08-15 23:56:19"}
{"level":"info","message":"Installing package - 49%","timestamp":"2026-08-15 23:56:19"}
{"level":"info","message":"Installing package - 50%","timestamp":"2026-08-15 23:56:19"}
{"level":"info","message":"Installing package - 51%","timestamp":"2026-08-15 23:56:19"}
{"level":"info","message":"Installing package - 52%","timestamp":"2026-08-15 23:56:19"}
{"level":"info","message":"Installing package - 53%","timestamp":"2026-08-15 23:56:19"}
{"level":"info","message":"Installing package - 54%","timestamp":"2026-08-15 23:56:19"}
{"level":"info","message":"Installing package - 55%","timestamp":"2026-08-15 23:56:19"}
{"level":"info","message":"Installing package - 56%","timestamp":"2026-08-15 23:56:19"}
{"level":"info","message":"Installing package - 57%","timestamp":"2026-08-15 23:56:19"}
{"level":"info","message":"Installing package - 58%","timestamp":"2026-08-15 23:56:19"}
{"level":"info","message":"Installing package - 59%","timestamp":"2026-08-15 23:56:19"}
{"level":"info","message":"Installing package - 60%","timestamp":"2026-08-15 23:56:19"}
{"level":"info","message":"Installing package - 61%","timestamp":"2026-08-15 23:56:19"}
{"level":"info","message":"Installing package - 62%","timestamp":"2026-08-15 23:56:19"}
{"level":"info","message":"Installing package - 63%","timestamp":"2026-08-15 23:56:19"}
{"level":"info","message":"Installing package - 64%","timestamp":"2026-08-15 23:56:19"}
{"level":"info","message":"Installing package - 65%","timestamp":"2026-08-15 23:56:19"}
{"level":"info","message":"Installing package - 66%","timestamp":"2026-08-15 23:56:19"}
{"level":"info","message":"Installing package - 67%","timestamp":"2026-08-15 23:56:19"}
{"level":"info","message":"Installing package - 68%","timestamp":"2026-08-15 23:56:19"}
{"level":"info","message":"Installing package - 69%","timestamp":"2026-08-15 23:56:19"}
{"level":"info","message":"Installing package - 70%","timestamp":"2026-08-15 23:56:19"}
{"level":"info","message":"Installing package - 71%","timestamp":"2026-08-15 23:56:19"}
{"level":"info","message":"Installing package - 72%","timestamp":"2026-08-15 23:56:19"}
{"level":"info","message":"Installing package - 73%","timestamp":"2026-08-15 23:56:19"}
{"level":"info","message":"Installing package - 74%","timestamp":"2026-08-15 23:56:19"}
{"level":"info","message":"Installing package - 75%","timestamp":"2026-08-15 23:56:19"}
{"level":"info","message":"Installing package - 76%","timestamp":"2026-08-15 23:56:19"}
{"level":"info","message":"Installing package - 77%","timestamp":"2026-08-15 23:56:19"}
{"level":"info","message":"Installing package - 78%","timestamp":"2026-08-15 23:56:19"}
{"level":"info","message":"Installing package - 79%","timestamp":"2026-08-15 23:56:19"}
{"level":"info","message":"Installing package - 80%","timestamp":"2026-08-15 23:56:19"}
{"level":"info","message":"Installing package - 81%","timestamp":"2026-08-15 23:56:19"}
{"level":"info","message":"Installing package - 82%","timestamp":"2026-08-15 23:56:19"}
{"level":"info","message":"Installing package - 83%","timestamp":"2026-08-15 23:56:19"}
{"level":"info","message":"Installing package - 84%","timestamp":"2026-08-15 23:56:19"}
{"level":"info","message":"Installing package - 85%","timestamp":"2026-08-15 23:56:19"}
{"level":"info","message":"Installing package - 86%","timestamp":"2026-08-15 23:56:19"}
{"level":"info","message":"Installing package - 87%","timestamp":"2026-08-15 23:56:19"}
{"level":"info","message":"Installing package - 88%","timestamp":"2026-08-15 23:56:19"}
{"level":"info","message":"Installing package - 89%","timestamp":"2026-08-15 23:56:19"}
{"level":"info","message":"Installing package - 90%","timestamp":"2026-08-15 23:56:19"}
{"level":"info","message":"Installing package - 91%","timestamp":"2026-08-15 23:56:19"}
{"level":"info","message":"Installing package - 92%","timestamp":"2026-08-15 23:56:19"}
{"level":"info","message":"Installing package - 93%","timestamp":"2026-08-15 23:56:19"}
{"level":"info","message":"Installing package - 94%","timestamp":"2026-08-15 23:56:19"}
{"level":"info","message":"Installing package - 95%","timestamp":"2026-08-15 23:56:19"}
{"level":"info","message":"Installing package - 96%","timestamp":"2026-08-15 23:56:19"}
{"level":"info","message":"Installing package - 97%","timestamp":"2026-08-15 23:56:19"}
{"level":"info","message":"Installing package - 98%","timestamp":"2026-08-15 23:56:19"}
{"level":"info","message":"Installing package - 99%","timestamp":"2026-08-15 23:56:19"}
{"level":"info","message":"Installing package - 100%","timestamp":"2026-08-15 23:56:19"}
{"level":"info","message":"Installed module ddb-importer","timestamp":"2026-08-15 23:56:19"}
{"level":"info","message":"complete - 100%","timestamp":"2026-08-15 23:56:19"}
{"level":"info","message":"Downloading package - 13%","timestamp":"2026-08-15 23:56:19"}
{"level":"info","message":"Downloading package - 26%","timestamp":"2026-08-15 23:56:19"}
{"level":"info","message":"Downloading package - 40%","timestamp":"2026-08-15 23:56:19"}
{"level":"info","message":"Downloading package - 51%","timestamp":"2026-08-15 23:56:19"}
{"level":"info","message":"Downloading package - 64%","timestamp":"2026-08-15 23:56:19"}
{"level":"info","message":"Downloading package - 77%","timestamp":"2026-08-15 23:56:19"}
{"level":"info","message":"Downloading package - 90%","timestamp":"2026-08-15 23:56:19"}
{"level":"info","message":"Downloading package - 100%","timestamp":"2026-08-15 23:56:19"}
{"level":"info","message":"Installing package - 3%","timestamp":"2026-08-15 23:56:19"}
{"level":"info","message":"Installing package - 6%","timestamp":"2026-08-15 23:56:19"}
{"level":"info","message":"Installing package - 9%","timestamp":"2026-08-15 23:56:19"}
{"level":"info","message":"Installing package - 13%","timestamp":"2026-08-15 23:56:19"}
{"level":"info","message":"Installing package - 16%","timestamp":"2026-08-15 23:56:19"}
{"level":"info","message":"Installing package - 19%","timestamp":"2026-08-15 23:56:19"}
{"level":"info","message":"Installing package - 22%","timestamp":"2026-08-15 23:56:19"}
{"level":"info","message":"Installing package - 25%","timestamp":"2026-08-15 23:56:19"}
{"level":"info","message":"Installing package - 28%","timestamp":"2026-08-15 23:56:19"}
{"level":"info","message":"Installing package - 31%","timestamp":"2026-08-15 23:56:19"}
{"level":"info","message":"Installing package - 34%","timestamp":"2026-08-15 23:56:19"}
{"level":"info","message":"Installing package - 38%","timestamp":"2026-08-15 23:56:19"}
{"level":"info","message":"Installing package - 41%","timestamp":"2026-08-15 23:56:19"}
{"level":"info","message":"Installing package - 44%","timestamp":"2026-08-15 23:56:19"}
{"level":"info","message":"Installing package - 47%","timestamp":"2026-08-15 23:56:19"}
{"level":"info","message":"Installing package - 50%","timestamp":"2026-08-15 23:56:19"}
{"level":"info","message":"Installing package - 53%","timestamp":"2026-08-15 23:56:19"}
{"level":"info","message":"Installing package - 56%","timestamp":"2026-08-15 23:56:19"}
{"level":"info","message":"Installing package - 59%","timestamp":"2026-08-15 23:56:19"}
{"level":"info","message":"Installing package - 63%","timestamp":"2026-08-15 23:56:19"}
{"level":"info","message":"Installing package - 66%","timestamp":"2026-08-15 23:56:19"}
{"level":"info","message":"Installing package - 69%","timestamp":"2026-08-15 23:56:19"}
{"level":"info","message":"Installing package - 72%","timestamp":"2026-08-15 23:56:19"}
{"level":"info","message":"Installing package - 75%","timestamp":"2026-08-15 23:56:19"}
{"level":"info","message":"Installing package - 78%","timestamp":"2026-08-15 23:56:19"}
{"level":"info","message":"Installing package - 81%","timestamp":"2026-08-15 23:56:19"}
{"level":"info","message":"Installing package - 84%","timestamp":"2026-08-15 23:56:19"}
{"level":"info","message":"Installing package - 88%","timestamp":"2026-08-15 23:56:19"}
{"level":"info","message":"Installing package - 91%","timestamp":"2026-08-15 23:56:19"}
{"level":"info","message":"Installing package - 94%","timestamp":"2026-08-15 23:56:19"}
{"level":"info","message":"Installing package - 97%","timestamp":"2026-08-15 23:56:19"}
{"level":"info","message":"Installing package - 100%","timestamp":"2026-08-15 23:56:19"}
{"level":"info","message":"Installed module dice-calculator","timestamp":"2026-08-15 23:56:19"}
{"level":"info","message":"complete - 100%","timestamp":"2026-08-15 23:56:19"}
{"level":"info","message":"Downloading package - 0%","timestamp":"2026-08-15 23:56:19"}
{"level":"info","message":"Downloading package - 1%","timestamp":"2026-08-15 23:56:19"}
{"level":"info","message":"Downloading package - 2%","timestamp":"2026-08-15 23:56:19"}
{"level":"info","message":"Downloading package - 3%","timestamp":"2026-08-15 23:56:19"}
{"level":"info","message":"Downloading package - 4%","timestamp":"2026-08-15 23:56:20"}
{"level":"info","message":"Downloading package - 5%","timestamp":"2026-08-15 23:56:20"}
{"level":"info","message":"Downloading package - 6%","timestamp":"2026-08-15 23:56:20"}
{"level":"info","message":"Downloading package - 7%","timestamp":"2026-08-15 23:56:20"}
{"level":"info","message":"Downloading package - 8%","timestamp":"2026-08-15 23:56:20"}
{"level":"info","message":"Downloading package - 9%","timestamp":"2026-08-15 23:56:20"}
{"level":"info","message":"Downloading package - 10%","timestamp":"2026-08-15 23:56:20"}
{"level":"info","message":"Downloading package - 11%","timestamp":"2026-08-15 23:56:20"}
{"level":"info","message":"Downloading package - 12%","timestamp":"2026-08-15 23:56:20"}
{"level":"info","message":"Downloading package - 13%","timestamp":"2026-08-15 23:56:20"}
{"level":"info","message":"Downloading package - 14%","timestamp":"2026-08-15 23:56:20"}
{"level":"info","message":"Downloading package - 15%","timestamp":"2026-08-15 23:56:20"}
{"level":"info","message":"Downloading package - 16%","timestamp":"2026-08-15 23:56:20"}
{"level":"info","message":"Downloading package - 17%","timestamp":"2026-08-15 23:56:20"}
{"level":"info","message":"Downloading package - 18%","timestamp":"2026-08-15 23:56:20"}
{"level":"info","message":"Downloading package - 19%","timestamp":"2026-08-15 23:56:20"}
{"level":"info","message":"Downloading package - 20%","timestamp":"2026-08-15 23:56:20"}
{"level":"info","message":"Downloading package - 21%","timestamp":"2026-08-15 23:56:20"}
{"level":"info","message":"Downloading package - 22%","timestamp":"2026-08-15 23:56:20"}
{"level":"info","message":"Downloading package - 23%","timestamp":"2026-08-15 23:56:20"}
{"level":"info","message":"Downloading package - 24%","timestamp":"2026-08-15 23:56:20"}
{"level":"info","message":"Downloading package - 25%","timestamp":"2026-08-15 23:56:20"}
{"level":"info","message":"Downloading package - 26%","timestamp":"2026-08-15 23:56:20"}
{"level":"info","message":"Downloading package - 27%","timestamp":"2026-08-15 23:56:20"}
{"level":"info","message":"Downloading package - 28%","timestamp":"2026-08-15 23:56:20"}
{"level":"info","message":"Downloading package - 29%","timestamp":"2026-08-15 23:56:20"}
{"level":"info","message":"Downloading package - 30%","timestamp":"2026-08-15 23:56:20"}
{"level":"info","message":"Downloading package - 31%","timestamp":"2026-08-15 23:56:20"}
{"level":"info","message":"Downloading package - 32%","timestamp":"2026-08-15 23:56:20"}
{"level":"info","message":"Downloading package - 33%","timestamp":"2026-08-15 23:56:20"}
{"level":"info","message":"Downloading package - 34%","timestamp":"2026-08-15 23:56:20"}
{"level":"info","message":"Downloading package - 35%","timestamp":"2026-08-15 23:56:20"}
{"level":"info","message":"Downloading package - 36%","timestamp":"2026-08-15 23:56:20"}
{"level":"info","message":"Downloading package - 37%","timestamp":"2026-08-15 23:56:20"}
{"level":"info","message":"Downloading package - 38%","timestamp":"2026-08-15 23:56:20"}
{"level":"info","message":"Downloading package - 39%","timestamp":"2026-08-15 23:56:20"}
{"level":"info","message":"Downloading package - 40%","timestamp":"2026-08-15 23:56:20"}
{"level":"info","message":"Downloading package - 41%","timestamp":"2026-08-15 23:56:20"}
{"level":"info","message":"Downloading package - 42%","timestamp":"2026-08-15 23:56:20"}
{"level":"info","message":"Downloading package - 43%","timestamp":"2026-08-15 23:56:20"}
{"level":"info","message":"Downloading package - 44%","timestamp":"2026-08-15 23:56:20"}
{"level":"info","message":"Downloading package - 45%","timestamp":"2026-08-15 23:56:20"}
{"level":"info","message":"Downloading package - 46%","timestamp":"2026-08-15 23:56:20"}
{"level":"info","message":"Downloading package - 47%","timestamp":"2026-08-15 23:56:20"}
{"level":"info","message":"Downloading package - 48%","timestamp":"2026-08-15 23:56:20"}
{"level":"info","message":"Downloading package - 49%","timestamp":"2026-08-15 23:56:20"}
{"level":"info","message":"Downloading package - 50%","timestamp":"2026-08-15 23:56:20"}
{"level":"info","message":"Downloading package - 51%","timestamp":"2026-08-15 23:56:20"}
{"level":"info","message":"Downloading package - 52%","timestamp":"2026-08-15 23:56:20"}
{"level":"info","message":"Downloading package - 53%","timestamp":"2026-08-15 23:56:20"}
{"level":"info","message":"Downloading package - 54%","timestamp":"2026-08-15 23:56:20"}
{"level":"info","message":"Downloading package - 55%","timestamp":"2026-08-15 23:56:20"}
{"level":"info","message":"Downloading package - 56%","timestamp":"2026-08-15 23:56:20"}
{"level":"info","message":"Downloading package - 57%","timestamp":"2026-08-15 23:56:20"}
{"level":"info","message":"Downloading package - 58%","timestamp":"2026-08-15 23:56:20"}
{"level":"info","message":"Downloading package - 59%","timestamp":"2026-08-15 23:56:20"}
{"level":"info","message":"Downloading package - 60%","timestamp":"2026-08-15 23:56:20"}
{"level":"info","message":"Downloading package - 61%","timestamp":"2026-08-15 23:56:20"}
{"level":"info","message":"Downloading package - 62%","timestamp":"2026-08-15 23:56:20"}
{"level":"info","message":"Downloading package - 63%","timestamp":"2026-08-15 23:56:20"}
{"level":"info","message":"Downloading package - 64%","timestamp":"2026-08-15 23:56:20"}
{"level":"info","message":"Downloading package - 65%","timestamp":"2026-08-15 23:56:20"}
{"level":"info","message":"Downloading package - 66%","timestamp":"2026-08-15 23:56:20"}
{"level":"info","message":"Downloading package - 67%","timestamp":"2026-08-15 23:56:20"}
{"level":"info","message":"Downloading package - 68%","timestamp":"2026-08-15 23:56:20"}
{"level":"info","message":"Downloading package - 69%","timestamp":"2026-08-15 23:56:20"}
{"level":"info","message":"Downloading package - 70%","timestamp":"2026-08-15 23:56:20"}
{"level":"info","message":"Downloading package - 71%","timestamp":"2026-08-15 23:56:20"}
{"level":"info","message":"Downloading package - 72%","timestamp":"2026-08-15 23:56:20"}
{"level":"info","message":"Downloading package - 73%","timestamp":"2026-08-15 23:56:20"}
{"level":"info","message":"Downloading package - 74%","timestamp":"2026-08-15 23:56:20"}
{"level":"info","message":"Downloading package - 75%","timestamp":"2026-08-15 23:56:20"}
{"level":"info","message":"Downloading package - 76%","timestamp":"2026-08-15 23:56:20"}
{"level":"info","message":"Downloading package - 77%","timestamp":"2026-08-15 23:56:20"}
{"level":"info","message":"Downloading package - 78%","timestamp":"2026-08-15 23:56:20"}
{"level":"info","message":"Downloading package - 79%","timestamp":"2026-08-15 23:56:20"}
{"level":"info","message":"Downloading package - 80%","timestamp":"2026-08-15 23:56:20"}
{"level":"info","message":"Downloading package - 81%","timestamp":"2026-08-15 23:56:20"}
{"level":"info","message":"Downloading package - 82%","timestamp":"2026-08-15 23:56:20"}
{"level":"info","message":"Downloading package - 83%","timestamp":"2026-08-15 23:56:20"}
{"level":"info","message":"Downloading package - 84%","timestamp":"2026-08-15 23:56:20"}
{"level":"info","message":"Downloading package - 85%","timestamp":"2026-08-15 23:56:20"}
{"level":"info","message":"Downloading package - 86%","timestamp":"2026-08-15 23:56:20"}
{"level":"info","message":"Downloading package - 87%","timestamp":"2026-08-15 23:56:20"}
{"level":"info","message":"Downloading package - 88%","timestamp":"2026-08-15 23:56:20"}
{"level":"info","message":"Downloading package - 89%","timestamp":"2026-08-15 23:56:20"}
{"level":"info","message":"Downloading package - 90%","timestamp":"2026-08-15 23:56:20"}
{"level":"info","message":"Downloading package - 91%","timestamp":"2026-08-15 23:56:20"}
{"level":"info","message":"Downloading package - 92%","timestamp":"2026-08-15 23:56:20"}
{"level":"info","message":"Downloading package - 93%","timestamp":"2026-08-15 23:56:20"}
{"level":"info","message":"Downloading package - 94%","timestamp":"2026-08-15 23:56:20"}
{"level":"info","message":"Downloading package - 95%","timestamp":"2026-08-15 23:56:20"}
{"level":"info","message":"Downloading package - 96%","timestamp":"2026-08-15 23:56:20"}
{"level":"info","message":"Downloading package - 97%","timestamp":"2026-08-15 23:56:20"}
{"level":"info","message":"Downloading package - 98%","timestamp":"2026-08-15 23:56:20"}
{"level":"info","message":"Downloading package - 99%","timestamp":"2026-08-15 23:56:20"}
{"level":"info","message":"Downloading package - 100%","timestamp":"2026-08-15 23:56:20"}
{"level":"info","message":"Installing package - 1%","timestamp":"2026-08-15 23:56:20"}
{"level":"info","message":"Installing package - 2%","timestamp":"2026-08-15 23:56:20"}
{"level":"info","message":"Installing package - 3%","timestamp":"2026-08-15 23:56:20"}
{"level":"info","message":"Installing package - 4%","timestamp":"2026-08-15 23:56:20"}
{"level":"info","message":"Installing package - 5%","timestamp":"2026-08-15 23:56:20"}
{"level":"info","message":"Installing package - 6%","timestamp":"2026-08-15 23:56:20"}
{"level":"info","message":"Installing package - 7%","timestamp":"2026-08-15 23:56:20"}
{"level":"info","message":"Installing package - 8%","timestamp":"2026-08-15 23:56:20"}
{"level":"info","message":"Installing package - 9%","timestamp":"2026-08-15 23:56:20"}
{"level":"info","message":"Installing package - 10%","timestamp":"2026-08-15 23:56:20"}
{"level":"info","message":"Installing package - 11%","timestamp":"2026-08-15 23:56:20"}
{"level":"info","message":"Installing package - 12%","timestamp":"2026-08-15 23:56:20"}
{"level":"info","message":"Installing package - 13%","timestamp":"2026-08-15 23:56:20"}
{"level":"info","message":"Installing package - 14%","timestamp":"2026-08-15 23:56:20"}
{"level":"info","message":"Installing package - 15%","timestamp":"2026-08-15 23:56:20"}
{"level":"info","message":"Installing package - 16%","timestamp":"2026-08-15 23:56:20"}
{"level":"info","message":"Installing package - 17%","timestamp":"2026-08-15 23:56:20"}
{"level":"info","message":"Installing package - 18%","timestamp":"2026-08-15 23:56:20"}
{"level":"info","message":"Installing package - 19%","timestamp":"2026-08-15 23:56:20"}
{"level":"info","message":"Installing package - 20%","timestamp":"2026-08-15 23:56:20"}
{"level":"info","message":"Installing package - 21%","timestamp":"2026-08-15 23:56:20"}
{"level":"info","message":"Installing package - 22%","timestamp":"2026-08-15 23:56:20"}
{"level":"info","message":"Installing package - 23%","timestamp":"2026-08-15 23:56:20"}
{"level":"info","message":"Installing package - 24%","timestamp":"2026-08-15 23:56:20"}
{"level":"info","message":"Installing package - 25%","timestamp":"2026-08-15 23:56:20"}
{"level":"info","message":"Installing package - 26%","timestamp":"2026-08-15 23:56:20"}
{"level":"info","message":"Installing package - 27%","timestamp":"2026-08-15 23:56:20"}
{"level":"info","message":"Installing package - 28%","timestamp":"2026-08-15 23:56:20"}
{"level":"info","message":"Installing package - 29%","timestamp":"2026-08-15 23:56:20"}
{"level":"info","message":"Installing package - 30%","timestamp":"2026-08-15 23:56:20"}
{"level":"info","message":"Installing package - 31%","timestamp":"2026-08-15 23:56:20"}
{"level":"info","message":"Installing package - 32%","timestamp":"2026-08-15 23:56:20"}
{"level":"info","message":"Installing package - 33%","timestamp":"2026-08-15 23:56:20"}
{"level":"info","message":"Installing package - 34%","timestamp":"2026-08-15 23:56:20"}
{"level":"info","message":"Installing package - 35%","timestamp":"2026-08-15 23:56:20"}
{"level":"info","message":"Installing package - 36%","timestamp":"2026-08-15 23:56:20"}
{"level":"info","message":"Installing package - 37%","timestamp":"2026-08-15 23:56:20"}
{"level":"info","message":"Installing package - 38%","timestamp":"2026-08-15 23:56:20"}
{"level":"info","message":"Installing package - 39%","timestamp":"2026-08-15 23:56:20"}
{"level":"info","message":"Installing package - 40%","timestamp":"2026-08-15 23:56:20"}
{"level":"info","message":"Installing package - 41%","timestamp":"2026-08-15 23:56:20"}
{"level":"info","message":"Installing package - 42%","timestamp":"2026-08-15 23:56:20"}
{"level":"info","message":"Installing package - 43%","timestamp":"2026-08-15 23:56:20"}
{"level":"info","message":"Installing package - 44%","timestamp":"2026-08-15 23:56:20"}
{"level":"info","message":"Installing package - 45%","timestamp":"2026-08-15 23:56:20"}
{"level":"info","message":"Installing package - 46%","timestamp":"2026-08-15 23:56:20"}
{"level":"info","message":"Installing package - 47%","timestamp":"2026-08-15 23:56:20"}
{"level":"info","message":"Installing package - 48%","timestamp":"2026-08-15 23:56:20"}
{"level":"info","message":"Installing package - 49%","timestamp":"2026-08-15 23:56:20"}
{"level":"info","message":"Installing package - 50%","timestamp":"2026-08-15 23:56:20"}
{"level":"info","message":"Installing package - 51%","timestamp":"2026-08-15 23:56:20"}
{"level":"info","message":"Installing package - 52%","timestamp":"2026-08-15 23:56:20"}
{"level":"info","message":"Installing package - 53%","timestamp":"2026-08-15 23:56:20"}
{"level":"info","message":"Installing package - 54%","timestamp":"2026-08-15 23:56:20"}
{"level":"info","message":"Installing package - 55%","timestamp":"2026-08-15 23:56:20"}
{"level":"info","message":"Installing package - 56%","timestamp":"2026-08-15 23:56:20"}
{"level":"info","message":"Installing package - 57%","timestamp":"2026-08-15 23:56:20"}
{"level":"info","message":"Installing package - 58%","timestamp":"2026-08-15 23:56:20"}
{"level":"info","message":"Installing package - 59%","timestamp":"2026-08-15 23:56:20"}
{"level":"info","message":"Installing package - 60%","timestamp":"2026-08-15 23:56:20"}
{"level":"info","message":"Installing package - 61%","timestamp":"2026-08-15 23:56:20"}
{"level":"info","message":"Installing package - 62%","timestamp":"2026-08-15 23:56:20"}
{"level":"info","message":"Installing package - 63%","timestamp":"2026-08-15 23:56:20"}
{"level":"info","message":"Installing package - 64%","timestamp":"2026-08-15 23:56:20"}
{"level":"info","message":"Installing package - 65%","timestamp":"2026-08-15 23:56:20"}
{"level":"info","message":"Installing package - 66%","timestamp":"2026-08-15 23:56:20"}
{"level":"info","message":"Installing package - 67%","timestamp":"2026-08-15 23:56:20"}
{"level":"info","message":"Installing package - 68%","timestamp":"2026-08-15 23:56:20"}
{"level":"info","message":"Installing package - 69%","timestamp":"2026-08-15 23:56:20"}
{"level":"info","message":"Installing package - 70%","timestamp":"2026-08-15 23:56:20"}
{"level":"info","message":"Installing package - 71%","timestamp":"2026-08-15 23:56:20"}
{"level":"info","message":"Installing package - 72%","timestamp":"2026-08-15 23:56:20"}
{"level":"info","message":"Installing package - 73%","timestamp":"2026-08-15 23:56:20"}
{"level":"info","message":"Installing package - 74%","timestamp":"2026-08-15 23:56:20"}
{"level":"info","message":"Installing package - 75%","timestamp":"2026-08-15 23:56:20"}
{"level":"info","message":"Installing package - 76%","timestamp":"2026-08-15 23:56:20"}
{"level":"info","message":"Installing package - 77%","timestamp":"2026-08-15 23:56:20"}
{"level":"info","message":"Installing package - 78%","timestamp":"2026-08-15 23:56:20"}
{"level":"info","message":"Installing package - 79%","timestamp":"2026-08-15 23:56:20"}
{"level":"info","message":"Installing package - 80%","timestamp":"2026-08-15 23:56:20"}
{"level":"info","message":"Installing package - 81%","timestamp":"2026-08-15 23:56:20"}
{"level":"info","message":"Installing package - 82%","timestamp":"2026-08-15 23:56:20"}
{"level":"info","message":"Installing package - 83%","timestamp":"2026-08-15 23:56:20"}
{"level":"info","message":"Installing package - 84%","timestamp":"2026-08-15 23:56:20"}
{"level":"info","message":"Installing package - 85%","timestamp":"2026-08-15 23:56:20"}
{"level":"info","message":"Installing package - 86%","timestamp":"2026-08-15 23:56:20"}
{"level":"info","message":"Installing package - 87%","timestamp":"2026-08-15 23:56:20"}
{"level":"info","message":"Installing package - 88%","timestamp":"2026-08-15 23:56:20"}
{"level":"info","message":"Installing package - 89%","timestamp":"2026-08-15 23:56:20"}
{"level":"info","message":"Installing package - 90%","timestamp":"2026-08-15 23:56:20"}
{"level":"info","message":"Installing package - 91%","timestamp":"2026-08-15 23:56:20"}
{"level":"info","message":"Installing package - 92%","timestamp":"2026-08-15 23:56:20"}
{"level":"info","message":"Installing package - 93%","timestamp":"2026-08-15 23:56:20"}
{"level":"info","message":"Installing package - 94%","timestamp":"2026-08-15 23:56:20"}
{"level":"info","message":"Installing package - 95%","timestamp":"2026-08-15 23:56:20"}
{"level":"info","message":"Installing package - 96%","timestamp":"2026-08-15 23:56:20"}
{"level":"info","message":"Installing package - 97%","timestamp":"2026-08-15 23:56:20"}
{"level":"info","message":"Installing package - 98%","timestamp":"2026-08-15 23:56:20"}
{"level":"info","message":"Installing package - 99%","timestamp":"2026-08-15 23:56:20"}
{"level":"info","message":"Installing package - 100%","timestamp":"2026-08-15 23:56:20"}
{"level":"info","message":"Installed module fxmaster","timestamp":"2026-08-15 23:56:20"}
{"level":"info","message":"complete - 100%","timestamp":"2026-08-15 23:56:20"}
{"level":"info","message":"Connected to database \"effects\"","timestamp":"2026-08-15 23:56:57"}
{"level":"info","message":"Launching World | Loading World Data - 7%","timestamp":"2026-08-15 23:56:57"}
{"level":"info","message":"Connected to database \"actors\"","timestamp":"2026-08-15 23:56:57"}
{"level":"info","message":"Launching World | Loading World Data - 13%","timestamp":"2026-08-15 23:56:57"}
{"level":"info","message":"Connected to database \"cards\"","timestamp":"2026-08-15 23:56:57"}
{"level":"info","message":"Launching World | Loading World Data - 20%","timestamp":"2026-08-15 23:56:57"}
{"level":"info","message":"Connected to database \"messages\"","timestamp":"2026-08-15 23:56:57"}
{"level":"info","message":"Launching World | Loading World Data - 27%","timestamp":"2026-08-15 23:56:57"}
{"level":"info","message":"Connected to database \"combats\"","timestamp":"2026-08-15 23:56:57"}
{"level":"info","message":"Launching World | Loading World Data - 33%","timestamp":"2026-08-15 23:56:57"}
{"level":"info","message":"Connected to database \"fog\"","timestamp":"2026-08-15 23:56:57"}
{"level":"info","message":"Launching World | Loading World Data - 40%","timestamp":"2026-08-15 23:56:57"}
{"level":"info","message":"Connected to database \"folders\"","timestamp":"2026-08-15 23:56:57"}
{"level":"info","message":"Launching World | Loading World Data - 47%","timestamp":"2026-08-15 23:56:57"}
{"level":"info","message":"Connected to database \"items\"","timestamp":"2026-08-15 23:56:57"}
{"level":"info","message":"Launching World | Loading World Data - 53%","timestamp":"2026-08-15 23:56:57"}
{"level":"info","message":"Connected to database \"journal\"","timestamp":"2026-08-15 23:56:57"}
{"level":"info","message":"Launching World | Loading World Data - 60%","timestamp":"2026-08-15 23:56:57"}
{"level":"info","message":"Connected to database \"macros\"","timestamp":"2026-08-15 23:56:57"}
{"level":"info","message":"Launching World | Loading World Data - 67%","timestamp":"2026-08-15 23:56:57"}
{"level":"info","message":"Connected to database \"playlists\"","timestamp":"2026-08-15 23:56:57"}
{"level":"info","message":"Launching World | Loading World Data - 73%","timestamp":"2026-08-15 23:56:57"}
{"level":"info","message":"Connected to database \"tables\"","timestamp":"2026-08-15 23:56:57"}
{"level":"info","message":"Launching World | Loading World Data - 80%","timestamp":"2026-08-15 23:56:57"}
{"level":"info","message":"Connected to database \"scenes\"","timestamp":"2026-08-15 23:56:57"}
{"level":"info","message":"Launching World | Loading World Data - 87%","timestamp":"2026-08-15 23:56:57"}
{"level":"info","message":"Connected to database \"settings\"","timestamp":"2026-08-15 23:56:57"}
{"level":"info","message":"Launching World | Loading World Data - 93%","timestamp":"2026-08-15 23:56:57"}
{"level":"info","message":"Connected to database \"users\"","timestamp":"2026-08-15 23:56:57"}
{"level":"info","message":"Launching World | Loading World Data - 100%","timestamp":"2026-08-15 23:56:57"}
{"level":"info","message":"Launching World | Migrating World Data - 7%","timestamp":"2026-08-15 23:56:57"}
{"level":"info","message":"Launching World | Migrating World Data - 13%","timestamp":"2026-08-15 23:56:57"}
{"level":"info","message":"Launching World | Migrating World Data - 20%","timestamp":"2026-08-15 23:56:57"}
{"level":"info","message":"Launching World | Migrating World Data - 27%","timestamp":"2026-08-15 23:56:57"}
{"level":"info","message":"Launching World | Migrating World Data - 33%","timestamp":"2026-08-15 23:56:57"}
{"level":"info","message":"Launching World | Migrating World Data - 40%","timestamp":"2026-08-15 23:56:57"}
{"level":"info","message":"Launching World | Migrating World Data - 47%","timestamp":"2026-08-15 23:56:57"}
{"level":"info","message":"Launching World | Migrating World Data - 53%","timestamp":"2026-08-15 23:56:57"}
{"level":"info","message":"Launching World | Migrating World Data - 60%","timestamp":"2026-08-15 23:56:57"}
{"level":"info","message":"Launching World | Migrating World Data - 67%","timestamp":"2026-08-15 23:56:57"}
{"level":"info","message":"Launching World | Migrating World Data - 73%","timestamp":"2026-08-15 23:56:57"}
{"level":"info","message":"Launching World | Migrating World Data - 80%","timestamp":"2026-08-15 23:56:57"}
{"level":"info","message":"Launching World | Migrating World Data - 87%","timestamp":"2026-08-15 23:56:57"}
{"level":"info","message":"Launching World | Migrating World Data - 93%","timestamp":"2026-08-15 23:56:57"}
{"level":"info","message":"Launching World | Migrating World Data - 100%","timestamp":"2026-08-15 23:56:57"}
{"level":"info","message":"Connected to database \"world.ddb-cos-ddb-tables\"","timestamp":"2026-08-15 23:56:57"}
{"level":"info","message":"Launching World | Loading Package Data - 3%","timestamp":"2026-08-15 23:56:57"}
{"level":"info","message":"Connected to database \"world.ddb-cos-ddb-adventures\"","timestamp":"2026-08-15 23:56:57"}
{"level":"info","message":"Launching World | Loading Package Data - 5%","timestamp":"2026-08-15 23:56:57"}
{"level":"info","message":"Connected to database \"world.ddb-cos-ddb-backgrounds\"","timestamp":"2026-08-15 23:56:57"}
{"level":"info","message":"Launching World | Loading Package Data - 8%","timestamp":"2026-08-15 23:56:57"}
{"level":"info","message":"Connected to database \"world.ddb-cos-ddb-classes\"","timestamp":"2026-08-15 23:56:57"}
{"level":"info","message":"Launching World | Loading Package Data - 10%","timestamp":"2026-08-15 23:56:57"}
{"level":"info","message":"Connected to database \"world.ddb-cos-ddb-subclasses\"","timestamp":"2026-08-15 23:56:57"}
{"level":"info","message":"Launching World | Loading Package Data - 13%","timestamp":"2026-08-15 23:56:57"}
{"level":"info","message":"Connected to database \"world.ddb-cos-ddb-class-features\"","timestamp":"2026-08-15 23:56:57"}
{"level":"info","message":"Launching World | Loading Package Data - 15%","timestamp":"2026-08-15 23:56:57"}
{"level":"info","message":"Connected to database \"world.ddb-cos-ddb-feats\"","timestamp":"2026-08-15 23:56:57"}
{"level":"info","message":"Launching World | Loading Package Data - 18%","timestamp":"2026-08-15 23:56:57"}
{"level":"info","message":"Connected to database \"world.ddb-cos-ddb-items\"","timestamp":"2026-08-15 23:56:57"}
{"level":"info","message":"Launching World | Loading Package Data - 20%","timestamp":"2026-08-15 23:56:57"}
{"level":"info","message":"Connected to database \"world.ddb-cos-ddb-monsters\"","timestamp":"2026-08-15 23:56:57"}
{"level":"info","message":"Launching World | Loading Package Data - 23%","timestamp":"2026-08-15 23:56:57"}
{"level":"info","message":"Connected to database \"world.ddb-cos-ddb-vehicles\"","timestamp":"2026-08-15 23:56:57"}
{"level":"info","message":"Launching World | Loading Package Data - 25%","timestamp":"2026-08-15 23:56:57"}
{"level":"info","message":"Connected to database \"world.ddb-cos-ddb-races\"","timestamp":"2026-08-15 23:56:57"}
{"level":"info","message":"Launching World | Loading Package Data - 28%","timestamp":"2026-08-15 23:56:57"}
{"level":"info","message":"Connected to database \"world.ddb-cos-ddb-racial-traits\"","timestamp":"2026-08-15 23:56:57"}
{"level":"info","message":"Launching World | Loading Package Data - 30%","timestamp":"2026-08-15 23:56:57"}
{"level":"info","message":"Connected to database \"world.ddb-cos-ddb-spells\"","timestamp":"2026-08-15 23:56:57"}
{"level":"info","message":"Launching World | Loading Package Data - 33%","timestamp":"2026-08-15 23:56:57"}
{"level":"info","message":"Connected to database \"world.ddb-cos-ddb-override\"","timestamp":"2026-08-15 23:56:57"}
{"level":"info","message":"Launching World | Loading Package Data - 35%","timestamp":"2026-08-15 23:56:57"}
{"level":"info","message":"Connected to database \"world.ddb-cos-ddb-species\"","timestamp":"2026-08-15 23:56:57"}
{"level":"info","message":"Launching World | Loading Package Data - 38%","timestamp":"2026-08-15 23:56:57"}
{"level":"info","message":"Connected to database \"world.ddb-cos-ddb-journals\"","timestamp":"2026-08-15 23:56:58"}
{"level":"info","message":"Launching World | Loading Package Data - 40%","timestamp":"2026-08-15 23:56:58"}
{"level":"info","message":"Connected to database \"world.ddb-cos-ddb-summons\"","timestamp":"2026-08-15 23:56:58"}
{"level":"info","message":"Launching World | Loading Package Data - 43%","timestamp":"2026-08-15 23:56:58"}
{"level":"info","message":"Connected to database \"dnd5e.heroes\"","timestamp":"2026-08-15 23:56:58"}
{"level":"info","message":"Launching World | Loading Package Data - 45%","timestamp":"2026-08-15 23:56:58"}
{"level":"info","message":"Connected to database \"dnd5e.monsters\"","timestamp":"2026-08-15 23:56:58"}
{"level":"info","message":"Launching World | Loading Package Data - 48%","timestamp":"2026-08-15 23:56:58"}
{"level":"info","message":"Connected to database \"dnd5e.items\"","timestamp":"2026-08-15 23:56:58"}
{"level":"info","message":"Launching World | Loading Package Data - 50%","timestamp":"2026-08-15 23:56:58"}
{"level":"info","message":"Connected to database \"dnd5e.tradegoods\"","timestamp":"2026-08-15 23:56:58"}
{"level":"info","message":"Launching World | Loading Package Data - 53%","timestamp":"2026-08-15 23:56:58"}
{"level":"info","message":"Connected to database \"dnd5e.spells\"","timestamp":"2026-08-15 23:56:58"}
{"level":"info","message":"Launching World | Loading Package Data - 55%","timestamp":"2026-08-15 23:56:58"}
{"level":"info","message":"Connected to database \"dnd5e.backgrounds\"","timestamp":"2026-08-15 23:56:58"}
{"level":"info","message":"Launching World | Loading Package Data - 57%","timestamp":"2026-08-15 23:56:58"}
{"level":"info","message":"Connected to database \"dnd5e.classes\"","timestamp":"2026-08-15 23:56:58"}
{"level":"info","message":"Launching World | Loading Package Data - 60%","timestamp":"2026-08-15 23:56:58"}
{"level":"info","message":"Connected to database \"dnd5e.subclasses\"","timestamp":"2026-08-15 23:56:58"}
{"level":"info","message":"Launching World | Loading Package Data - 63%","timestamp":"2026-08-15 23:56:58"}
{"level":"info","message":"Connected to database \"dnd5e.classfeatures\"","timestamp":"2026-08-15 23:56:58"}
{"level":"info","message":"Launching World | Loading Package Data - 65%","timestamp":"2026-08-15 23:56:58"}
{"level":"info","message":"Connected to database \"dnd5e.races\"","timestamp":"2026-08-15 23:56:58"}
{"level":"info","message":"Launching World | Loading Package Data - 68%","timestamp":"2026-08-15 23:56:58"}
{"level":"info","message":"Connected to database \"dnd5e.monsterfeatures\"","timestamp":"2026-08-15 23:56:58"}
{"level":"info","message":"Launching World | Loading Package Data - 70%","timestamp":"2026-08-15 23:56:58"}
{"level":"info","message":"Connected to database \"dnd5e.rules\"","timestamp":"2026-08-15 23:56:58"}
{"level":"info","message":"Launching World | Loading Package Data - 73%","timestamp":"2026-08-15 23:56:58"}
{"level":"info","message":"Connected to database \"dnd5e.tables\"","timestamp":"2026-08-15 23:56:58"}
{"level":"info","message":"Launching World | Loading Package Data - 75%","timestamp":"2026-08-15 23:56:58"}
{"level":"info","message":"Connected to database \"dnd5e.content24\"","timestamp":"2026-08-15 23:56:58"}
{"level":"info","message":"Launching World | Loading Package Data - 78%","timestamp":"2026-08-15 23:56:58"}
{"level":"info","message":"Connected to database \"dnd5e.classes24\"","timestamp":"2026-08-15 23:56:58"}
{"level":"info","message":"Launching World | Loading Package Data - 80%","timestamp":"2026-08-15 23:56:58"}
{"level":"info","message":"Connected to database \"dnd5e.origins24\"","timestamp":"2026-08-15 23:56:58"}
{"level":"info","message":"Launching World | Loading Package Data - 83%","timestamp":"2026-08-15 23:56:58"}
{"level":"info","message":"Connected to database \"dnd5e.feats24\"","timestamp":"2026-08-15 23:56:58"}
{"level":"info","message":"Launching World | Loading Package Data - 85%","timestamp":"2026-08-15 23:56:58"}
{"level":"info","message":"Connected to database \"dnd5e.spells24\"","timestamp":"2026-08-15 23:56:58"}
{"level":"info","message":"Launching World | Loading Package Data - 88%","timestamp":"2026-08-15 23:56:58"}
{"level":"info","message":"Connected to database \"dnd5e.equipment24\"","timestamp":"2026-08-15 23:56:58"}
{"level":"info","message":"Launching World | Loading Package Data - 90%","timestamp":"2026-08-15 23:56:58"}
{"level":"info","message":"Connected to database \"dnd5e.tables24\"","timestamp":"2026-08-15 23:56:58"}
{"level":"info","message":"Launching World | Loading Package Data - 93%","timestamp":"2026-08-15 23:56:58"}
{"level":"info","message":"Connected to database \"dnd5e.actors24\"","timestamp":"2026-08-15 23:56:58"}
{"level":"info","message":"Launching World | Loading Package Data - 95%","timestamp":"2026-08-15 23:56:58"}
{"level":"info","message":"Connected to database \"dnd5e.monsterfeatures24\"","timestamp":"2026-08-15 23:56:58"}
{"level":"info","message":"Launching World | Loading Package Data - 98%","timestamp":"2026-08-15 23:56:58"}
{"level":"info","message":"Connected to database \"pdf-pager.macros\"","timestamp":"2026-08-15 23:56:58"}
{"level":"info","message":"Launching World | Loading Package Data - 100%","timestamp":"2026-08-15 23:56:58"}
{"level":"info","message":"Created 0 Folder documents with ids: []","timestamp":"2026-08-15 23:56:58"}
{"level":"info","message":"Launching World | Migrating Package Data - 3%","timestamp":"2026-08-15 23:56:58"}
{"level":"info","message":"Launching World | Migrating Package Data - 5%","timestamp":"2026-08-15 23:56:58"}
{"level":"info","message":"Launching World | Migrating Package Data - 8%","timestamp":"2026-08-15 23:56:58"}
{"level":"info","message":"Launching World | Migrating Package Data - 10%","timestamp":"2026-08-15 23:56:58"}
{"level":"info","message":"Launching World | Migrating Package Data - 13%","timestamp":"2026-08-15 23:56:58"}
{"level":"info","message":"Launching World | Migrating Package Data - 15%","timestamp":"2026-08-15 23:56:58"}
{"level":"info","message":"Launching World | Migrating Package Data - 18%","timestamp":"2026-08-15 23:56:58"}
{"level":"info","message":"Launching World | Migrating Package Data - 20%","timestamp":"2026-08-15 23:56:58"}
{"level":"info","message":"Launching World | Migrating Package Data - 23%","timestamp":"2026-08-15 23:56:58"}
{"level":"info","message":"Launching World | Migrating Package Data - 25%","timestamp":"2026-08-15 23:56:58"}
{"level":"info","message":"Launching World | Migrating Package Data - 28%","timestamp":"2026-08-15 23:56:58"}
{"level":"info","message":"Launching World | Migrating Package Data - 30%","timestamp":"2026-08-15 23:56:58"}
{"level":"info","message":"Launching World | Migrating Package Data - 33%","timestamp":"2026-08-15 23:56:58"}
{"level":"info","message":"Launching World | Migrating Package Data - 35%","timestamp":"2026-08-15 23:56:58"}
{"level":"info","message":"Launching World | Migrating Package Data - 38%","timestamp":"2026-08-15 23:56:58"}
{"level":"info","message":"Launching World | Migrating Package Data - 40%","timestamp":"2026-08-15 23:56:58"}
{"level":"info","message":"Launching World | Migrating Package Data - 43%","timestamp":"2026-08-15 23:56:58"}
{"level":"info","message":"Launching World | Migrating Package Data - 45%","timestamp":"2026-08-15 23:56:58"}
{"level":"info","message":"Launching World | Migrating Package Data - 48%","timestamp":"2026-08-15 23:56:58"}
{"level":"info","message":"Launching World | Migrating Package Data - 50%","timestamp":"2026-08-15 23:56:58"}
{"level":"info","message":"Launching World | Migrating Package Data - 53%","timestamp":"2026-08-15 23:56:58"}
{"level":"info","message":"Launching World | Migrating Package Data - 55%","timestamp":"2026-08-15 23:56:58"}
{"level":"info","message":"Launching World | Migrating Package Data - 57%","timestamp":"2026-08-15 23:56:58"}
{"level":"info","message":"Launching World | Migrating Package Data - 60%","timestamp":"2026-08-15 23:56:58"}
{"level":"info","message":"Launching World | Migrating Package Data - 63%","timestamp":"2026-08-15 23:56:58"}
{"level":"info","message":"Launching World | Migrating Package Data - 65%","timestamp":"2026-08-15 23:56:58"}
{"level":"info","message":"Launching World | Migrating Package Data - 68%","timestamp":"2026-08-15 23:56:58"}
{"level":"info","message":"Launching World | Migrating Package Data - 70%","timestamp":"2026-08-15 23:56:58"}
{"level":"info","message":"Launching World | Migrating Package Data - 73%","timestamp":"2026-08-15 23:56:58"}
{"level":"info","message":"Launching World | Migrating Package Data - 75%","timestamp":"2026-08-15 23:56:58"}
{"level":"info","message":"Launching World | Migrating Package Data - 78%","timestamp":"2026-08-15 23:56:58"}
{"level":"info","message":"Launching World | Migrating Package Data - 80%","timestamp":"2026-08-15 23:56:58"}
{"level":"info","message":"Launching World | Migrating Package Data - 83%","timestamp":"2026-08-15 23:56:58"}
{"level":"info","message":"Launching World | Migrating Package Data - 85%","timestamp":"2026-08-15 23:56:58"}
{"level":"info","message":"Launching World | Migrating Package Data - 88%","timestamp":"2026-08-15 23:56:58"}
{"level":"info","message":"Launching World | Migrating Package Data - 90%","timestamp":"2026-08-15 23:56:58"}
{"level":"info","message":"Launching World | Migrating Package Data - 93%","timestamp":"2026-08-15 23:56:58"}
{"level":"info","message":"Launching World | Migrating Package Data - 95%","timestamp":"2026-08-15 23:56:58"}
{"level":"info","message":"Launching World | Migrating Package Data - 98%","timestamp":"2026-08-15 23:56:58"}
{"level":"info","message":"Launching World | Migrating Package Data - 100%","timestamp":"2026-08-15 23:56:58"}
{"level":"info","message":"Launching World | Complete","timestamp":"2026-08-15 23:56:58"}
{"ip":"::1","level":"info","message":"User authentication successful for user Gamemaster","session":"cc2c1e4871b08c0a8a51d148","timestamp":"2026-08-15 23:57:03"}
{"level":"info","message":"No system update for Dungeons & Dragons Fifth Edition is currently available.","timestamp":"2026-08-15 23:57:05"}
{"level":"info","message":"Vended World data to User [YzL2W1htQr2gHsBA] in 526ms","timestamp":"2026-08-15 23:57:05"}
{"level":"info","message":"Created ChatMessage with id [6izfqq5wyiJHLPmu]","timestamp":"2026-08-15 23:57:11"}
{"level":"info","message":"No system update for Dungeons & Dragons Fifth Edition is currently available.","timestamp":"2026-08-15 23:58:03"}
{"level":"info","message":"Vended World data to User [YzL2W1htQr2gHsBA] in 440ms","timestamp":"2026-08-15 23:58:03"}
