{"level":"info","message":"Created client session 4bff36f7801d0e3efc8d8a9e","timestamp":"2026-06-14 00:19:58"}
{"level":"info","message":"Created client session ab3ba1180b34fe624694bc32","timestamp":"2026-06-14 00:19:59"}
{"level":"info","message":"Created client session 987d800d43a82df61eb6f790","timestamp":"2026-06-14 00:38:20"}
{"level":"info","message":"Created client session 05a32f247ed565e98c7898a4","timestamp":"2026-06-14 01:00:00"}
{"level":"info","message":"Created client session b375303ec90d120f14a04c78","timestamp":"2026-06-14 01:03:35"}
{"level":"info","message":"Created client session fc88fe1c9a660cc870c16179","timestamp":"2026-06-14 01:08:54"}
{"level":"info","message":"Created client session adadf7ec6d115c8ad4f924de","timestamp":"2026-06-14 01:09:19"}
{"level":"info","message":"Created client session fb320c1f875acaa6eca321a7","timestamp":"2026-06-14 01:32:50"}
{"level":"info","message":"Created client session f4d60f8b384f6a1b5c22ee67","timestamp":"2026-06-14 01:32:50"}
{"level":"info","message":"Created client session 725135aa35c5fe18049de9f7","timestamp":"2026-06-14 01:32:50"}
{"level":"info","message":"Created client session f1cd94d8a97b4c3a67b8d929","timestamp":"2026-06-14 01:32:50"}
{"level":"info","message":"Created client session bcd11828336022528690e013","timestamp":"2026-06-14 01:32:50"}
{"level":"info","message":"Created client session 1439b1b29959d8d10ae5ba6d","timestamp":"2026-06-14 01:32:50"}
{"level":"info","message":"Created client session 403f81cfcf4e24606ea5c546","timestamp":"2026-06-14 01:32:50"}
{"level":"info","message":"Created client session 67d0257b37b09dafb7954004","timestamp":"2026-06-14 01:32:50"}
{"level":"info","message":"Created client session cc7cef52db6da6d5f3b2ca54","timestamp":"2026-06-14 01:32:50"}
{"level":"info","message":"Created client session 20a0ba9e399473b99ffb7293","timestamp":"2026-06-14 01:32:50"}
{"level":"info","message":"Created client session c6615b8c02faa10a890a948f","timestamp":"2026-06-14 01:32:50"}
{"level":"info","message":"Created client session 4557dab376ea4928c4c998ce","timestamp":"2026-06-14 01:32:50"}
{"level":"info","message":"Created client session 41192787806ad4bece99c17d","timestamp":"2026-06-14 01:32:50"}
{"level":"info","message":"Created client session aeda83465e6b1227c678186e","timestamp":"2026-06-14 01:32:51"}
{"level":"info","message":"Created client session 9654bb0702e319455e00d389","timestamp":"2026-06-14 01:32:51"}
{"level":"info","message":"Created client session e2fa5ad73a5b98eda4c57b65","timestamp":"2026-06-14 01:32:51"}
{"level":"info","message":"Created client session 29fa0610a40203b27fb749f4","timestamp":"2026-06-14 01:32:51"}
{"level":"info","message":"Created client session 84894ead47b8ef3ae9acd0d1","timestamp":"2026-06-14 01:32:51"}
{"level":"info","message":"Created client session b13efc1061932192c80263e9","timestamp":"2026-06-14 01:32:51"}
{"level":"info","message":"Created client session 633e65f31d68628f44a3cfc2","timestamp":"2026-06-14 01:32:51"}
{"level":"info","message":"Created client session 3492af806c46aa6e3e1badb6","timestamp":"2026-06-14 01:32:51"}
{"level":"info","message":"Created client session 22d861bb8490c6c5514ab4ce","timestamp":"2026-06-14 01:32:51"}
{"level":"info","message":"Created client session c535892626a06742e6587f9c","timestamp":"2026-06-14 01:32:51"}
{"level":"info","message":"Created client session b13e4d113ccf599d92fa20fe","timestamp":"2026-06-14 01:32:51"}
{"level":"info","message":"Created client session 25ee0cdc7cc9a8387c4d3f1d","timestamp":"2026-06-14 01:32:51"}
{"level":"info","message":"Created client session 7d53ebc48dda74a908bc957c","timestamp":"2026-06-14 01:32:51"}
{"level":"info","message":"Created client session d26245c6f52a245c73ec7fce","timestamp":"2026-06-14 01:32:51"}
{"level":"info","message":"Created client session 0813efdf92a6a31adcb61d41","timestamp":"2026-06-14 01:32:51"}
{"level":"info","message":"Created client session c4e049c7f53c3d0cfbcbb7e7","timestamp":"2026-06-14 01:32:51"}
{"level":"info","message":"Created client session ed3b23f71a8c69dffd9840f9","timestamp":"2026-06-14 01:55:20"}
{"level":"info","message":"Created client session ea33c21f3568d9ecc565c15e","timestamp":"2026-06-14 01:55:20"}
{"level":"info","message":"Created client session e510b3b5038c30a75391d618","timestamp":"2026-06-14 01:55:20"}
{"level":"info","message":"Created client session 506886eac0dda4fdf6d1f59a","timestamp":"2026-06-14 01:55:20"}
{"level":"info","message":"Created client session 6af3c575a370fa3d371afdb3","timestamp":"2026-06-14 01:55:20"}
{"level":"info","message":"Created client session a4ed27c2f02d04f74a942df2","timestamp":"2026-06-14 01:55:25"}
{"level":"info","message":"Created client session c36e08906880fa57366fd6ba","timestamp":"2026-06-14 01:55:25"}
{"level":"info","message":"Created client session c32cf5e49c32b933c2aeda90","timestamp":"2026-06-14 01:55:25"}
{"level":"info","message":"Created client session c1176c31e38478d3c28467c8","timestamp":"2026-06-14 01:55:25"}
{"level":"info","message":"Created client session 6d0b4a125b8dd7fef9f70856","timestamp":"2026-06-14 01:55:25"}
{"level":"info","message":"Created client session f606228c2525c90940181330","timestamp":"2026-06-14 02:04:55"}
{"level":"info","message":"Created client session bcc6876d1947a2ac8e7fed26","timestamp":"2026-06-14 02:39:17"}
{"level":"info","message":"Created client session 673ace6fafcc4587cd989830","timestamp":"2026-06-14 02:53:35"}
{"level":"info","message":"Created client session 002d276a2a92fd5822db13c1","timestamp":"2026-06-14 02:53:35"}
{"level":"info","message":"Created client session 590325e7ef6fb54f010180a4","timestamp":"2026-06-14 02:53:35"}
{"level":"info","message":"Created client session ca82c6418f81ad198a09d140","timestamp":"2026-06-14 02:53:35"}
{"level":"info","message":"Created client session 7a61b3eb4dd5cb179dfffae5","timestamp":"2026-06-14 02:53:35"}
{"level":"info","message":"Created client session a67b6d7cebbc23c05c2b1ae5","timestamp":"2026-06-14 02:53:35"}
{"level":"info","message":"Created client session 9126588ef4ad69fbb3bf9e7d","timestamp":"2026-06-14 02:53:35"}
{"level":"info","message":"Created client session e65ebce001b5e889ee1abbb3","timestamp":"2026-06-14 02:53:35"}
{"level":"info","message":"Created client session 31be273a8b425097acb86044","timestamp":"2026-06-14 02:53:35"}
{"level":"info","message":"Created client session 060577bdd59c2bdcafb27e6f","timestamp":"2026-06-14 02:53:35"}
{"level":"info","message":"Created client session 0e3ccd0d9bf6c4579e92a0a8","timestamp":"2026-06-14 02:53:35"}
{"level":"info","message":"Created client session 8037596682b6b0ca2025b7bb","timestamp":"2026-06-14 02:53:35"}
{"level":"info","message":"Created client session 22b09fb9a07884b4ab23e989","timestamp":"2026-06-14 02:53:35"}
{"level":"info","message":"Created client session b313b3c687f05736914eff80","timestamp":"2026-06-14 02:53:35"}
{"level":"info","message":"Created client session b5b190858d1bc4160d116f79","timestamp":"2026-06-14 02:53:35"}
{"level":"info","message":"Created client session 398da24209a90fc8d474c592","timestamp":"2026-06-14 02:53:35"}
{"level":"info","message":"Created client session 96fdb847d4f702da82997da0","timestamp":"2026-06-14 02:53:35"}
{"level":"info","message":"Created client session f1caeda6fed1b48d48b89ba8","timestamp":"2026-06-14 02:53:35"}
{"level":"info","message":"Created client session 9f00f3402a0798f7dece71b8","timestamp":"2026-06-14 02:53:35"}
{"level":"info","message":"Created client session b732e98ffac782efd0cbd70a","timestamp":"2026-06-14 02:53:35"}
{"level":"info","message":"Created client session ac82e6d562306e8a71a27f10","timestamp":"2026-06-14 02:53:35"}
{"level":"info","message":"Created client session e316a94633c5da0effa6016c","timestamp":"2026-06-14 02:53:35"}
{"level":"info","message":"Created client session 0a320bf49b2000796a66ce5f","timestamp":"2026-06-14 02:53:35"}
{"level":"info","message":"Created client session 5728783b4ad536f9fde06b05","timestamp":"2026-06-14 02:53:35"}
{"level":"info","message":"Created client session 1e14973d89393a4c36574ed6","timestamp":"2026-06-14 02:53:35"}
{"level":"info","message":"Created client session 865150ac68670da531f98b11","timestamp":"2026-06-14 02:53:35"}
{"level":"info","message":"Created client session b033913e6d630c9480b9d3a5","timestamp":"2026-06-14 02:53:35"}
{"level":"info","message":"Created client session 17bdf6179b47740aea7f5fd9","timestamp":"2026-06-14 02:53:35"}
{"level":"info","message":"Created client session 1c84facec95f8bae74f040af","timestamp":"2026-06-14 02:53:35"}
{"level":"info","message":"Created client session 5a8b08d8806aa232dfbacec5","timestamp":"2026-06-14 02:53:35"}
{"level":"info","message":"Created client session a3e695b937cf1352445588d7","timestamp":"2026-06-14 03:12:21"}
{"level":"info","message":"Created client session 58b5c4be4e4591860c47f663","timestamp":"2026-06-14 03:12:21"}
{"level":"info","message":"Created client session 0a3a83726c332fdcb2d33d8a","timestamp":"2026-06-14 03:19:37"}
{"level":"info","message":"Created client session cc4427eb97797bf74ecac1ad","timestamp":"2026-06-14 03:21:08"}
{"level":"info","message":"Created client session 7844e82b17069ac56677d5c7","timestamp":"2026-06-14 03:21:09"}
{"level":"info","message":"Created client session d3c32949d376d0595047cb7e","timestamp":"2026-06-14 03:21:28"}
{"level":"info","message":"Created client session 735362afb836abae1bfa092a","timestamp":"2026-06-14 03:22:03"}
{"level":"info","message":"Created client session efecb43b03d4a371aa6a5fea","timestamp":"2026-06-14 03:22:03"}
{"level":"info","message":"Created client session 135125e31114e4dd36463d64","timestamp":"2026-06-14 03:22:06"}
{"level":"info","message":"Created client session f94a3565a1c9c610105b3f15","timestamp":"2026-06-14 03:22:06"}
{"level":"info","message":"Created client session f0402e27e58ad26fed217e6f","timestamp":"2026-06-14 03:22:10"}
{"level":"info","message":"Created client session cb9c55fd7d3e4fb47719cb80","timestamp":"2026-06-14 03:22:14"}
{"level":"info","message":"Created client session 94627a8a16e7392b7d4b2101","timestamp":"2026-06-14 04:06:09"}
{"level":"info","message":"Created client session c5a64685ff545eb996d4f55d","timestamp":"2026-06-14 04:25:20"}
{"level":"info","message":"Created client session 29f95bc655f97b4805821b68","timestamp":"2026-06-14 04:25:20"}
{"level":"info","message":"Created client session 4c72121041bba8b527a22694","timestamp":"2026-06-14 05:12:26"}
{"level":"info","message":"Created client session 45e17da13cc8b41870b8967e","timestamp":"2026-06-14 05:12:39"}
{"level":"info","message":"Created client session b8237a3d3793ca186f47790b","timestamp":"2026-06-14 05:21:14"}
{"level":"info","message":"Created client session e6415c37d5c26c7b0df43aa0","timestamp":"2026-06-14 05:25:39"}
{"level":"info","message":"Created client session 50951ea1f23058e7626ae37a","timestamp":"2026-06-14 05:25:40"}
{"level":"info","message":"Created client session 53214858b6bcd41b4d60f9aa","timestamp":"2026-06-14 05:25:41"}
{"level":"info","message":"Created client session 22e51fc798d710365670cb8b","timestamp":"2026-06-14 05:25:42"}
{"level":"info","message":"Created client session 6e04fb022e4bde2106838f98","timestamp":"2026-06-14 05:25:42"}
{"level":"info","message":"Created client session 6c40fb84510e7d80bbe4b195","timestamp":"2026-06-14 05:25:43"}
{"level":"info","message":"Created client session 70854a1f392e66c4580f2275","timestamp":"2026-06-14 05:25:44"}
{"level":"info","message":"Created client session 6388bd21bf8391bf116b20ac","timestamp":"2026-06-14 05:25:45"}
{"level":"info","message":"Created client session 8650e6199ffabf11192aeeb4","timestamp":"2026-06-14 05:25:46"}
{"level":"info","message":"Created client session 39aa44b6c94466cf22c09485","timestamp":"2026-06-14 05:25:47"}
{"level":"info","message":"Created client session 949a542c2d95d4c4d68b891e","timestamp":"2026-06-14 05:25:48"}
{"level":"info","message":"Created client session 2c539e87c54e5e1b8ce9adc5","timestamp":"2026-06-14 05:25:49"}
{"level":"info","message":"Created client session 18d0e9ea778bca285fc68a10","timestamp":"2026-06-14 05:25:50"}
{"level":"info","message":"Created client session ec5727422166e5559f305ec6","timestamp":"2026-06-14 05:25:51"}
{"level":"info","message":"Created client session 3683a82e350c20b9f3178f0c","timestamp":"2026-06-14 05:25:52"}
{"level":"info","message":"Created client session 17b3b98f5db0e180c98a4e93","timestamp":"2026-06-14 05:25:53"}
{"level":"info","message":"Created client session f7c83a503fdcd85647500ba3","timestamp":"2026-06-14 05:25:54"}
{"level":"info","message":"Created client session 1f261cf918de0c5b9f177e32","timestamp":"2026-06-14 05:25:54"}
{"level":"info","message":"Created client session 7679d797e24b20c2e647afe4","timestamp":"2026-06-14 05:25:55"}
{"level":"info","message":"Created client session 77aea9cd2adc26aef96b3906","timestamp":"2026-06-14 05:25:56"}
{"level":"info","message":"Created client session 6c58c7290d0d5e68462907b1","timestamp":"2026-06-14 05:25:57"}
{"level":"info","message":"Created client session c962cdbeec7f0a770b933fb1","timestamp":"2026-06-14 05:25:58"}
{"level":"info","message":"Created client session f1d42c3f8a5b3563c2ef65ed","timestamp":"2026-06-14 05:25:59"}
{"level":"info","message":"Created client session b664dea03c78a144d7dd1f2f","timestamp":"2026-06-14 05:26:00"}
{"level":"info","message":"Created client session 6bf82d09623e2002e00229fd","timestamp":"2026-06-14 05:26:01"}
{"level":"info","message":"Created client session 3154ffe4e12afd53ed4238b6","timestamp":"2026-06-14 05:26:02"}
{"level":"info","message":"Created client session 1e02feef61c8f0bc7c3e41c3","timestamp":"2026-06-14 05:26:03"}
{"level":"info","message":"Created client session da90b0913743c9770a1495e1","timestamp":"2026-06-14 05:26:04"}
{"level":"info","message":"Created client session d6a792960d9b2847157ea62a","timestamp":"2026-06-14 05:26:05"}
{"level":"info","message":"Created client session 785a2a817285bfa55c62f087","timestamp":"2026-06-14 05:26:06"}
{"level":"info","message":"Created client session 77db82db2fb0a41cf5d8e675","timestamp":"2026-06-14 05:26:07"}
{"level":"info","message":"Created client session 6372deece8a942f59bc2c67e","timestamp":"2026-06-14 05:26:09"}
{"level":"info","message":"Created client session 6f61d200caf98d3245d45b23","timestamp":"2026-06-14 05:26:10"}
{"level":"info","message":"Created client session 346ce0c0e2c702b489be9457","timestamp":"2026-06-14 05:26:11"}
{"level":"info","message":"Created client session 6f9ad2af767f881b256679e7","timestamp":"2026-06-14 05:26:12"}
{"level":"info","message":"Created client session ce67ffad067476bb5954b8d6","timestamp":"2026-06-14 05:26:13"}
{"level":"info","message":"Created client session cd1c3d669a5115bac94b09ee","timestamp":"2026-06-14 05:26:14"}
{"level":"info","message":"Created client session a2cb5e14404d5366c9f3fb6a","timestamp":"2026-06-14 05:26:15"}
{"level":"info","message":"Created client session 156312350ead35ca41de10cf","timestamp":"2026-06-14 05:26:16"}
{"level":"info","message":"Created client session f25fa0ecc160dfbf8395bd8f","timestamp":"2026-06-14 05:26:17"}
{"level":"info","message":"Created client session 5262405495494a4e15212349","timestamp":"2026-06-14 05:26:18"}
{"level":"info","message":"Created client session 43e50b7c56d4716ab431e6cf","timestamp":"2026-06-14 05:26:19"}
{"level":"info","message":"Created client session 27ca687e2ceb91387031367e","timestamp":"2026-06-14 05:26:20"}
{"level":"info","message":"Created client session cbfe0786d4bdcac89340156b","timestamp":"2026-06-14 05:26:21"}
{"level":"info","message":"Created client session 773c88b561c846dcda94afc6","timestamp":"2026-06-14 05:28:23"}
{"level":"info","message":"Created client session 240dfcca985d949b75d8ca62","timestamp":"2026-06-14 05:43:24"}
{"level":"info","message":"Created client session 3476372b75fd55d5ef06471d","timestamp":"2026-06-14 06:01:42"}
{"level":"info","message":"Created client session cc0fe5d5bb9f848827dc2b54","timestamp":"2026-06-14 06:05:32"}
{"level":"info","message":"Created client session 58760d440f0dfc479e385751","timestamp":"2026-06-14 06:12:00"}
{"level":"info","message":"Created client session ed13451b9fe7d80b5cf253de","timestamp":"2026-06-14 06:29:53"}
{"level":"info","message":"Created client session 2386ed34093ada6f6dca5780","timestamp":"2026-06-14 06:41:43"}
{"level":"info","message":"Created client session 2e4c06641662e422c89d9c29","timestamp":"2026-06-14 07:18:59"}
{"level":"info","message":"Created client session f547668f1d1883c96f803b74","timestamp":"2026-06-14 07:18:59"}
{"level":"info","message":"Created client session 11e9086e9e49dbbfa78fe1f3","timestamp":"2026-06-14 07:19:32"}
{"level":"info","message":"Created client session 3a1e366d51eca2ba0b0e539e","timestamp":"2026-06-14 07:19:32"}
{"level":"info","message":"Created client session 767b0d4bac1b2f808ddab84c","timestamp":"2026-06-14 07:30:24"}
{"level":"info","message":"Created client session 3e75077c933e893a0f1b6902","timestamp":"2026-06-14 07:36:07"}
{"level":"info","message":"Created client session 14a82f11a03b5877dc1f1fc4","timestamp":"2026-06-14 07:36:08"}
{"level":"info","message":"Created client session c533783880ff2c1f018378ec","timestamp":"2026-06-14 07:43:01"}
{"level":"info","message":"Created client session 15ab00dc104e3f69b14c0884","timestamp":"2026-06-14 07:43:27"}
{"level":"info","message":"Created client session 30b730ae191d06013f82554a","timestamp":"2026-06-14 07:51:26"}
{"level":"info","message":"Created client session 4f62fcdbaf8003929e16b7ae","timestamp":"2026-06-14 08:09:34"}
{"level":"info","message":"Created client session dc72b0037753fd5c44ec87bb","timestamp":"2026-06-14 08:24:53"}
{"level":"info","message":"Created client session 2f7c3e197421f5d5089e2796","timestamp":"2026-06-14 08:25:51"}
{"level":"info","message":"Created client session 2a3970c8c1fa10d6f40b95bb","timestamp":"2026-06-14 08:27:05"}
{"level":"info","message":"Created client session 10b2a5e842a908c0f68d19de","timestamp":"2026-06-14 08:27:13"}
{"level":"info","message":"Created client session a1c30695f55a4a684496113a","timestamp":"2026-06-14 08:28:15"}
{"level":"info","message":"Created client session b522293b87ddf4d7a59e92bf","timestamp":"2026-06-14 08:29:22"}
{"level":"info","message":"Created client session 3aeb323e8e15d33d77dbd846","timestamp":"2026-06-14 08:29:51"}
{"level":"info","message":"Created client session 5cc69718cc9090ef5dcc98a3","timestamp":"2026-06-14 08:30:44"}
{"level":"info","message":"Created client session 7d83c76f3e973f908c1a1d8d","timestamp":"2026-06-14 08:31:04"}
{"level":"info","message":"Created client session c7193bfae07b98c62958ca78","timestamp":"2026-06-14 08:31:49"}
{"level":"info","message":"Created client session 9b67114ee9b5ecf421b8c67c","timestamp":"2026-06-14 08:31:57"}
{"level":"info","message":"Created client session cefc3b6e8d01bcf1526b8ae9","timestamp":"2026-06-14 08:35:59"}
{"level":"info","message":"Created client session 1dd4d6c355f000a0850f1782","timestamp":"2026-06-14 08:35:59"}
{"level":"info","message":"Created client session 23d1a9b461e0b5e30a8e8e47","timestamp":"2026-06-14 08:35:59"}
{"level":"info","message":"Created client session 0e8920b2cddadd8678bfc31b","timestamp":"2026-06-14 08:35:59"}
{"level":"info","message":"Created client session 73c2a5881e7ca765fe3b3176","timestamp":"2026-06-14 08:35:59"}
{"level":"info","message":"Created client session 417534c71cab26bad60eaeaf","timestamp":"2026-06-14 08:35:59"}
{"level":"info","message":"Dungeons & Dragons Fifth Edition update 5.3.3 is now available!","timestamp":"2026-06-14 08:45:10"}
{"level":"info","message":"Core software stable update 14.364 is available!","timestamp":"2026-06-14 08:45:10"}
{"level":"info","message":"Vended World data to User [YzL2W1htQr2gHsBA] in 1546ms","timestamp":"2026-06-14 08:45:11"}
{"level":"info","message":"Created client session 5396b9a6b41a02b27281b24f","timestamp":"2026-06-14 08:47:59"}
{"level":"info","message":"Created client session 537ddee897932a145bd3dd00","timestamp":"2026-06-14 09:02:30"}
{"level":"info","message":"Created client session db7d0bad511e53645797d7f0","timestamp":"2026-06-14 09:03:38"}
{"level":"info","message":"Created client session 6f30f3f8eda0e52605b3542b","timestamp":"2026-06-14 09:04:49"}
{"level":"info","message":"Created client session 4b1fed47d55e5ae97ee47bf9","timestamp":"2026-06-14 09:05:55"}
{"level":"info","message":"Created client session f757ee4af5ea53d321a466a6","timestamp":"2026-06-14 09:07:03"}
{"level":"info","message":"Created client session ae5bffe6272829e30f0f1ced","timestamp":"2026-06-14 09:08:22"}
{"level":"info","message":"Created client session 5c13cc3f7674454ddea0c36e","timestamp":"2026-06-14 09:49:32"}
{"level":"info","message":"Created client session ca43db224b284b8442086747","timestamp":"2026-06-14 09:55:31"}
{"level":"info","message":"Created client session a7d9f24aa25a8ec0756a890d","timestamp":"2026-06-14 10:07:41"}
{"level":"info","message":"Created client session 3e6d9f6969041cab0cc753ce","timestamp":"2026-06-14 10:07:43"}
{"level":"info","message":"Created client session 35be76c8358e2c951f59ee13","timestamp":"2026-06-14 10:07:46"}
{"level":"info","message":"Created client session 7dffcf3e72c0b74efa6dfc22","timestamp":"2026-06-14 10:07:48"}
{"level":"info","message":"Created client session bb3e6062959c1c734af171bd","timestamp":"2026-06-14 10:07:53"}
{"level":"info","message":"Created client session 8aeeb177a93c5b2a54ea4aab","timestamp":"2026-06-14 10:07:55"}
{"level":"info","message":"Created client session 68454773ed37bcb5e3ef981d","timestamp":"2026-06-14 10:07:58"}
{"level":"info","message":"Created client session 7c539ee2cfecb754923f2b44","timestamp":"2026-06-14 10:08:02"}
{"level":"info","message":"Created client session 7b3c3b94bb224262f2e726a8","timestamp":"2026-06-14 10:21:15"}
{"level":"info","message":"Created client session 468db37fecd570e2d960dad1","timestamp":"2026-06-14 10:22:16"}
{"level":"info","message":"Created client session c453d139fb0aa4e2ddc2fb7d","timestamp":"2026-06-14 10:30:31"}
{"level":"info","message":"Created client session 9d3c2df4d145dc996cb21728","timestamp":"2026-06-14 10:30:31"}
{"level":"info","message":"Created client session d92fb7206d479309e21594c0","timestamp":"2026-06-14 11:30:22"}
{"level":"info","message":"Created client session d63f31f8f2bdb9e3e8df8032","timestamp":"2026-06-14 11:52:10"}
{"level":"info","message":"Created client session ef3461d947e7e69fbc886391","timestamp":"2026-06-14 12:11:31"}
{"level":"info","message":"Created client session 521016692f2bea6bdaaa8b0d","timestamp":"2026-06-14 12:41:02"}
{"level":"info","message":"Created client session 1f0cd1c20624331eba115068","timestamp":"2026-06-14 13:08:12"}
{"level":"info","message":"Created client session ce4e3751ed97163ee0a5607c","timestamp":"2026-06-14 13:47:13"}
{"level":"info","message":"Created client session a3172efb23dcaee7cbcbc673","timestamp":"2026-06-14 13:47:28"}
{"level":"info","message":"Created client session 76f8a3503a7d5dc7f85fe58c","timestamp":"2026-06-14 14:23:31"}
{"level":"info","message":"Created client session 58473119fcdfe25ae38e8cef","timestamp":"2026-06-14 14:33:49"}
{"level":"info","message":"Created client session 084b4274e24708c02c405317","timestamp":"2026-06-14 14:35:11"}
{"level":"info","message":"Created client session 011d537e748cfd315d40bd07","timestamp":"2026-06-14 14:35:55"}
{"level":"info","message":"Created client session 90cfc6c8b87b83c4e58430b3","timestamp":"2026-06-14 14:37:05"}
{"level":"info","message":"Created client session aa8bf12c1d9e80d9a9d8d3fd","timestamp":"2026-06-14 14:46:14"}
{"level":"info","message":"Created client session cd6f61e3a0a020950d0ad850","timestamp":"2026-06-14 14:46:25"}
{"level":"info","message":"Created client session 6b535be9840a9a9c0288f43b","timestamp":"2026-06-14 14:46:36"}
{"level":"info","message":"Created client session 77e3718241c54416bd09f78a","timestamp":"2026-06-14 14:46:53"}
{"level":"info","message":"Created client session 168257603bde72ec0b8efb2f","timestamp":"2026-06-14 14:52:48"}
{"level":"info","message":"Created client session 097bc62ed1d11c47fcf63951","timestamp":"2026-06-14 14:57:12"}
{"level":"info","message":"Created client session 1cba403931cf8349cd44efc2","timestamp":"2026-06-14 15:13:13"}
{"level":"info","message":"Created client session d03b0276d153fb32cc61fb09","timestamp":"2026-06-14 15:14:16"}
{"level":"info","message":"Created client session fa0074a50ce94e6b87824ae5","timestamp":"2026-06-14 15:14:16"}
{"level":"info","message":"Created client session 1dd0899068bc21186659589a","timestamp":"2026-06-14 15:14:16"}
{"level":"info","message":"Created client session 0eb6f9fe19cee1a497113680","timestamp":"2026-06-14 15:14:16"}
{"level":"info","message":"Created client session bf9273d3947cdf99e2477d0a","timestamp":"2026-06-14 15:14:16"}
{"level":"info","message":"Created client session 3ebbc9cdc4ebc364bf8723ba","timestamp":"2026-06-14 15:26:23"}
{"level":"info","message":"Created client session 142c43e0db3600145fd3bff5","timestamp":"2026-06-14 15:26:23"}
{"level":"info","message":"Created client session 2eb7762672ed1dfc6da6f8da","timestamp":"2026-06-14 15:26:23"}
{"level":"info","message":"Created client session 4956b0966f2f7c1a3880b4d5","timestamp":"2026-06-14 15:26:23"}
{"level":"info","message":"Created client session 5a2e5e8ef01455b1976d8ecd","timestamp":"2026-06-14 15:26:23"}
{"level":"info","message":"Created client session 0567f6be2534323d0a172870","timestamp":"2026-06-14 15:26:23"}
{"level":"info","message":"Created client session aec55e4ebd412a117962f8c7","timestamp":"2026-06-14 15:26:23"}
{"level":"info","message":"Created client session 83034e60c86bce8ddab8a97d","timestamp":"2026-06-14 15:26:23"}
{"level":"info","message":"Created client session d9be036fc2c8ca559eacdafa","timestamp":"2026-06-14 15:26:23"}
{"level":"info","message":"Created client session f7f77fb6530c19b59b7e1de4","timestamp":"2026-06-14 15:26:23"}
{"level":"info","message":"Created client session 43714200269c449cc93368c5","timestamp":"2026-06-14 15:26:23"}
{"level":"info","message":"Created client session 06c8a14dc86e6d070849e5bc","timestamp":"2026-06-14 15:26:23"}
{"level":"info","message":"Created client session d4d63aa91215b5fafa35ef50","timestamp":"2026-06-14 15:26:23"}
{"level":"info","message":"Created client session 7f7d26ceaa192eb190494c37","timestamp":"2026-06-14 15:26:23"}
{"level":"info","message":"Created client session f151593b3e78075675d2e91e","timestamp":"2026-06-14 15:26:23"}
{"level":"info","message":"Created client session 174bb95f843a77fb643946b1","timestamp":"2026-06-14 15:26:23"}
{"level":"info","message":"Created client session c432109c01ba2a7b91c64ff2","timestamp":"2026-06-14 15:26:23"}
{"level":"info","message":"Created client session f4c58c43e6a95acadc2b5352","timestamp":"2026-06-14 15:26:23"}
{"level":"info","message":"Created client session 0bbf233a07f78345e166f5e7","timestamp":"2026-06-14 15:26:23"}
{"level":"info","message":"Created client session 3f938d992e67e26fb6db3634","timestamp":"2026-06-14 15:26:23"}
{"level":"info","message":"Created client session 43191d2ec91e535e1d904d5a","timestamp":"2026-06-14 15:26:23"}
{"level":"info","message":"Created client session 24e3d1bbfc5b422783d1b520","timestamp":"2026-06-14 15:26:23"}
{"level":"info","message":"Created client session 9efb2baa08635b850c112f49","timestamp":"2026-06-14 15:26:23"}
{"level":"info","message":"Created client session d5e8c0f9bfc173bd91200381","timestamp":"2026-06-14 15:26:23"}
{"level":"info","message":"Created client session 9f5ae6f3dbbd232172a26992","timestamp":"2026-06-14 15:26:23"}
{"level":"info","message":"Created client session 433dd857b9e88680630f1971","timestamp":"2026-06-14 15:26:23"}
{"level":"info","message":"Created client session 842708d502c05fa51db2cd89","timestamp":"2026-06-14 15:26:23"}
{"level":"info","message":"Created client session 71729a5794b78ba06c878ec6","timestamp":"2026-06-14 15:26:23"}
{"level":"info","message":"Created client session 2420869e8a84a3ffc969031a","timestamp":"2026-06-14 15:26:23"}
{"level":"info","message":"Created client session 4cce02af4c72c03cf5a713ba","timestamp":"2026-06-14 15:26:24"}
{"level":"info","message":"Created client session fc75953e82c3db7e361622ba","timestamp":"2026-06-14 15:31:11"}
{"level":"info","message":"Created client session 962bac5c56fbf0bdded474b7","timestamp":"2026-06-14 15:33:42"}
{"level":"info","message":"Created client session 3972436e9a863654af8936c7","timestamp":"2026-06-14 16:18:08"}
{"level":"info","message":"Created client session 0f1945cb440ab4edb138daef","timestamp":"2026-06-14 16:25:59"}
{"level":"info","message":"Created client session 11f66d1a27c89694b9811607","timestamp":"2026-06-14 16:53:57"}
{"level":"info","message":"Created client session 7219b4548bf37609e90e6c49","timestamp":"2026-06-14 17:21:16"}
{"level":"info","message":"Created client session c1a189637a4032d661e57a89","timestamp":"2026-06-14 17:22:04"}
{"level":"info","message":"Created client session b9191f2d2a24076402cb8267","timestamp":"2026-06-14 17:27:41"}
{"level":"info","message":"Created client session 4d6c6946d7906b6321a71f4c","timestamp":"2026-06-14 17:46:52"}
{"level":"info","message":"Created client session bb8e07fd72c33ed329a6e4d4","timestamp":"2026-06-14 17:46:52"}
{"level":"info","message":"Created client session 43f8f6b2975ffe71bb6addd6","timestamp":"2026-06-14 17:46:52"}
{"level":"info","message":"Created client session 5284f22214faae1ca3e89ccf","timestamp":"2026-06-14 17:46:52"}
{"level":"info","message":"Created client session 685829d41e54f3c619c801b6","timestamp":"2026-06-14 17:46:52"}
{"level":"info","message":"Created client session 9919d68d571df5d87f935924","timestamp":"2026-06-14 17:55:23"}
{"level":"info","message":"Created client session bcd037e26946b183f8909b15","timestamp":"2026-06-14 17:56:37"}
{"level":"info","message":"Created client session b0295b77e8045a8b249f9ae9","timestamp":"2026-06-14 17:56:37"}
{"level":"info","message":"Created client session 4b6e06b1f6386893e4f86fbe","timestamp":"2026-06-14 17:56:38"}
{"level":"info","message":"Created client session b65b4b2bf97b0a277d5e68e5","timestamp":"2026-06-14 17:56:39"}
{"level":"info","message":"Created client session 844a26835ed90b805d6b8e44","timestamp":"2026-06-14 17:56:39"}
{"level":"info","message":"Created client session 3eeccbfd9d65ac20a27ec83b","timestamp":"2026-06-14 17:56:39"}
{"level":"info","message":"Created client session 63a7f0055565a529b60fba72","timestamp":"2026-06-14 17:56:39"}
{"level":"info","message":"Created client session 9b00a99d5ba25e84e7818a53","timestamp":"2026-06-14 17:56:39"}
{"level":"info","message":"Created client session 3ffb77ff35bc05d6cbf198f4","timestamp":"2026-06-14 17:56:39"}
{"level":"info","message":"Created client session 362733b965a098813acd6862","timestamp":"2026-06-14 17:56:39"}
{"level":"info","message":"Created client session d0d6ed584577f99e0769db00","timestamp":"2026-06-14 17:56:39"}
{"level":"info","message":"Created client session c23a27c933536337f5fb3b48","timestamp":"2026-06-14 17:56:39"}
{"level":"info","message":"Created client session a42c33ad9127078e18bbbcc5","timestamp":"2026-06-14 17:56:39"}
{"level":"info","message":"Created client session 22dcecc89d01a156890d25b3","timestamp":"2026-06-14 17:56:39"}
{"level":"info","message":"Created client session 346c0c0a328bbb3ed9d86179","timestamp":"2026-06-14 17:56:40"}
{"level":"info","message":"Created client session c4ce8a16f7326061bceb5f5f","timestamp":"2026-06-14 18:19:03"}
{"level":"info","message":"Created client session d5d64bd887bed2590522caec","timestamp":"2026-06-14 18:19:06"}
{"level":"info","message":"Created client session 3be263c7a808d382cec9b82a","timestamp":"2026-06-14 18:27:14"}
{"level":"info","message":"Created client session 4a636744649e3e16aa9c9765","timestamp":"2026-06-14 18:44:14"}
{"level":"info","message":"Created client session 9e4c9e8508ba795c76c658e3","timestamp":"2026-06-14 18:58:08"}
{"level":"info","message":"Created client session f1d7a7870230f5bf7a029017","timestamp":"2026-06-14 18:58:08"}
{"level":"info","message":"Created client session 155437ac9b841bd02410b4ad","timestamp":"2026-06-14 18:58:08"}
{"level":"info","message":"Created client session 3319c84884c0ac492e18dafd","timestamp":"2026-06-14 18:58:08"}
{"level":"info","message":"Created client session 4988af9c2ba0e32fd4809908","timestamp":"2026-06-14 18:58:08"}
{"level":"info","message":"Created client session 754c1c0104f2ff30153f4268","timestamp":"2026-06-14 18:58:08"}
{"level":"info","message":"Created client session da07c96c2edb3345e5d8bfc5","timestamp":"2026-06-14 18:58:08"}
{"level":"info","message":"Created client session dda93119dfa1485d1844c1f7","timestamp":"2026-06-14 18:58:08"}
{"level":"info","message":"Created client session 2b4c7a4b0e3217eb63fd9d80","timestamp":"2026-06-14 18:58:08"}
{"level":"info","message":"Created client session 155b40c659fb9d72c86c8659","timestamp":"2026-06-14 18:58:08"}
{"level":"info","message":"Created client session 48de945e5f611524706a61a4","timestamp":"2026-06-14 18:58:08"}
{"level":"info","message":"Created client session cbf1025adc3b290ae5298308","timestamp":"2026-06-14 18:58:08"}
{"level":"info","message":"Created client session 31f535c73e4bcbb0cb7aebdf","timestamp":"2026-06-14 18:58:08"}
{"level":"info","message":"Created client session 4446848545f363200127d84f","timestamp":"2026-06-14 18:58:08"}
{"level":"info","message":"Created client session 686fd2e670193530f79d0177","timestamp":"2026-06-14 18:58:08"}
{"level":"info","message":"Created client session 42bd30b748a500fff53706d4","timestamp":"2026-06-14 18:58:08"}
{"level":"info","message":"Created client session e9d1cd85ca8b3b2fb84ad558","timestamp":"2026-06-14 18:58:08"}
{"level":"info","message":"Created client session 44ba2b715052e5e50950f32a","timestamp":"2026-06-14 18:58:08"}
{"level":"info","message":"Created client session d7f589cf587d6d5ff637aae0","timestamp":"2026-06-14 18:58:09"}
{"level":"info","message":"Created client session 014debe0d0be8a88cce9c1c6","timestamp":"2026-06-14 18:58:09"}
{"level":"info","message":"Created client session 2b87a952f8f0e7de77d601e4","timestamp":"2026-06-14 18:58:09"}
{"level":"info","message":"Created client session 3bda2a2c0a412959735ce5aa","timestamp":"2026-06-14 18:58:09"}
{"level":"info","message":"Created client session 04173ed27a0d6701131b2dee","timestamp":"2026-06-14 18:58:09"}
{"level":"info","message":"Created client session eb22a088c73ff129528d7de6","timestamp":"2026-06-14 18:58:09"}
{"level":"info","message":"Created client session 1fb3af9599dbf5f6565d62b7","timestamp":"2026-06-14 18:58:09"}
{"level":"info","message":"Created client session 7e8271fb771587029bdb8cfb","timestamp":"2026-06-14 18:58:09"}
{"level":"info","message":"Created client session 9bc059a2dc8e746e560a8010","timestamp":"2026-06-14 18:58:09"}
{"level":"info","message":"Created client session 2dd5dd980050436ba6497559","timestamp":"2026-06-14 18:58:09"}
{"level":"info","message":"Created client session 040207a9d8fd52856c9d7535","timestamp":"2026-06-14 18:58:09"}
{"level":"info","message":"Created client session 5309f2a9a7ff8113b277fa5a","timestamp":"2026-06-14 18:58:09"}
{"level":"info","message":"Created client session fff009b59c387c8a9a339fe5","timestamp":"2026-06-14 18:58:09"}
{"level":"info","message":"Created client session b35fb9667ee819aa24393dcb","timestamp":"2026-06-14 18:58:09"}
{"level":"info","message":"Created client session feae47e7e1b0f0aa739e5eb9","timestamp":"2026-06-14 18:58:09"}
{"level":"info","message":"Created client session f380e53eb8c8ebb733f75e3b","timestamp":"2026-06-14 18:58:09"}
{"level":"info","message":"Created client session 4af78502ba8446a9ea80ef07","timestamp":"2026-06-14 18:58:09"}
{"level":"info","message":"Created client session 045bde7043dabcc4ccce648d","timestamp":"2026-06-14 18:58:09"}
{"level":"info","message":"Created client session bf0ad637c050222198a00760","timestamp":"2026-06-14 18:58:09"}
{"level":"info","message":"Created client session 68994baeeea902406e2854d1","timestamp":"2026-06-14 18:58:09"}
{"level":"info","message":"Created client session 65595cea8a828fd03320875a","timestamp":"2026-06-14 18:58:09"}
{"level":"info","message":"Created client session 83a2bd2498aa9f4d0ec21c00","timestamp":"2026-06-14 18:58:09"}
{"level":"info","message":"Created client session a414adeee7d2a401232b135f","timestamp":"2026-06-14 18:58:09"}
{"level":"info","message":"Created client session a9bb6e8d64c489b2e701b6e8","timestamp":"2026-06-14 18:58:10"}
{"level":"info","message":"Created client session d1d2568b3ae4382979dfe76a","timestamp":"2026-06-14 18:58:10"}
{"level":"info","message":"Created client session 84cdd63d7a2d5e1de6d4c315","timestamp":"2026-06-14 18:58:10"}
{"level":"info","message":"Created client session d1e87cd6cbc0af9b22e7c920","timestamp":"2026-06-14 18:58:10"}
{"level":"info","message":"Created client session 60ed4897e9f366360905c184","timestamp":"2026-06-14 18:58:10"}
{"level":"info","message":"Created client session e4b83518af82a2569c70fc0c","timestamp":"2026-06-14 18:58:10"}
{"level":"info","message":"Created client session 79a1696f4b898e7568ebc505","timestamp":"2026-06-14 18:58:10"}
{"level":"info","message":"Created client session b2d00a5bdca0664b75a1b20d","timestamp":"2026-06-14 18:58:10"}
{"level":"info","message":"Created client session 2d94feca6fec8721c5ce9b5a","timestamp":"2026-06-14 18:58:10"}
{"level":"info","message":"Created client session cb13dc2b6865635108998f79","timestamp":"2026-06-14 18:58:10"}
{"level":"info","message":"Created client session 1e37eb6c34ab650197f4cc9f","timestamp":"2026-06-14 18:58:10"}
{"level":"info","message":"Created client session 316a669c9af00a15811a9ca8","timestamp":"2026-06-14 18:58:10"}
{"level":"info","message":"Created client session 813dd9f715d992d505288f73","timestamp":"2026-06-14 18:58:10"}
{"level":"info","message":"Created client session f91e55a2704038427ef7ce48","timestamp":"2026-06-14 18:58:10"}
{"level":"info","message":"Created client session 59c485c16dcf68bf55352ed1","timestamp":"2026-06-14 18:58:10"}
{"level":"info","message":"Created client session 8afe1b66acbe8c321d1354c2","timestamp":"2026-06-14 18:58:10"}
{"level":"info","message":"Created client session 82910d4e4fcd243efd8e2226","timestamp":"2026-06-14 18:58:10"}
{"level":"info","message":"Created client session 2624ffcd4eca414ab4076b34","timestamp":"2026-06-14 18:58:10"}
{"level":"info","message":"Created client session f481edf5a9dcd5ec3563ab93","timestamp":"2026-06-14 18:58:10"}
{"level":"info","message":"Created client session 5681c34e598431168a753869","timestamp":"2026-06-14 18:58:10"}
{"level":"info","message":"Created client session bcc81ee11d9c8270b600e256","timestamp":"2026-06-14 18:58:10"}
{"level":"info","message":"Created client session 8e57abe4b020a736848a2e84","timestamp":"2026-06-14 18:58:10"}
{"level":"info","message":"Created client session ab2d7f92a3168e6078137add","timestamp":"2026-06-14 18:58:10"}
{"level":"info","message":"Created client session c14094333a0201b9c61bc6fe","timestamp":"2026-06-14 18:58:10"}
{"level":"info","message":"Created client session 67c59aea9c6803ac3813409c","timestamp":"2026-06-14 18:58:10"}
{"level":"info","message":"Created client session f239be0cba01dd0df80f6fd4","timestamp":"2026-06-14 18:58:10"}
{"level":"info","message":"Created client session b77b2c8209218826d7d0b32e","timestamp":"2026-06-14 18:58:10"}
{"level":"info","message":"Created client session 1f2888e372cd311ea09429fd","timestamp":"2026-06-14 18:58:10"}
{"level":"info","message":"Created client session 17872a530e036723b04f399a","timestamp":"2026-06-14 18:58:10"}
{"level":"info","message":"Created client session 45ef75f216255d81a587bc45","timestamp":"2026-06-14 18:58:10"}
{"level":"info","message":"Created client session e4e0d6886c2d63d7d0df3238","timestamp":"2026-06-14 18:58:10"}
{"level":"info","message":"Created client session 024007b2eaeb5c3c30ffaaeb","timestamp":"2026-06-14 18:58:10"}
{"level":"info","message":"Created client session 991a92fe2d0010d1f049993b","timestamp":"2026-06-14 18:58:10"}
{"level":"info","message":"Created client session 7951e1ad21d1406fa0bcef87","timestamp":"2026-06-14 18:58:10"}
{"level":"info","message":"Created client session 7a2568e769a62155e6fad729","timestamp":"2026-06-14 18:58:10"}
{"level":"info","message":"Created client session 28a640df7a13f4cfebc83c19","timestamp":"2026-06-14 18:58:10"}
{"level":"info","message":"Created client session 36bd4a1bb271f8944f2a8c5f","timestamp":"2026-06-14 18:58:10"}
{"level":"info","message":"Created client session 9fa777c3b84da7f94cbc8207","timestamp":"2026-06-14 18:58:11"}
{"level":"info","message":"Created client session 6fd51602b95bdff98e31765f","timestamp":"2026-06-14 18:58:11"}
{"level":"info","message":"Created client session eeb3b1b9d48f8d6d951d2a78","timestamp":"2026-06-14 18:58:11"}
{"level":"info","message":"Created client session 7c0954c26599588d4e2e2cad","timestamp":"2026-06-14 18:58:11"}
{"level":"info","message":"Created client session 7bc9e6b6ed46b90e785c28e7","timestamp":"2026-06-14 18:58:11"}
{"level":"info","message":"Created client session 2755e2ca664493cade3d5e3a","timestamp":"2026-06-14 18:58:11"}
{"level":"info","message":"Created client session cef60073fdafabb97fac9689","timestamp":"2026-06-14 18:58:11"}
{"level":"info","message":"Created client session 1e10690b6f0ae305a518b47d","timestamp":"2026-06-14 18:58:11"}
{"level":"info","message":"Created client session a086d6b60fb596105a2a1a41","timestamp":"2026-06-14 18:58:11"}
{"level":"info","message":"Created client session 62243ed0288d67856114a351","timestamp":"2026-06-14 18:58:11"}
{"level":"info","message":"Created client session f655e152a0f515e533da76a3","timestamp":"2026-06-14 18:58:11"}
{"level":"info","message":"Created client session a8e00552ca8fda3123b50193","timestamp":"2026-06-14 18:58:11"}
{"level":"info","message":"Created client session 563441e442f9672357fd926e","timestamp":"2026-06-14 18:58:12"}
{"level":"info","message":"Created client session 26a2c055dfe683103a7b9be8","timestamp":"2026-06-14 18:58:12"}
{"level":"info","message":"Created client session 423734dc50b5b8b07feccedb","timestamp":"2026-06-14 18:58:12"}
{"level":"info","message":"Created client session 4ec50fa34812aad5c9808bfd","timestamp":"2026-06-14 18:58:12"}
{"level":"info","message":"Created client session 88f986ea6fedd9706998a1dc","timestamp":"2026-06-14 18:58:12"}
{"level":"info","message":"Created client session cde819b2d18c6ade0da5f019","timestamp":"2026-06-14 18:58:12"}
{"level":"info","message":"Created client session 36aab989f4b9a54473fce8e6","timestamp":"2026-06-14 18:58:12"}
{"level":"info","message":"Created client session b54bf2a51e34f17f2bebeda1","timestamp":"2026-06-14 18:58:12"}
{"level":"info","message":"Created client session 617fda65bb1c5a30fc1b678a","timestamp":"2026-06-14 18:58:12"}
{"level":"info","message":"Created client session 2143041d564d76488db9894e","timestamp":"2026-06-14 18:58:12"}
{"level":"info","message":"Created client session e06c329270cc57ba56cab404","timestamp":"2026-06-14 18:58:12"}
{"level":"info","message":"Created client session d987f3cf5a464a1dcb55a6e4","timestamp":"2026-06-14 18:58:12"}
{"level":"info","message":"Created client session 2cca4ae21a5b754582700890","timestamp":"2026-06-14 18:58:12"}
{"level":"info","message":"Created client session 1e797b3ab29bee8025ea5963","timestamp":"2026-06-14 18:58:12"}
{"level":"info","message":"Created client session ad7d9b40fafa4ca3a64d148f","timestamp":"2026-06-14 18:58:12"}
{"level":"info","message":"Created client session 51c77f77c4dae49d6bbbf043","timestamp":"2026-06-14 18:58:12"}
{"level":"info","message":"Created client session a937abf6c176d1f08fc48409","timestamp":"2026-06-14 18:58:13"}
{"level":"info","message":"Created client session 43255126f0a5cdb702d9f15d","timestamp":"2026-06-14 18:58:13"}
{"level":"info","message":"Created client session b790bfe44bd572b1d868b065","timestamp":"2026-06-14 18:58:13"}
{"level":"info","message":"Created client session c5e14a704a7668c151a5830d","timestamp":"2026-06-14 18:58:13"}
{"level":"info","message":"Created client session c50c9fd6c57b3bd8959e4421","timestamp":"2026-06-14 18:58:13"}
{"level":"info","message":"Created client session 45fc5427af30524b45e544ad","timestamp":"2026-06-14 18:58:13"}
{"level":"info","message":"Created client session 96a1701f8d4637ed3fb35267","timestamp":"2026-06-14 18:58:13"}
{"level":"info","message":"Created client session 2c4a14f2fe2eb803fa97e71a","timestamp":"2026-06-14 18:58:13"}
{"level":"info","message":"Created client session b5fbd7de862051bdf92f690a","timestamp":"2026-06-14 18:58:13"}
{"level":"info","message":"Created client session 87816795c4dbbb38c4f2de47","timestamp":"2026-06-14 18:58:13"}
{"level":"info","message":"Created client session b67b474d9b1e839100a00ca2","timestamp":"2026-06-14 18:58:13"}
{"level":"info","message":"Created client session d4a66d2cc87f1539c9009851","timestamp":"2026-06-14 18:58:13"}
{"level":"info","message":"Created client session 36acd4215beb52cddd31050b","timestamp":"2026-06-14 18:58:13"}
{"level":"info","message":"Created client session 4e929402cb4806f383cff499","timestamp":"2026-06-14 18:58:13"}
{"level":"info","message":"Created client session 0d55320bfafba9fef50072f1","timestamp":"2026-06-14 18:58:13"}
{"level":"info","message":"Created client session 60b2edd4e8bed7123be8e32c","timestamp":"2026-06-14 18:58:13"}
{"level":"info","message":"Created client session 8611efad5be65faab62e38b7","timestamp":"2026-06-14 18:58:13"}
{"level":"info","message":"Created client session 8b1f383a0d9b62c2bdd4deeb","timestamp":"2026-06-14 18:58:13"}
{"level":"info","message":"Created client session 83084111ac6385fb98d0d948","timestamp":"2026-06-14 18:58:13"}
{"level":"info","message":"Created client session 0d9c3f756054673a021a33dc","timestamp":"2026-06-14 18:58:13"}
{"level":"info","message":"Created client session 190744e1e6ddc76f7f74b964","timestamp":"2026-06-14 18:58:13"}
{"level":"info","message":"Created client session f877eabef4874a63b48ff22d","timestamp":"2026-06-14 18:58:13"}
{"level":"info","message":"Created client session 27a5ff6516aad5887d64e28f","timestamp":"2026-06-14 18:58:13"}
{"level":"info","message":"Created client session bfd03e7075075b75095a47fc","timestamp":"2026-06-14 18:58:13"}
{"level":"info","message":"Created client session 164b6451cb34a9066a3dd21d","timestamp":"2026-06-14 18:58:13"}
{"level":"info","message":"Created client session 0f8371579580ea3ac67e0a5a","timestamp":"2026-06-14 18:58:13"}
{"level":"info","message":"Created client session 328cf87efa834d508494425f","timestamp":"2026-06-14 18:58:13"}
{"level":"info","message":"Created client session 95eabff288c9baee072a21d3","timestamp":"2026-06-14 18:58:13"}
{"level":"info","message":"Created client session 49ab3d5efa3156bed30735a1","timestamp":"2026-06-14 18:58:13"}
{"level":"info","message":"Created client session ad14795134efb076fa20581a","timestamp":"2026-06-14 18:58:13"}
{"level":"info","message":"Created client session 10dc9e39472fd4e9c97cbb9e","timestamp":"2026-06-14 18:58:13"}
{"level":"info","message":"Created client session e2f93d23981486a93bfbeab4","timestamp":"2026-06-14 18:58:13"}
{"level":"info","message":"Created client session ad37307eff7e948358a2e3d7","timestamp":"2026-06-14 18:58:13"}
{"level":"info","message":"Created client session 7df78a70efd8daf167cf58c7","timestamp":"2026-06-14 18:58:13"}
{"level":"info","message":"Created client session 5a57718ee972af87be432cb1","timestamp":"2026-06-14 18:58:13"}
{"level":"info","message":"Created client session 36d7e8b6108baf5db65a687d","timestamp":"2026-06-14 18:58:13"}
{"level":"info","message":"Created client session b4d5949461ed27df4263b0c7","timestamp":"2026-06-14 18:58:13"}
{"level":"info","message":"Created client session 4b11e26f0e28473abe6595cb","timestamp":"2026-06-14 18:58:13"}
{"level":"info","message":"Created client session 6bd758dc0a6f01ed0fb65685","timestamp":"2026-06-14 18:58:13"}
{"level":"info","message":"Created client session 67c4c3db590cea8e1326a5dc","timestamp":"2026-06-14 18:58:13"}
{"level":"info","message":"Created client session 15707d4764cfc87532dbc889","timestamp":"2026-06-14 18:58:13"}
{"level":"info","message":"Created client session 814dce811bb63a9efee47e82","timestamp":"2026-06-14 18:58:13"}
{"level":"info","message":"Created client session a8f4b17ae47860dbac5a9eb0","timestamp":"2026-06-14 18:58:13"}
{"level":"info","message":"Created client session efae940e8b397c6d700d247e","timestamp":"2026-06-14 18:58:13"}
{"level":"info","message":"Created client session 66c1285c526b451a344c26f3","timestamp":"2026-06-14 18:58:13"}
{"level":"info","message":"Created client session c009d697ad9d4b89db725aef","timestamp":"2026-06-14 18:58:13"}
{"level":"info","message":"Created client session 79a3b1e83a8e12d88cf01896","timestamp":"2026-06-14 18:58:13"}
{"level":"info","message":"Created client session edf8a6399adea758e285f214","timestamp":"2026-06-14 18:58:13"}
{"level":"info","message":"Created client session ba2a953873a9a420866eb5ad","timestamp":"2026-06-14 18:58:13"}
{"level":"info","message":"Created client session 75ec3e83db5964ae3d3ece35","timestamp":"2026-06-14 18:58:13"}
{"level":"info","message":"Created client session 88bc867e7d1e01e9c7eefe60","timestamp":"2026-06-14 18:58:13"}
{"level":"info","message":"Created client session 67626b79a0cd3211e442764a","timestamp":"2026-06-14 18:58:13"}
{"level":"info","message":"Created client session d7f88b96cf9a2ae487c4b45d","timestamp":"2026-06-14 18:58:13"}
{"level":"info","message":"Created client session 70cc0baf4ac7ffe9a98e9a9a","timestamp":"2026-06-14 18:58:13"}
{"level":"info","message":"Created client session f88efdaf2dfe8d54ed76938d","timestamp":"2026-06-14 18:58:13"}
{"level":"info","message":"Created client session d94cb4237084eb2ba41ef407","timestamp":"2026-06-14 18:58:14"}
{"level":"info","message":"Created client session aa628a6b58030660f9688e80","timestamp":"2026-06-14 18:58:14"}
{"level":"info","message":"Created client session 9b4f662d6cdc703cf8ed49fd","timestamp":"2026-06-14 18:58:14"}
{"level":"info","message":"Created client session 5ca4070224a7f1ccb4270aee","timestamp":"2026-06-14 18:58:15"}
{"level":"info","message":"Created client session 1102eaf4a158bcd4e745f1a7","timestamp":"2026-06-14 18:58:16"}
{"level":"info","message":"Created client session 5ab67676a0fd072357a65092","timestamp":"2026-06-14 19:06:04"}
{"ip":"::ffff:127.0.0.1","level":"info","message":"User authentication successful for user Gamemaster","session":"5ab67676a0fd072357a65092","timestamp":"2026-06-14 19:15:34"}
{"level":"info","message":"Dungeons & Dragons Fifth Edition update 5.3.3 is now available!","timestamp":"2026-06-14 19:15:36"}
{"level":"info","message":"Vended World data to User [YzL2W1htQr2gHsBA] in 652ms","timestamp":"2026-06-14 19:15:36"}
{"level":"info","message":"Created client session c81ac743555132403488f22c","timestamp":"2026-06-14 19:16:17"}
{"level":"info","message":"Created client session 3ded99a66a0798db90f01ce2","timestamp":"2026-06-14 19:17:06"}
{"level":"info","message":"Dungeons & Dragons Fifth Edition update 5.3.3 is now available!","timestamp":"2026-06-14 19:18:03"}
{"level":"info","message":"Vended World data to User [YzL2W1htQr2gHsBA] in 576ms","timestamp":"2026-06-14 19:18:03"}
{"level":"info","message":"Toggling game pause status to true","timestamp":"2026-06-14 19:18:12"}
{"level":"info","message":"Created Scene with id [gIQknJgIZf9MwQ4p]","timestamp":"2026-06-14 19:19:04"}
{"level":"info","message":"Gemini_Generated_Image_ivpvqjivpvqjivpv.png saved to Chapters/5. Die Stadt Vallaki/Images","timestamp":"2026-06-14 19:42:11"}
{"level":"info","message":"Persisted base64 image to \"/home/foundry/data/Data/worlds/cos/assets/scenes/thumb-eOkZWJmnrsinLAlhk1MLag.webp\"","timestamp":"2026-06-14 19:43:09"}
{"level":"info","message":"Created Note with id [XmlWQAOYFIWq8uXI] in parent Scene [gIQknJgIZf9MwQ4p]","timestamp":"2026-06-14 19:44:15"}
{"level":"debug","message":"Starting edit session for user 'YzL2W1htQr2gHsBA' and instance 'JournalEntry.xV7NNt7cPqNWltjJ.JournalEntryPage.rfrsfjEQkGJL89aY#text.content'.","timestamp":"2026-06-14 19:44:19"}
{"level":"debug","message":"Retiring user 'YzL2W1htQr2gHsBA' from editing session for instance 'JournalEntry.xV7NNt7cPqNWltjJ.JournalEntryPage.rfrsfjEQkGJL89aY#text.content'.","timestamp":"2026-06-14 19:45:03"}
{"level":"debug","message":"Instance 'JournalEntry.xV7NNt7cPqNWltjJ.JournalEntryPage.rfrsfjEQkGJL89aY#text.content' has no more active editors, cleaning up.","timestamp":"2026-06-14 19:45:03"}
{"level":"debug","message":"Starting edit session for user 'YzL2W1htQr2gHsBA' and instance 'JournalEntry.xV7NNt7cPqNWltjJ.JournalEntryPage.rfrsfjEQkGJL89aY#text.content'.","timestamp":"2026-06-14 19:45:57"}
{"level":"debug","message":"Broadcasting autosave update for instance 'JournalEntry.xV7NNt7cPqNWltjJ.JournalEntryPage.rfrsfjEQkGJL89aY#text.content'.","timestamp":"2026-06-14 19:46:57"}
{"level":"debug","message":"Broadcasting autosave update for instance 'JournalEntry.xV7NNt7cPqNWltjJ.JournalEntryPage.rfrsfjEQkGJL89aY#text.content'.","timestamp":"2026-06-14 19:54:57"}
{"level":"debug","message":"Broadcasting autosave update for instance 'JournalEntry.xV7NNt7cPqNWltjJ.JournalEntryPage.rfrsfjEQkGJL89aY#text.content'.","timestamp":"2026-06-14 19:55:57"}
{"level":"debug","message":"Broadcasting autosave update for instance 'JournalEntry.xV7NNt7cPqNWltjJ.JournalEntryPage.rfrsfjEQkGJL89aY#text.content'.","timestamp":"2026-06-14 19:56:57"}
{"level":"info","message":"Created client session c22e8e0bb33ca530b49c5126","timestamp":"2026-06-14 20:30:04"}
{"level":"info","message":"Created client session 5ba53c9601b575e2d5c119a5","timestamp":"2026-06-14 20:30:04"}
{"level":"info","message":"Created client session 6dc151fb3ea25ae896b7f70e","timestamp":"2026-06-14 20:30:04"}
{"level":"info","message":"Created client session 39795c8428b08c5e787a159f","timestamp":"2026-06-14 20:30:04"}
{"level":"info","message":"Created client session 720300307dfbd381f71ec8dd","timestamp":"2026-06-14 20:30:04"}
{"level":"info","message":"Created client session 9d3133914d13c96677487d81","timestamp":"2026-06-14 20:30:04"}
{"level":"info","message":"Created client session 571aa77c488ff1e8f29f3d00","timestamp":"2026-06-14 20:30:04"}
{"level":"info","message":"Created client session 394f34d1997efc3a211f18e5","timestamp":"2026-06-14 20:30:04"}
{"level":"info","message":"Created client session 60df355e6d4ca28974f5e263","timestamp":"2026-06-14 20:30:04"}
{"level":"info","message":"Created client session 413f6f579bd44a03adfd6b69","timestamp":"2026-06-14 20:30:04"}
{"level":"info","message":"Created client session 0dfbe50441fd1a9c5dc993fe","timestamp":"2026-06-14 20:30:04"}
{"level":"info","message":"Created client session 63da9a56245347567dd99b76","timestamp":"2026-06-14 20:30:04"}
{"level":"info","message":"Created client session 5e04f50df1200c68901233a4","timestamp":"2026-06-14 20:30:04"}
{"level":"info","message":"Created client session 7842e8b91f49696964006279","timestamp":"2026-06-14 20:30:04"}
{"level":"info","message":"Created client session 6012bc1ca38dd77bee0eed09","timestamp":"2026-06-14 20:30:04"}
{"level":"info","message":"Created client session 2eab6d25e8dbf1b463be3a97","timestamp":"2026-06-14 20:30:04"}
{"level":"info","message":"Created client session c7fb0a45de09ff4ffc219b85","timestamp":"2026-06-14 20:30:04"}
{"level":"info","message":"Created client session afb35d51c1ae1c2f399fc936","timestamp":"2026-06-14 20:30:04"}
{"level":"info","message":"Created client session e3f306f3ee704548ffd232ae","timestamp":"2026-06-14 20:30:04"}
{"level":"info","message":"Created client session 0f8ebb744d9cd78666e631f2","timestamp":"2026-06-14 20:30:04"}
{"level":"info","message":"Created client session 9de4e2152f46b7b3bc6d764d","timestamp":"2026-06-14 20:30:04"}
{"level":"info","message":"Created client session 9c5476f8ff25631302c04361","timestamp":"2026-06-14 20:30:04"}
{"level":"info","message":"Created client session aaa90cffe8e57fa7f6018b88","timestamp":"2026-06-14 20:30:04"}
{"level":"info","message":"Created client session 5c8cd998aff1b344e0ace195","timestamp":"2026-06-14 20:30:04"}
{"level":"info","message":"Created client session b5b5ba323a1a0d1905d6aada","timestamp":"2026-06-14 20:30:04"}
{"level":"info","message":"Created client session 4ea9186eb73d61dd3b2e7700","timestamp":"2026-06-14 20:30:04"}
{"level":"info","message":"Created client session 2fea88d483993e84057ebc99","timestamp":"2026-06-14 20:30:04"}
{"level":"info","message":"Created client session 0490bd7412fc9b63997f90f2","timestamp":"2026-06-14 20:30:04"}
{"level":"info","message":"Created client session 898675c8e5419ec5d38a8841","timestamp":"2026-06-14 20:30:04"}
{"level":"info","message":"Created client session fee8360c0a5a56007eef8a1c","timestamp":"2026-06-14 20:30:04"}
{"level":"info","message":"Created client session 9621ba39ab0d4e137dd332e8","timestamp":"2026-06-14 20:30:04"}
{"level":"info","message":"Created client session 000195771489720e86e35d6b","timestamp":"2026-06-14 20:30:04"}
{"level":"info","message":"Created client session 54ca9d6ca5960f23b50e470f","timestamp":"2026-06-14 20:30:04"}
{"level":"info","message":"Created client session ccc7ec5b3b6cc4cd16a20d80","timestamp":"2026-06-14 20:30:04"}
{"level":"info","message":"Created client session 03fe197c5c90120f6f1fe828","timestamp":"2026-06-14 20:30:04"}
{"level":"info","message":"Created client session 759bd0e044656170c8ff2a83","timestamp":"2026-06-14 20:30:04"}
{"level":"info","message":"Created client session 6e1983c4f80a0a238111a09d","timestamp":"2026-06-14 20:30:04"}
{"level":"info","message":"Created client session 8f40f586c867081056222a02","timestamp":"2026-06-14 20:30:04"}
{"level":"info","message":"Created client session f33aaa22f67bfe8ecc83b725","timestamp":"2026-06-14 20:30:04"}
{"level":"info","message":"Created client session 564ec403fbb1d2d1a1177f45","timestamp":"2026-06-14 20:30:04"}
{"level":"info","message":"Created client session 4bb77611d45386eab14f621d","timestamp":"2026-06-14 20:30:04"}
{"level":"info","message":"Created client session add6dec6b4430802e504913c","timestamp":"2026-06-14 20:30:04"}
{"level":"info","message":"Created client session cd5b49142b5e60de94121f57","timestamp":"2026-06-14 20:30:04"}
{"level":"info","message":"Created client session cb160dfe37219c4049a23de1","timestamp":"2026-06-14 20:30:04"}
{"level":"info","message":"Created client session a066a06cede45547f2e7dcdb","timestamp":"2026-06-14 20:30:04"}
{"level":"info","message":"Created client session 0b8fa7e51f931154415f295b","timestamp":"2026-06-14 20:30:04"}
{"level":"info","message":"Created client session 6f61ddda918f3a9a99118f50","timestamp":"2026-06-14 20:30:04"}
{"level":"info","message":"Created client session 30de22be1343d087f812817a","timestamp":"2026-06-14 20:30:04"}
{"level":"info","message":"Created client session bf473c00d891f6831f2f33ba","timestamp":"2026-06-14 20:30:05"}
{"level":"info","message":"Created client session 1f99b09b78d71ab3ad8d6930","timestamp":"2026-06-14 20:30:05"}
{"level":"info","message":"Created client session fe60f51d1988225a75cee0b6","timestamp":"2026-06-14 20:30:05"}
{"level":"info","message":"Created client session 0fb4588609ba036207655e8c","timestamp":"2026-06-14 20:30:05"}
{"level":"info","message":"Created client session fff6bf13ac46bd245254c588","timestamp":"2026-06-14 20:30:05"}
{"level":"info","message":"Created client session f150324124dc9932f9b30254","timestamp":"2026-06-14 20:30:05"}
{"level":"info","message":"Created client session 5eafa001c174e24a92a1758a","timestamp":"2026-06-14 20:30:05"}
{"level":"info","message":"Created client session 0e64bbfd9626230f158b33bd","timestamp":"2026-06-14 20:30:05"}
{"level":"info","message":"Created client session 8dddc82f78f1ea4ba35f8fd7","timestamp":"2026-06-14 20:30:05"}
{"level":"info","message":"Created client session 10940bc3ad042d6c71ef495e","timestamp":"2026-06-14 20:30:05"}
{"level":"info","message":"Created client session 447eb93d8b72a7a2ac7fa2ba","timestamp":"2026-06-14 20:30:05"}
{"level":"info","message":"Created client session 2609134d909f55edf8052d75","timestamp":"2026-06-14 20:30:05"}
{"level":"info","message":"Created client session 3fa2d53b6b27dee6bbdd9e34","timestamp":"2026-06-14 20:30:05"}
{"level":"info","message":"Created client session 52bbe4f1c244c68b9d86143f","timestamp":"2026-06-14 20:30:05"}
{"level":"info","message":"Created client session 6622655e757071b2156f4396","timestamp":"2026-06-14 20:30:05"}
{"level":"info","message":"Created client session b7a3594ba673409dfa40c3ae","timestamp":"2026-06-14 20:30:05"}
{"level":"info","message":"Created client session 6c2f34bbb2e17413ee3c0cee","timestamp":"2026-06-14 20:30:05"}
{"level":"info","message":"Created client session e74d0ca43b3ee4a9cd922be5","timestamp":"2026-06-14 20:30:05"}
{"level":"info","message":"Created client session 1092a762c3250e129a49d21c","timestamp":"2026-06-14 20:30:05"}
{"level":"info","message":"Created client session d04b100baf051ca8e0118e72","timestamp":"2026-06-14 20:30:05"}
{"level":"info","message":"Created client session 94fc944555590ace1e814bb1","timestamp":"2026-06-14 20:30:05"}
{"level":"info","message":"Created client session 90dbc8e2dd3b81538ab2068c","timestamp":"2026-06-14 20:30:05"}
{"level":"info","message":"Created client session 2e1d261fcde4e4587b747a57","timestamp":"2026-06-14 20:30:05"}
{"level":"info","message":"Created client session d4349be23c7063aa5f906c2e","timestamp":"2026-06-14 20:30:05"}
{"level":"info","message":"Created client session 066241405ec9fcdd9f449c59","timestamp":"2026-06-14 20:30:05"}
{"level":"info","message":"Created client session f96383e334ce36882a806cd7","timestamp":"2026-06-14 20:30:05"}
{"level":"info","message":"Created client session 85644645f49a609765cac815","timestamp":"2026-06-14 20:30:05"}
{"level":"info","message":"Created client session fc1477481984ad45b7f7cb67","timestamp":"2026-06-14 20:30:05"}
{"level":"info","message":"Created client session 6b8a939cd0de1354115715de","timestamp":"2026-06-14 20:30:05"}
{"level":"info","message":"Created client session e5a1c4c3e11e0d2d490f6929","timestamp":"2026-06-14 20:30:05"}
{"level":"info","message":"Created client session 361bc4cf6962d0511c717c9b","timestamp":"2026-06-14 20:30:05"}
{"level":"info","message":"Created client session 8b32128bd6797ceffb71141a","timestamp":"2026-06-14 20:30:05"}
{"level":"info","message":"Created client session 8079c9985b478ceb5780e0be","timestamp":"2026-06-14 20:30:05"}
{"level":"info","message":"Created client session 3de1eea858b853d95988074b","timestamp":"2026-06-14 20:30:05"}
{"level":"info","message":"Created client session bac959f7f3a0cb8af369ba41","timestamp":"2026-06-14 20:30:05"}
{"level":"info","message":"Created client session 3cdf59c0401d5216645b5eab","timestamp":"2026-06-14 20:30:05"}
{"level":"info","message":"Created client session d76c9f866c76556cdaf36825","timestamp":"2026-06-14 20:30:05"}
{"level":"info","message":"Created client session 4fbb0bd7a3c09f198b8253a4","timestamp":"2026-06-14 20:30:05"}
{"level":"info","message":"Created client session 089a3af75a2e9d475ad27bb6","timestamp":"2026-06-14 20:30:05"}
{"level":"info","message":"Created client session 310c523c6cc7c0c847e600b9","timestamp":"2026-06-14 20:30:05"}
{"level":"info","message":"Created client session fcd44d6b77be93b3dc2ca64e","timestamp":"2026-06-14 20:30:05"}
{"level":"info","message":"Created client session 723448ef381a772457f27134","timestamp":"2026-06-14 20:30:05"}
{"level":"info","message":"Created client session b19ffd6028eea0226872a138","timestamp":"2026-06-14 20:30:05"}
{"level":"info","message":"Created client session aab941eb8aaae3ad18addb4d","timestamp":"2026-06-14 20:30:05"}
{"level":"info","message":"Created client session 2669c649fe34076c7d5a58fc","timestamp":"2026-06-14 20:30:05"}
{"level":"info","message":"Created client session 50913c9d6c8d7686f520c088","timestamp":"2026-06-14 20:30:05"}
{"level":"info","message":"Created client session 4c8f02d9c66e0d77a9396cb4","timestamp":"2026-06-14 20:30:05"}
{"level":"info","message":"Created client session c906eac52be43000ab4f33ba","timestamp":"2026-06-14 20:30:05"}
{"level":"info","message":"Created client session 5ee597e10d8c6f65254be380","timestamp":"2026-06-14 20:30:05"}
{"level":"info","message":"Created client session a8705b3f24cec36cc5abeb6e","timestamp":"2026-06-14 20:30:05"}
{"level":"info","message":"Created client session cc63e07a136e236633817492","timestamp":"2026-06-14 20:30:05"}
{"level":"info","message":"Created client session 480b8c10048827dd0e038149","timestamp":"2026-06-14 20:30:05"}
{"level":"info","message":"Created client session 9c6c7e8d5bca4b01f03780a6","timestamp":"2026-06-14 20:30:05"}
{"level":"info","message":"Created client session eb041569598dc67c298ca650","timestamp":"2026-06-14 20:30:05"}
{"level":"info","message":"Created client session a8a23ee616ae806bad9f43c2","timestamp":"2026-06-14 20:30:05"}
{"level":"info","message":"Created client session d2f5b245dbada9f7745417e7","timestamp":"2026-06-14 20:30:05"}
{"level":"info","message":"Created client session d11c120013fb6a254d6de727","timestamp":"2026-06-14 20:30:05"}
{"level":"info","message":"Created client session 920f9f697f818ddcbe405821","timestamp":"2026-06-14 20:30:05"}
{"level":"info","message":"Created client session cc94e12dd96478e9c8636eec","timestamp":"2026-06-14 20:30:05"}
{"level":"info","message":"Created client session 1f51041439860611b7452dad","timestamp":"2026-06-14 20:30:05"}
{"level":"info","message":"Created client session b0db719eef7dbdbc4ac7e4b4","timestamp":"2026-06-14 20:30:05"}
{"level":"info","message":"Created client session 9acc9c91f49e3504201697aa","timestamp":"2026-06-14 20:30:05"}
{"level":"info","message":"Created client session 5d0bc34815740bed912aded0","timestamp":"2026-06-14 20:30:05"}
{"level":"info","message":"Created client session fa72d48b11e8f79b78920d26","timestamp":"2026-06-14 20:30:05"}
{"level":"info","message":"Created client session 521d554787a0eb5b7bb867ba","timestamp":"2026-06-14 20:30:05"}
{"level":"info","message":"Created client session 76c566d8a9fc738d5244e035","timestamp":"2026-06-14 20:30:05"}
{"level":"info","message":"Created client session 82ec808562ef263e668a2403","timestamp":"2026-06-14 20:30:05"}
{"level":"info","message":"Created client session fd6995299c020dd0aed297d2","timestamp":"2026-06-14 20:30:05"}
{"level":"info","message":"Created client session d9bf091adacea16af673bef0","timestamp":"2026-06-14 20:30:05"}
{"level":"info","message":"Created client session 7f95e1c9d79716be933ae368","timestamp":"2026-06-14 20:30:05"}
{"level":"info","message":"Created client session e34b6831fd85e50629896a53","timestamp":"2026-06-14 20:30:05"}
{"level":"info","message":"Created client session 8ff4ad4e5cf01808d5981bab","timestamp":"2026-06-14 20:30:05"}
{"level":"info","message":"Created client session 2de321aef7080532c156f987","timestamp":"2026-06-14 20:30:05"}
{"level":"info","message":"Created client session e6d080793889cfa87e0718b9","timestamp":"2026-06-14 20:30:05"}
{"level":"info","message":"Created client session 6935d951285ffd2cd029003d","timestamp":"2026-06-14 20:30:05"}
{"level":"info","message":"Created client session 2ff42f52d22f521f7373ebbb","timestamp":"2026-06-14 20:30:05"}
{"level":"info","message":"Created client session 5ad9f1462a1db20c142d7345","timestamp":"2026-06-14 20:30:06"}
{"level":"info","message":"Created client session 120d0bd1043fc812dbed4f2a","timestamp":"2026-06-14 20:30:06"}
{"level":"info","message":"Created client session 413963f2b89d7374fe2a2714","timestamp":"2026-06-14 20:30:06"}
{"level":"info","message":"Created client session 9ad30046f7504a3507c9d12d","timestamp":"2026-06-14 20:30:06"}
{"level":"info","message":"Created client session ebb6c39692cfd5fce4cee39d","timestamp":"2026-06-14 20:30:06"}
{"level":"info","message":"Created client session f4adefa8b30773cd6bc652e7","timestamp":"2026-06-14 20:30:06"}
{"level":"info","message":"Created client session 3c6c09e9e115eb8c5297628d","timestamp":"2026-06-14 20:30:06"}
{"level":"info","message":"Created client session 4cf223746cd65edd599941ff","timestamp":"2026-06-14 20:30:06"}
{"level":"info","message":"Created client session 773174407924a4d8d50406ac","timestamp":"2026-06-14 20:30:06"}
{"level":"info","message":"Created client session 08c49f15baadd2ce80db8216","timestamp":"2026-06-14 20:30:06"}
{"level":"info","message":"Created client session 8574e2280d37d1bc6f9f7716","timestamp":"2026-06-14 20:30:06"}
{"level":"info","message":"Created client session 47888f6643b7875495b70dd5","timestamp":"2026-06-14 20:30:06"}
{"level":"info","message":"Created client session 27adbc26ac62581dcd505ca0","timestamp":"2026-06-14 20:30:06"}
{"level":"info","message":"Created client session 267431fd8b2e774420f5878d","timestamp":"2026-06-14 20:30:06"}
{"level":"info","message":"Created client session 97dcd8d67ef10a4362a5f95a","timestamp":"2026-06-14 20:30:06"}
{"level":"info","message":"Created client session c0509881b28ae41e0d128e8c","timestamp":"2026-06-14 20:30:06"}
{"level":"info","message":"Created client session 0cc143f083e7241e8b64ddac","timestamp":"2026-06-14 20:30:06"}
{"level":"info","message":"Created client session 63961297de3ffc955c44c597","timestamp":"2026-06-14 20:30:06"}
{"level":"info","message":"Created client session 3cda1b903bf5e079c352eb52","timestamp":"2026-06-14 20:30:06"}
{"level":"info","message":"Created client session a63c120716f59e5679ed09f0","timestamp":"2026-06-14 20:30:06"}
{"level":"info","message":"Created client session 3c52de6afe789ab2acb12b13","timestamp":"2026-06-14 20:30:06"}
{"level":"info","message":"Created client session 48743f5caee950c0cb54a7f4","timestamp":"2026-06-14 20:30:06"}
{"level":"info","message":"Created client session fa7cd75b3c06141c5c246831","timestamp":"2026-06-14 20:30:06"}
{"level":"info","message":"Created client session 55008457efb0a3aa2260b5d9","timestamp":"2026-06-14 20:30:06"}
{"level":"info","message":"Created client session 712c1bdd3df3c07cd8c93e55","timestamp":"2026-06-14 20:30:06"}
{"level":"info","message":"Created client session 61c0c5548b864cfeb55c3661","timestamp":"2026-06-14 20:30:06"}
{"level":"info","message":"Created client session 67b84f75f231b9ddedc66ff4","timestamp":"2026-06-14 20:30:06"}
{"level":"info","message":"Created client session 2cf6db1e26eca6cd7b8212b9","timestamp":"2026-06-14 20:30:06"}
{"level":"info","message":"Created client session be2af93b3f981e991f4c648d","timestamp":"2026-06-14 20:30:06"}
{"level":"info","message":"Created client session 40301ceabbcd54cd8e1a96cc","timestamp":"2026-06-14 20:30:06"}
{"level":"info","message":"Created client session 618c6ef2f6950ef1776d8129","timestamp":"2026-06-14 20:30:06"}
{"level":"info","message":"Created client session 5f78817dae11f244e708d2dd","timestamp":"2026-06-14 20:30:06"}
{"level":"info","message":"Created client session 036cc87561ffe986adfedd2f","timestamp":"2026-06-14 20:30:06"}
{"level":"info","message":"Created client session 59d0b87d2a42ad33dcffb9d6","timestamp":"2026-06-14 20:30:06"}
{"level":"info","message":"Created client session c0edaf3b7c498297d6520d9c","timestamp":"2026-06-14 20:30:06"}
{"level":"info","message":"Created client session 96fa7d795006acdec84a6efd","timestamp":"2026-06-14 20:30:09"}
{"level":"info","message":"Created client session 1e83ebb026c317c570c3c9c3","timestamp":"2026-06-14 20:30:09"}
{"level":"info","message":"Created client session 795ee19bab0a8afd26789ecc","timestamp":"2026-06-14 20:30:09"}
{"level":"info","message":"Created client session d67b1412f95b806e14848945","timestamp":"2026-06-14 20:30:10"}
{"level":"info","message":"Created client session d02c1a08c0c28fbd971757b0","timestamp":"2026-06-14 20:30:10"}
{"level":"info","message":"Created client session 0ddfa9d1570745d909b364c0","timestamp":"2026-06-14 20:30:10"}
{"level":"info","message":"Created client session c45fe4d015619d7c7afcbbad","timestamp":"2026-06-14 20:30:10"}
{"level":"info","message":"Created client session 7898b4a16b6e895867463ac8","timestamp":"2026-06-14 20:30:10"}
{"level":"info","message":"Created client session 9c13f27a866d0d0db38b4909","timestamp":"2026-06-14 20:30:10"}
{"level":"info","message":"Created client session ccf8f0de254035db2f5c399c","timestamp":"2026-06-14 20:30:10"}
{"level":"info","message":"Created client session e025adabd3bb3958a932833f","timestamp":"2026-06-14 20:30:10"}
{"level":"info","message":"Created client session 985cf32b7efe9d90a938c34a","timestamp":"2026-06-14 20:30:10"}
{"level":"info","message":"Created client session a247d9743632908b603b4820","timestamp":"2026-06-14 20:30:10"}
{"level":"info","message":"Created client session c393fb89821a08e151b62ff3","timestamp":"2026-06-14 20:30:11"}
{"level":"info","message":"Created client session 3d8408537cdd6442ed011290","timestamp":"2026-06-14 20:30:11"}
{"level":"info","message":"Created client session b39bca25d6e44c7c50850035","timestamp":"2026-06-14 20:30:11"}
{"level":"info","message":"Created client session c4150caa7b7b65594c06ca9f","timestamp":"2026-06-14 20:30:11"}
{"level":"info","message":"Created client session 35eed740006f02a78587e02a","timestamp":"2026-06-14 20:30:11"}
{"level":"info","message":"Created client session 36d49b7a4bff93e15f7f6aa0","timestamp":"2026-06-14 20:30:11"}
{"level":"info","message":"Created client session f7653a6b946f0353addff888","timestamp":"2026-06-14 20:30:11"}
{"level":"info","message":"Created client session a5bc1967e3c39c815d1982fb","timestamp":"2026-06-14 20:30:11"}
{"level":"info","message":"Created client session 8aa03096688a4e55aaa582a3","timestamp":"2026-06-14 20:30:11"}
{"level":"info","message":"Created client session 241e882f462f2c127e5dedc3","timestamp":"2026-06-14 20:30:11"}
{"level":"info","message":"Created client session 860c0adf281a7524fa97a557","timestamp":"2026-06-14 20:30:11"}
{"level":"info","message":"Created client session 301e122334b677028e53954e","timestamp":"2026-06-14 20:30:11"}
{"level":"info","message":"Created client session 7d25ad022662d47866766885","timestamp":"2026-06-14 20:30:11"}
{"level":"info","message":"Created client session 1a739360f04b2133562863cd","timestamp":"2026-06-14 20:30:11"}
{"level":"info","message":"Created client session 69117d2c91fa0c8d943be84a","timestamp":"2026-06-14 20:30:11"}
{"level":"info","message":"Created client session cba31f9938308c780aff772a","timestamp":"2026-06-14 20:30:11"}
{"level":"info","message":"Created client session afbc9f16ec48d050a1c90ebe","timestamp":"2026-06-14 20:30:11"}
{"level":"info","message":"Created client session 2f52734495a70e044b4f0085","timestamp":"2026-06-14 20:30:11"}
{"level":"info","message":"Created client session 8d17f58030a7926f75705d4c","timestamp":"2026-06-14 20:30:11"}
{"level":"info","message":"Created client session b59e6505f3bcd894922c4dd2","timestamp":"2026-06-14 20:30:11"}
{"level":"info","message":"Created client session ec39db6f469458622de49f0e","timestamp":"2026-06-14 20:30:11"}
{"level":"info","message":"Created client session 00587f13d71777fe5d11aac8","timestamp":"2026-06-14 20:30:11"}
{"level":"info","message":"Created client session deb4a6cee59950fadb22c4ed","timestamp":"2026-06-14 20:30:11"}
{"level":"info","message":"Created client session 9227955a0df0ab24a530cd17","timestamp":"2026-06-14 20:30:11"}
{"level":"info","message":"Created client session 81dfc31fe9aa426da33f3bc0","timestamp":"2026-06-14 20:30:11"}
{"level":"info","message":"Created client session 8bf443fe26065ad3a31e4c42","timestamp":"2026-06-14 20:30:12"}
{"level":"info","message":"Created client session e6ed0949fab80ad54f046804","timestamp":"2026-06-14 20:30:12"}
{"level":"info","message":"Created client session 646478946a21674777cfa66d","timestamp":"2026-06-14 20:30:12"}
{"level":"info","message":"Created client session 12290f3f20331c662aed599b","timestamp":"2026-06-14 20:30:12"}
{"level":"info","message":"Created client session 76008668ea4bbc1d4b667c8e","timestamp":"2026-06-14 20:30:12"}
{"level":"info","message":"Created client session 59b11e07637d524038b95101","timestamp":"2026-06-14 20:30:12"}
{"level":"info","message":"Created client session 6c8cb388c69a2519efc854a8","timestamp":"2026-06-14 20:30:12"}
{"level":"info","message":"Created client session 0285745e83ccf53d6b4e664c","timestamp":"2026-06-14 20:30:12"}
{"level":"info","message":"Created client session 23ee3099162fe832893ecb8e","timestamp":"2026-06-14 20:30:12"}
{"level":"info","message":"Created client session 163fe9ab894764ef8e0cf4ff","timestamp":"2026-06-14 20:30:12"}
{"level":"info","message":"Created client session ee831cb68d9495cfbaf4544a","timestamp":"2026-06-14 20:30:12"}
{"level":"info","message":"Created client session d08253594994507f5bca4328","timestamp":"2026-06-14 20:30:12"}
{"level":"info","message":"Created client session e50d2fee5a9dbd4f660416e3","timestamp":"2026-06-14 20:30:12"}
{"level":"info","message":"Created client session 81519e98c9c5c270c95f11d3","timestamp":"2026-06-14 20:30:12"}
{"level":"info","message":"Created client session 01a2c26c3b413e6716ce35b1","timestamp":"2026-06-14 20:30:12"}
{"level":"info","message":"Created client session b1cf1fbcb1cd36e7b46070ae","timestamp":"2026-06-14 20:30:12"}
{"level":"info","message":"Created client session 74ce066cbfc889b718437421","timestamp":"2026-06-14 20:30:12"}
{"level":"info","message":"Created client session 34bda2e6897ba1988dea1f10","timestamp":"2026-06-14 20:30:12"}
{"level":"info","message":"Created client session aaf1b5e959eba622a5f31777","timestamp":"2026-06-14 20:30:12"}
{"level":"info","message":"Created client session 19b196ec9c75697da68e4fd5","timestamp":"2026-06-14 20:30:12"}
{"level":"info","message":"Created client session cb0d2a7a8c8fe855cea4ccc3","timestamp":"2026-06-14 20:30:12"}
{"level":"info","message":"Created client session 2123269030da73585ee07457","timestamp":"2026-06-14 20:30:12"}
{"level":"info","message":"Created client session 901ea676fb45b39891b757ac","timestamp":"2026-06-14 20:30:12"}
{"level":"info","message":"Created client session cfce1e36b873cb7307f19024","timestamp":"2026-06-14 20:30:12"}
{"level":"info","message":"Created client session 52b729d5638d0b7e99ffae8f","timestamp":"2026-06-14 20:30:12"}
{"level":"info","message":"Created client session eff7b334a6c04802330ef153","timestamp":"2026-06-14 20:30:12"}
{"level":"info","message":"Created client session ed2cfca3ec919b13740ba3a3","timestamp":"2026-06-14 20:30:12"}
{"level":"info","message":"Created client session 5e3e7f9ed8feda400eacd2c0","timestamp":"2026-06-14 20:30:12"}
{"level":"info","message":"Created client session b3e06181cbc865c038d9957c","timestamp":"2026-06-14 20:30:12"}
{"level":"info","message":"Created client session d2e9a5f5ff24cca17daede2a","timestamp":"2026-06-14 20:30:12"}
{"level":"info","message":"Created client session a0a6c9645916efabac83cce5","timestamp":"2026-06-14 20:30:12"}
{"level":"info","message":"Created client session 5f91fe42730443e0588753af","timestamp":"2026-06-14 20:30:12"}
{"level":"info","message":"Created client session b0c011196fed4c039f09003c","timestamp":"2026-06-14 20:30:12"}
{"level":"info","message":"Created client session 5452301fbfd1091e02484aca","timestamp":"2026-06-14 20:30:12"}
{"level":"info","message":"Created client session e466645b24cbbd3d27545107","timestamp":"2026-06-14 20:30:12"}
{"level":"info","message":"Created client session 4845439128dc974e67f0451a","timestamp":"2026-06-14 20:30:12"}
{"level":"info","message":"Created client session 119d5e02d38871715b500f6e","timestamp":"2026-06-14 20:30:12"}
{"level":"info","message":"Created client session bf7e199cd808d883e7ef050d","timestamp":"2026-06-14 20:30:12"}
{"level":"info","message":"Created client session fb7cbbc213c92db6dcd4393a","timestamp":"2026-06-14 20:30:12"}
{"level":"info","message":"Created client session fd807156a659397d77015f95","timestamp":"2026-06-14 20:30:12"}
{"level":"info","message":"Created client session 963e4de581429e81f64f6e12","timestamp":"2026-06-14 20:30:12"}
{"level":"info","message":"Created client session c13d3e6e6dc3bd60a34c9986","timestamp":"2026-06-14 20:30:12"}
{"level":"info","message":"Created client session 8808bca8098cfd9baa2dcd2d","timestamp":"2026-06-14 20:30:12"}
{"level":"info","message":"Created client session f03054cadd210f10aa68a6be","timestamp":"2026-06-14 20:30:12"}
{"level":"info","message":"Created client session 2373e114b4c8be251f661d5a","timestamp":"2026-06-14 20:30:12"}
{"level":"info","message":"Created client session 6c151e0939f1338bfc65d7c3","timestamp":"2026-06-14 20:30:12"}
{"level":"info","message":"Created client session c5057bb2dd91d1f1e799d967","timestamp":"2026-06-14 20:30:12"}
{"level":"info","message":"Created client session 1b61f738f1d209d5a2826b44","timestamp":"2026-06-14 20:30:12"}
{"level":"info","message":"Created client session 1d9f9fa9d6dc21895abc92e0","timestamp":"2026-06-14 20:30:12"}
{"level":"info","message":"Created client session fe5665463fa586a67df382af","timestamp":"2026-06-14 20:30:12"}
{"level":"info","message":"Created client session 48014baf51c85d93613ca258","timestamp":"2026-06-14 20:30:12"}
{"level":"info","message":"Created client session 5fc1d9f1721fb083c179511e","timestamp":"2026-06-14 20:30:13"}
{"level":"info","message":"Created client session 152915498888769a35a501c4","timestamp":"2026-06-14 20:30:13"}
{"level":"info","message":"Created client session bcf31e2b1b0c54a51c5e8afd","timestamp":"2026-06-14 20:30:13"}
{"level":"info","message":"Created client session 061607517fd5411152f3e80b","timestamp":"2026-06-14 20:30:13"}
{"level":"info","message":"Created client session 78bd8a68b46ae8abb5c7726a","timestamp":"2026-06-14 20:30:13"}
{"level":"info","message":"Created client session 21fa6928b5e355e22fea0737","timestamp":"2026-06-14 20:30:13"}
{"level":"info","message":"Created client session 40395e9b691032e323f3d985","timestamp":"2026-06-14 20:30:13"}
{"level":"info","message":"Created client session 6260150b96f2062c237de8b0","timestamp":"2026-06-14 20:30:13"}
{"level":"info","message":"Created client session ad0fd19818a7cc948130bc70","timestamp":"2026-06-14 20:30:13"}
{"level":"info","message":"Created client session 7dddb92a96bbfd159ffe745b","timestamp":"2026-06-14 20:30:13"}
{"level":"info","message":"Created client session 2b593a38b9aed952a8637b07","timestamp":"2026-06-14 20:30:13"}
{"level":"info","message":"Created client session ae51f3bc4af8ddfaac566aa2","timestamp":"2026-06-14 20:30:13"}
{"level":"info","message":"Created client session 7dc245d32761e521ab40e967","timestamp":"2026-06-14 20:30:13"}
{"level":"info","message":"Created client session e79568c7c6744abc7146fe54","timestamp":"2026-06-14 20:30:13"}
{"level":"info","message":"Created client session 9c28dfe1945c5762bb6ef817","timestamp":"2026-06-14 20:30:13"}
{"level":"info","message":"Created client session a7e85f81dcc981a517392ec1","timestamp":"2026-06-14 20:30:13"}
{"level":"info","message":"Created client session aec8c8e47508b205a0f70642","timestamp":"2026-06-14 20:30:13"}
{"level":"info","message":"Created client session f119ba37bb88e0d540e273eb","timestamp":"2026-06-14 20:30:13"}
{"level":"info","message":"Created client session 7d75d7454b38660ae4106353","timestamp":"2026-06-14 20:30:13"}
{"level":"info","message":"Created client session 76adfaf43a8b0d773f4c5796","timestamp":"2026-06-14 20:30:13"}
{"level":"info","message":"Created client session 5c7195a0f0b3a4bc9d99ef3a","timestamp":"2026-06-14 20:30:13"}
{"level":"info","message":"Created client session 50bce99c5724efa1452af865","timestamp":"2026-06-14 20:30:13"}
{"level":"info","message":"Created client session 69eda46bea19db29bf66d2f3","timestamp":"2026-06-14 20:30:13"}
{"level":"info","message":"Created client session 7594a63019ca8e46f181e613","timestamp":"2026-06-14 20:30:13"}
{"level":"info","message":"Created client session 5e39ea976696ccf66f89cd7c","timestamp":"2026-06-14 20:30:13"}
{"level":"info","message":"Created client session 5fc39eb211329a64a4be7c1a","timestamp":"2026-06-14 20:30:13"}
{"level":"info","message":"Created client session 243df5548f841ee00865986b","timestamp":"2026-06-14 20:30:13"}
{"level":"info","message":"Created client session afdbe3d15c163b04aae2bf05","timestamp":"2026-06-14 20:30:13"}
{"level":"info","message":"Created client session daf8e588dcfea37c7cbbe29f","timestamp":"2026-06-14 20:30:13"}
{"level":"info","message":"Created client session 198b1358f56dd27f17d67842","timestamp":"2026-06-14 20:30:13"}
{"level":"info","message":"Created client session 95f3bede4c855f712e909065","timestamp":"2026-06-14 20:30:13"}
{"level":"info","message":"Created client session 10d847936152d07512b7a199","timestamp":"2026-06-14 20:30:13"}
{"level":"info","message":"Created client session 7424880407479536d808ec7f","timestamp":"2026-06-14 20:30:13"}
{"level":"info","message":"Created client session bfce6bc885d1a784736aa703","timestamp":"2026-06-14 20:30:13"}
{"level":"info","message":"Created client session 81c20f3f9c75d032280bf492","timestamp":"2026-06-14 20:30:13"}
{"level":"info","message":"Created client session dcda61a288c924c28bca22c4","timestamp":"2026-06-14 20:30:13"}
{"level":"info","message":"Created client session ebeacf87d3a665b9a54df8ff","timestamp":"2026-06-14 20:30:13"}
{"level":"info","message":"Created client session 127619778888f4f15e56bb40","timestamp":"2026-06-14 20:30:13"}
{"level":"info","message":"Created client session bf0fc862dfbaac9ce4e714ab","timestamp":"2026-06-14 20:30:13"}
{"level":"info","message":"Created client session 5f53523f2b4a882ce02bf34c","timestamp":"2026-06-14 20:30:13"}
{"level":"info","message":"Created client session 653cc5f8a7ccb0ef1c7067f0","timestamp":"2026-06-14 20:30:13"}
{"level":"info","message":"Created client session 8de96dddcb651e9f038ca0e6","timestamp":"2026-06-14 20:30:13"}
{"level":"info","message":"Created client session 14ce2ea4c50fb67850557ec3","timestamp":"2026-06-14 20:30:13"}
{"level":"info","message":"Created client session fcd679066e35e7b052f47e71","timestamp":"2026-06-14 20:30:13"}
{"level":"info","message":"Created client session c0bb8e2c7df0b065ef5dee03","timestamp":"2026-06-14 20:30:13"}
{"level":"info","message":"Created client session afd0614bcab25513fe9da8c0","timestamp":"2026-06-14 20:30:13"}
{"level":"info","message":"Created client session e3087b628f42e0ac01a37eea","timestamp":"2026-06-14 20:30:13"}
{"level":"info","message":"Created client session 6cbab96712d028d60bc78c29","timestamp":"2026-06-14 20:30:13"}
{"level":"info","message":"Created client session faaa7a7b59b7ec32fe1abed5","timestamp":"2026-06-14 20:30:13"}
{"level":"info","message":"Created client session 0249e57a518555ab867b72b1","timestamp":"2026-06-14 20:30:13"}
{"level":"info","message":"Created client session 2a252cbac169d5ee28536ae5","timestamp":"2026-06-14 20:30:13"}
{"level":"info","message":"Created client session 802bf50e0e65e02ec55e1e7a","timestamp":"2026-06-14 20:30:13"}
{"level":"info","message":"Created client session d5563f9895a702cb1372d81b","timestamp":"2026-06-14 20:30:13"}
{"level":"info","message":"Created client session e44bd3f2119e727ce7ec7b22","timestamp":"2026-06-14 20:30:13"}
{"level":"info","message":"Created client session 994d0d4cb84e6a6a01187fb4","timestamp":"2026-06-14 20:30:13"}
{"level":"info","message":"Created client session 2be6ae9ab96c63c6cfb8ad6d","timestamp":"2026-06-14 20:30:13"}
{"level":"info","message":"Created client session 7dacfc272170b2e0ddf0a216","timestamp":"2026-06-14 20:30:13"}
{"level":"info","message":"Created client session 335772ac3aeddb06fce9b489","timestamp":"2026-06-14 20:30:13"}
{"level":"info","message":"Created client session 87d6f45642d10d2934a76c3d","timestamp":"2026-06-14 20:30:13"}
{"level":"info","message":"Created client session 286f4c089d84a829c206b0a9","timestamp":"2026-06-14 20:30:13"}
{"level":"info","message":"Created client session 8ca169273ef02e24ba424f94","timestamp":"2026-06-14 20:30:13"}
{"level":"info","message":"Created client session dafeb1fc6627919ae1f3927c","timestamp":"2026-06-14 20:30:13"}
{"level":"info","message":"Created client session bdf42a830b6ee050a108c639","timestamp":"2026-06-14 20:30:13"}
{"level":"info","message":"Created client session 1251e4fef47c32f88cf07a95","timestamp":"2026-06-14 20:30:13"}
{"level":"info","message":"Created client session 062f702c7e1d1a7585e87bd6","timestamp":"2026-06-14 20:30:13"}
{"level":"info","message":"Created client session 2a9ad96a7949c077be26cb59","timestamp":"2026-06-14 20:30:13"}
{"level":"info","message":"Created client session 21c012174b0dcaa086003238","timestamp":"2026-06-14 20:30:13"}
{"level":"info","message":"Created client session 013dc458fcf037223f89b0da","timestamp":"2026-06-14 20:30:13"}
{"level":"info","message":"Created client session fab1507be7a39d6554868098","timestamp":"2026-06-14 20:30:13"}
{"level":"info","message":"Created client session 22eb44f002b6e1d22f31b9de","timestamp":"2026-06-14 20:30:13"}
{"level":"info","message":"Created client session 16771c98149651878cebabaa","timestamp":"2026-06-14 20:30:13"}
{"level":"info","message":"Created client session 835bc4d713be3f0146a12369","timestamp":"2026-06-14 20:30:13"}
{"level":"info","message":"Created client session 1422ae23092bfcb38c3ba21e","timestamp":"2026-06-14 20:30:13"}
{"level":"info","message":"Created client session ea6574bc62806dd603375b74","timestamp":"2026-06-14 20:30:13"}
{"level":"info","message":"Created client session 0c79c27329589cb2a2277822","timestamp":"2026-06-14 20:30:13"}
{"level":"info","message":"Created client session 27d5c74981f280e5cb0cb495","timestamp":"2026-06-14 20:30:13"}
{"level":"info","message":"Created client session 4a2371bcc6123b2ad307856e","timestamp":"2026-06-14 20:30:13"}
{"level":"info","message":"Created client session fa4c5ef09c6f6f3c0158a5b8","timestamp":"2026-06-14 20:30:13"}
{"level":"info","message":"Created client session a42399f8fa55897d095aed58","timestamp":"2026-06-14 20:30:13"}
{"level":"info","message":"Created client session fcf49bfa14e28a7e4a7a257f","timestamp":"2026-06-14 20:30:13"}
{"level":"info","message":"Created client session e104828fbc8e78a7f1412431","timestamp":"2026-06-14 20:30:13"}
{"level":"info","message":"Created client session 8d6ad4a3a8370cbc266fd4e4","timestamp":"2026-06-14 20:30:13"}
{"level":"info","message":"Created client session 55a6bee58c662f10e6695631","timestamp":"2026-06-14 20:30:13"}
{"level":"info","message":"Created client session cfe60a4799e38c4b115af6b5","timestamp":"2026-06-14 20:30:13"}
{"level":"info","message":"Created client session 024826f235f1f2b49c693a7e","timestamp":"2026-06-14 20:30:13"}
{"level":"info","message":"Created client session c2a7b788e8287c6deaaf6562","timestamp":"2026-06-14 20:30:14"}
{"level":"info","message":"Created client session 3296f9c162b5d8a1cca1bc50","timestamp":"2026-06-14 20:30:14"}
{"level":"info","message":"Created client session 898b1bf9560646945b4a3c9d","timestamp":"2026-06-14 20:30:14"}
{"level":"info","message":"Created client session 0ed51a70af26d2c0db96ea68","timestamp":"2026-06-14 20:30:14"}
{"level":"info","message":"Created client session bc962de2f8524a190de2bfb1","timestamp":"2026-06-14 20:30:14"}
{"level":"info","message":"Created client session ff0cfb153c8d33e5f36345ef","timestamp":"2026-06-14 20:30:14"}
{"level":"info","message":"Created client session 452466dda73f93f4de7b7135","timestamp":"2026-06-14 20:30:14"}
{"level":"info","message":"Created client session 3b591b0998ed532904af57e6","timestamp":"2026-06-14 20:30:14"}
{"level":"info","message":"Created client session 9222ba6d46e055fbff9fc29a","timestamp":"2026-06-14 20:30:14"}
{"level":"info","message":"Created client session 49a45c5ea4fcd9798aece40a","timestamp":"2026-06-14 20:30:14"}
{"level":"info","message":"Created client session 63f0772dd6a73492e1db9edc","timestamp":"2026-06-14 20:30:14"}
{"level":"info","message":"Created client session cc45d64509aa6a310fd763d7","timestamp":"2026-06-14 20:30:14"}
{"level":"info","message":"Created client session 237dd0bbc8e594216999f7ff","timestamp":"2026-06-14 20:30:14"}
{"level":"info","message":"Created client session d174695148c0099d7fc1ffa8","timestamp":"2026-06-14 20:30:14"}
{"level":"info","message":"Created client session 785e22392577fb47e6ce519e","timestamp":"2026-06-14 20:30:14"}
{"level":"info","message":"Created client session 43b1510e63be85ae6641e1de","timestamp":"2026-06-14 20:30:14"}
{"level":"info","message":"Created client session 5eb3ba3aa81f19c569f7184c","timestamp":"2026-06-14 20:30:14"}
{"level":"info","message":"Created client session 85d4e49d83435c27495f0e39","timestamp":"2026-06-14 20:30:14"}
{"level":"info","message":"Created client session f0c70e18d38da1b41fc42cbf","timestamp":"2026-06-14 20:30:14"}
{"level":"info","message":"Created client session 61b2daada24b28ae9f3c7914","timestamp":"2026-06-14 20:30:14"}
{"level":"info","message":"Created client session f6f8fef70d62e06a04b08ba4","timestamp":"2026-06-14 20:30:14"}
{"level":"info","message":"Created client session 1d78c1c725f43433d80df2f8","timestamp":"2026-06-14 20:30:14"}
{"level":"info","message":"Created client session 6815f700bb7d61b5691f71ba","timestamp":"2026-06-14 20:30:14"}
{"level":"info","message":"Created client session d45c6c4c943cbcf73a31e051","timestamp":"2026-06-14 20:30:14"}
{"level":"info","message":"Created client session 977a91fda05c1b49e27943e6","timestamp":"2026-06-14 20:30:14"}
{"level":"info","message":"Created client session 6703d467daed08d01cc95b41","timestamp":"2026-06-14 20:30:14"}
{"level":"info","message":"Created client session 249914474e5074c8cf685b06","timestamp":"2026-06-14 20:30:14"}
{"level":"info","message":"Created client session b71cf5a77f8c7760fab3b110","timestamp":"2026-06-14 20:30:14"}
{"level":"info","message":"Created client session 5fa07c93068af4c33a70a981","timestamp":"2026-06-14 20:30:14"}
{"level":"info","message":"Created client session 2d248e3627517ddfb8eddc45","timestamp":"2026-06-14 20:30:14"}
{"level":"info","message":"Created client session ac49a805e189b014d91e4443","timestamp":"2026-06-14 20:30:14"}
{"level":"info","message":"Created client session 26e08993ab8e8dd9af3680b0","timestamp":"2026-06-14 20:30:14"}
{"level":"info","message":"Created client session e1fdef3fb2a6d371f3b6fc68","timestamp":"2026-06-14 20:30:14"}
{"level":"info","message":"Created client session 48ddc0c2c1da268dd77db94f","timestamp":"2026-06-14 20:30:14"}
{"level":"info","message":"Created client session a52b7f61af28e0c607199f5d","timestamp":"2026-06-14 20:30:14"}
{"level":"info","message":"Created client session 8ad13c36946632e4c5644e25","timestamp":"2026-06-14 20:30:14"}
{"level":"info","message":"Created client session f229e01d068dfef81dffe023","timestamp":"2026-06-14 20:30:14"}
{"level":"info","message":"Created client session e4b347b55ff6d4bf7a6d2ff1","timestamp":"2026-06-14 20:30:14"}
{"level":"info","message":"Created client session 02aca46717882ba30468e5e3","timestamp":"2026-06-14 20:30:14"}
{"level":"info","message":"Created client session 4582246b08a280ab31cf663c","timestamp":"2026-06-14 20:30:14"}
{"level":"info","message":"Created client session 17efe2c360b1957e06fcd1cb","timestamp":"2026-06-14 20:30:14"}
{"level":"info","message":"Created client session 6e29fef6b4c5f56171cc994e","timestamp":"2026-06-14 20:30:14"}
{"level":"info","message":"Created client session 2191042f37d56e67b90334e9","timestamp":"2026-06-14 20:30:14"}
{"level":"info","message":"Created client session 6218b6bf24e767b3a4904744","timestamp":"2026-06-14 20:30:14"}
{"level":"info","message":"Created client session d426a741b668049e13e599b2","timestamp":"2026-06-14 20:30:14"}
{"level":"info","message":"Created client session bcae171bdf16de6550827cae","timestamp":"2026-06-14 20:30:14"}
{"level":"info","message":"Created client session 47d8eb0431ad6de4bd12e478","timestamp":"2026-06-14 20:30:14"}
{"level":"info","message":"Created client session 217d6bc1a8c435def4a1347b","timestamp":"2026-06-14 20:30:14"}
{"level":"info","message":"Created client session 0474a28846fb6c89e97462ab","timestamp":"2026-06-14 20:30:14"}
{"level":"info","message":"Created client session 6a8827b22a630adee40c554b","timestamp":"2026-06-14 20:30:14"}
{"level":"info","message":"Created client session dbe262df28b6634be2a2177f","timestamp":"2026-06-14 20:30:14"}
{"level":"info","message":"Created client session a05f6a916fff0b7c627fa466","timestamp":"2026-06-14 20:30:14"}
{"level":"info","message":"Created client session f48d021cf8b067870b3b91c1","timestamp":"2026-06-14 20:30:14"}
{"level":"info","message":"Created client session e28261d02407f553ea27137c","timestamp":"2026-06-14 20:30:14"}
{"level":"info","message":"Created client session f9af9ac9c3e6993a63eb2d3f","timestamp":"2026-06-14 20:30:14"}
{"level":"info","message":"Created client session c550e5394af93f13ee49969a","timestamp":"2026-06-14 20:30:14"}
{"level":"info","message":"Created client session 8a77bd7e4d328907feec0b1a","timestamp":"2026-06-14 20:30:14"}
{"level":"info","message":"Created client session 9fa360767a0ca165d996650e","timestamp":"2026-06-14 20:30:14"}
{"level":"info","message":"Created client session a48766410791b6ec8bc27664","timestamp":"2026-06-14 20:30:14"}
{"level":"info","message":"Created client session c6b875b60a93776b83e7c5f5","timestamp":"2026-06-14 20:30:14"}
{"level":"info","message":"Created client session 33d4b59624629752c0fb9938","timestamp":"2026-06-14 20:30:14"}
{"level":"info","message":"Created client session 2e762450caca8ef39f4dc675","timestamp":"2026-06-14 20:30:14"}
{"level":"info","message":"Created client session 0b5f097ae74dfbb7fd544ded","timestamp":"2026-06-14 20:30:14"}
{"level":"info","message":"Created client session f33a136730a7b78eaca3302e","timestamp":"2026-06-14 20:30:14"}
{"level":"info","message":"Created client session 16584adb57f766b47e0453ac","timestamp":"2026-06-14 20:30:14"}
{"level":"info","message":"Created client session c405ad8c84a81f5676a87fe5","timestamp":"2026-06-14 20:30:14"}
{"level":"info","message":"Created client session 75e94dbb67a4118cd1cd7a2b","timestamp":"2026-06-14 20:30:14"}
{"level":"info","message":"Created client session 53890cbae65a27a4139ad100","timestamp":"2026-06-14 20:30:14"}
{"level":"info","message":"Created client session 7e230c694221192024993267","timestamp":"2026-06-14 20:30:14"}
{"level":"info","message":"Created client session 644564891266a4ec6b594ccb","timestamp":"2026-06-14 20:30:14"}
{"level":"info","message":"Created client session 2d6c3de6d6de89886204936b","timestamp":"2026-06-14 20:30:14"}
{"level":"info","message":"Created client session a8a21da46548c97a567e2314","timestamp":"2026-06-14 20:30:14"}
{"level":"info","message":"Created client session 86ae8e62844bc38d825321c9","timestamp":"2026-06-14 20:30:14"}
{"level":"info","message":"Created client session 1d4906d646a2d0f9fe2aaf45","timestamp":"2026-06-14 20:30:14"}
{"level":"info","message":"Created client session 39ac3e7422d1ba24b93f4766","timestamp":"2026-06-14 20:30:14"}
{"level":"info","message":"Created client session 1e8e8b97847b4964a63e29cf","timestamp":"2026-06-14 20:30:14"}
{"level":"info","message":"Created client session f2a50f3a2bb0395e1cb51e37","timestamp":"2026-06-14 20:30:14"}
{"level":"info","message":"Created client session ece2a67bf96f807c58296205","timestamp":"2026-06-14 20:30:14"}
{"level":"info","message":"Created client session 539026fd129cd828c44e20c2","timestamp":"2026-06-14 20:30:14"}
{"level":"info","message":"Created client session d66bc8505cc65c3b3b1889de","timestamp":"2026-06-14 20:30:14"}
{"level":"info","message":"Created client session a8df6f7d002fee03a9411880","timestamp":"2026-06-14 20:30:14"}
{"level":"info","message":"Created client session 8383671e1774d7b058719bb9","timestamp":"2026-06-14 20:30:14"}
{"level":"info","message":"Created client session ab480aa5df30429c91bb3ab7","timestamp":"2026-06-14 20:30:14"}
{"level":"info","message":"Created client session f468dc3f4d9b49f453f551b1","timestamp":"2026-06-14 20:30:14"}
{"level":"info","message":"Created client session 3a6df9ba54ea1291e8cdfef6","timestamp":"2026-06-14 20:30:14"}
{"level":"info","message":"Created client session 8e66f35b7af745597c0dd771","timestamp":"2026-06-14 20:30:14"}
{"level":"info","message":"Created client session f4911a992c405ce6b344a379","timestamp":"2026-06-14 20:30:14"}
{"level":"info","message":"Created client session ff078bb2d1390998f39d5261","timestamp":"2026-06-14 20:30:14"}
{"level":"info","message":"Created client session e94311ced382eb8d849857c4","timestamp":"2026-06-14 20:30:14"}
{"level":"info","message":"Created client session 119afecaf56f7c09235bab5d","timestamp":"2026-06-14 20:30:14"}
{"level":"info","message":"Created client session 6c649191d49fdbf9e94bb722","timestamp":"2026-06-14 20:30:14"}
{"level":"info","message":"Created client session fde49d4d49b09a5c1d477a48","timestamp":"2026-06-14 20:30:14"}
{"level":"info","message":"Created client session 90846833772255f35fc80cd6","timestamp":"2026-06-14 20:30:14"}
{"level":"info","message":"Created client session e9366f4acc8a1b35a565f286","timestamp":"2026-06-14 20:55:08"}
{"level":"info","message":"Created client session f2c88eedc202872d04b0e752","timestamp":"2026-06-14 21:43:23"}
{"level":"info","message":"Created client session 844ebae59693116e97b8877e","timestamp":"2026-06-14 21:43:24"}
{"level":"info","message":"Created client session eabb37c50de5d0214d2e0ea6","timestamp":"2026-06-14 21:43:24"}
{"level":"info","message":"Created client session 89e0f7a2c07b8b7f9fd8ffaa","timestamp":"2026-06-14 21:43:24"}
{"level":"info","message":"Created client session 207d330fd15a371f0cb7f23a","timestamp":"2026-06-14 21:43:24"}
{"level":"info","message":"Created client session 77efa75af92a905929a4d893","timestamp":"2026-06-14 21:43:24"}
{"level":"info","message":"Created client session c2a9ce4b0dc1c0b5c9d73469","timestamp":"2026-06-14 21:43:24"}
{"level":"info","message":"Created client session 956174a1bd78c21d30a66d03","timestamp":"2026-06-14 21:43:24"}
{"level":"info","message":"Created client session 869973ac5843a9a2f9e4f466","timestamp":"2026-06-14 21:43:24"}
{"level":"info","message":"Created client session cbba2add7c088c0fdb4b41f2","timestamp":"2026-06-14 21:43:24"}
{"level":"info","message":"Created client session 86f074d5fa692d88fd718189","timestamp":"2026-06-14 21:43:24"}
{"level":"info","message":"Created client session 6ede8b252cd05c2047f62dd2","timestamp":"2026-06-14 21:43:24"}
{"level":"info","message":"Created client session 92a1c3d1b54acb3fdd00a8bf","timestamp":"2026-06-14 21:43:24"}
{"level":"info","message":"Created client session b33ec4cfce99a8efdad26789","timestamp":"2026-06-14 21:43:24"}
{"level":"info","message":"Created client session 6ed6d0b4822a9f84cec8a368","timestamp":"2026-06-14 21:43:24"}
{"level":"info","message":"Created client session 18ffde92a5d9b3d6c2bd9818","timestamp":"2026-06-14 21:43:24"}
{"level":"info","message":"Created client session b0ce603871f7c8d20639215b","timestamp":"2026-06-14 21:43:24"}
{"level":"info","message":"Created client session 216a5ad6d68b713aa5ddc79f","timestamp":"2026-06-14 21:43:24"}
{"level":"info","message":"Created client session 1722d2a1cbce13c7146d8240","timestamp":"2026-06-14 21:43:26"}
{"level":"info","message":"Created client session d7ca897520ca074968923645","timestamp":"2026-06-14 21:43:26"}
{"level":"info","message":"Created client session 302436e8d406d53d78ebf106","timestamp":"2026-06-14 21:43:26"}
{"level":"info","message":"Created client session 31d38350636a7b8046f29174","timestamp":"2026-06-14 21:43:26"}
{"level":"info","message":"Created client session eb6bdef0c4277d2b883ceee3","timestamp":"2026-06-14 21:43:26"}
{"level":"info","message":"Created client session d7601cde67acc89e9378321e","timestamp":"2026-06-14 21:43:27"}
{"level":"info","message":"Created client session 5582060f2c271f72f6c28676","timestamp":"2026-06-14 21:43:27"}
{"level":"info","message":"Created client session 9c16909de8f62956c71e749b","timestamp":"2026-06-14 21:43:27"}
{"level":"info","message":"Created client session 5cc4990690a7ca8431fa9ca0","timestamp":"2026-06-14 21:43:27"}
{"level":"info","message":"Created client session bc61d1e624ea1ccf29a442d8","timestamp":"2026-06-14 21:43:28"}
{"level":"info","message":"Created client session 162b8a980db141cad1dc7535","timestamp":"2026-06-14 21:43:28"}
{"level":"info","message":"Created client session a77ecdf5ffa4f913673ce98e","timestamp":"2026-06-14 21:43:28"}
{"level":"info","message":"Created client session 840966a2c2f313468043568d","timestamp":"2026-06-14 21:43:28"}
{"level":"info","message":"Created client session ccc3df62500bd9012c054345","timestamp":"2026-06-14 21:43:28"}
{"level":"info","message":"Created client session add52892e6026b831d05fa7d","timestamp":"2026-06-14 21:43:28"}
{"level":"info","message":"Created client session c6e57a1864860919d89b9dfd","timestamp":"2026-06-14 21:43:28"}
{"level":"info","message":"Created client session 1d4d0ca67dc64f89d635f65b","timestamp":"2026-06-14 21:43:28"}
{"level":"info","message":"Created client session c59e555a88553cfc9a9cffb4","timestamp":"2026-06-14 21:43:29"}
{"level":"info","message":"Created client session db83985c9f7d6ef4bfdec32f","timestamp":"2026-06-14 21:43:29"}
{"level":"info","message":"Created client session e5d8bea83e44c3c5ab4330c5","timestamp":"2026-06-14 21:43:29"}
{"level":"info","message":"Created client session 3e07463754e201204f984a0d","timestamp":"2026-06-14 21:43:29"}
{"level":"info","message":"Created client session 7c9d81bdfc7586ecb7380af7","timestamp":"2026-06-14 21:43:29"}
{"level":"info","message":"Created client session e53d28c8861c7cc712cba66b","timestamp":"2026-06-14 21:43:29"}
{"level":"info","message":"Created client session 5a69d5c457ad07e6e1eb079f","timestamp":"2026-06-14 21:43:29"}
{"level":"info","message":"Created client session 77110410515e9bd7bb64431a","timestamp":"2026-06-14 21:43:29"}
{"level":"info","message":"Created client session 5b5c5bb2c6532020303cc078","timestamp":"2026-06-14 21:43:30"}
{"level":"info","message":"Created client session fc7d8c120c52e74482389470","timestamp":"2026-06-14 21:43:30"}
{"level":"info","message":"Created client session dedaa856eb0bf0392c5620eb","timestamp":"2026-06-14 21:43:30"}
{"level":"info","message":"Created client session bdd53126d7c671d90ca840e2","timestamp":"2026-06-14 21:43:30"}
{"level":"info","message":"Created client session 1026a89074fd084ec39099f2","timestamp":"2026-06-14 21:43:30"}
{"level":"info","message":"Created client session c07eb515fd348cd67494a87b","timestamp":"2026-06-14 21:43:30"}
{"level":"info","message":"Created client session bee047dc869403e63bedf97a","timestamp":"2026-06-14 21:43:30"}
{"level":"info","message":"Created client session 347f6c5b5575a1e619f67aff","timestamp":"2026-06-14 21:43:30"}
{"level":"info","message":"Created client session cc5ed932e01f2a545b4cdd32","timestamp":"2026-06-14 21:43:31"}
{"level":"info","message":"Created client session 3038c58ae1725a15c222f31e","timestamp":"2026-06-14 21:43:31"}
{"level":"info","message":"Created client session a8ce58fcb964e98a6283698d","timestamp":"2026-06-14 21:43:31"}
{"level":"info","message":"Created client session 3eff7aa24f6435241b3c5e6b","timestamp":"2026-06-14 21:43:31"}
{"level":"info","message":"Created client session e8acfbc2bc616b50c45522e2","timestamp":"2026-06-14 21:43:31"}
{"level":"info","message":"Created client session 34ac1a81bed2666f20bc8bdf","timestamp":"2026-06-14 21:43:31"}
{"level":"info","message":"Created client session 8be8971dabe827da84779a53","timestamp":"2026-06-14 21:43:31"}
{"level":"info","message":"Created client session 388b1c5c05734ae8153403dd","timestamp":"2026-06-14 21:43:32"}
{"level":"info","message":"Created client session 551a640a007bb431b45a7bf6","timestamp":"2026-06-14 21:43:32"}
{"level":"info","message":"Created client session 437b4bed66950664fcf6a6ce","timestamp":"2026-06-14 21:43:32"}
{"level":"info","message":"Created client session 5666269ca09c92d0877f6e5a","timestamp":"2026-06-14 21:43:32"}
{"level":"info","message":"Created client session 1b56403393d86f0942ec1f90","timestamp":"2026-06-14 21:43:32"}
{"level":"info","message":"Created client session fb013f10a38c96b54c8ae1c5","timestamp":"2026-06-14 21:43:32"}
{"level":"info","message":"Created client session e305be73d3edf730ae0650f3","timestamp":"2026-06-14 21:43:32"}
{"level":"info","message":"Created client session 78e78f4fcd3883ddf277ef34","timestamp":"2026-06-14 21:43:32"}
{"level":"info","message":"Created client session b335944c2bead6a390ecb196","timestamp":"2026-06-14 21:43:32"}
{"level":"info","message":"Created client session 8ddfb13cc934a8dac5a10577","timestamp":"2026-06-14 21:43:32"}
{"level":"info","message":"Created client session dd25ba487f2dcb67300e0731","timestamp":"2026-06-14 21:43:32"}
{"level":"info","message":"Created client session 3a8f12fa71053da50ff74646","timestamp":"2026-06-14 21:43:32"}
{"level":"info","message":"Created client session b0173d0b645ec2c27bfa26c0","timestamp":"2026-06-14 21:43:32"}
{"level":"info","message":"Created client session d8f58b68da8577727a210d60","timestamp":"2026-06-14 21:43:33"}
{"level":"info","message":"Created client session 59ac7b65daddd13e90f6158b","timestamp":"2026-06-14 21:43:33"}
{"level":"info","message":"Created client session 27d5b7b2b7f55f24a7626607","timestamp":"2026-06-14 21:43:33"}
{"level":"info","message":"Created client session 84aa65baadd79ab6c06464a0","timestamp":"2026-06-14 21:43:33"}
{"level":"info","message":"Created client session 0f761ef359040aa37ace44b6","timestamp":"2026-06-14 21:43:33"}
{"level":"info","message":"Created client session ed2ce09647c532400da6df2e","timestamp":"2026-06-14 21:43:33"}
{"level":"info","message":"Created client session 35551733203c08ef58f02b23","timestamp":"2026-06-14 21:43:33"}
{"level":"info","message":"Created client session fcc178ee580a9f9220c32f94","timestamp":"2026-06-14 21:43:34"}
{"level":"info","message":"Created client session b135a50f98183f26300375df","timestamp":"2026-06-14 21:43:34"}
{"level":"info","message":"Created client session f8387cc0636c8e1d94b54a26","timestamp":"2026-06-14 21:43:34"}
{"level":"info","message":"Created client session ab9eba492bc1b6c72a71e581","timestamp":"2026-06-14 21:43:34"}
{"level":"info","message":"Created client session 58411a56f8865c9ef362c054","timestamp":"2026-06-14 21:43:34"}
{"level":"info","message":"Created client session a39c4be97e53bc5b112a4d09","timestamp":"2026-06-14 21:43:34"}
{"level":"info","message":"Created client session 64e6c7c352645bf2bec81a29","timestamp":"2026-06-14 21:43:34"}
{"level":"info","message":"Created client session 8b617c25f53da08676845db4","timestamp":"2026-06-14 21:43:34"}
{"level":"info","message":"Created client session c323aa66d55f8f9d6b727808","timestamp":"2026-06-14 21:43:35"}
{"level":"info","message":"Created client session f945a9463b1eff3c81b69981","timestamp":"2026-06-14 21:43:35"}
{"level":"info","message":"Created client session ae3b454a8c5ed93046ab4c1f","timestamp":"2026-06-14 21:43:35"}
{"level":"info","message":"Created client session a2ee9c3a845212aab06f7283","timestamp":"2026-06-14 21:43:35"}
{"level":"info","message":"Created client session f6761c622066341b6ba1f3d5","timestamp":"2026-06-14 21:43:35"}
{"level":"info","message":"Created client session 3f1dcc877d34a8b6682087d4","timestamp":"2026-06-14 21:43:35"}
{"level":"info","message":"Created client session de93f6b544a248970da1334c","timestamp":"2026-06-14 21:43:35"}
{"level":"info","message":"Created client session 1327c8f8137f46285c86ebef","timestamp":"2026-06-14 21:43:35"}
{"level":"info","message":"Created client session e4fd55a8d487381f652238bc","timestamp":"2026-06-14 21:43:35"}
{"level":"info","message":"Created client session 28e7ddc98baf44d461d03116","timestamp":"2026-06-14 21:43:36"}
{"level":"info","message":"Created client session 7a5ee3fb598d9227ff2a3c93","timestamp":"2026-06-14 21:43:36"}
{"level":"info","message":"Created client session d5837c0d6c420a47d0aa6ee7","timestamp":"2026-06-14 21:43:36"}
{"level":"info","message":"Created client session f5b0825d6ca4b9c80cd81d3b","timestamp":"2026-06-14 21:43:36"}
{"level":"info","message":"Created client session e954d0e94b3695c367f0ab67","timestamp":"2026-06-14 21:43:36"}
{"level":"info","message":"Created client session c932c3ca75602d4b132eb310","timestamp":"2026-06-14 21:43:36"}
{"level":"info","message":"Created client session 04a05eb0f0b7fb38c8d19841","timestamp":"2026-06-14 21:43:36"}
{"level":"info","message":"Created client session afa3c197e2dee8ea4849bb4f","timestamp":"2026-06-14 21:43:37"}
{"level":"info","message":"Created client session 9d905f4b05248749fd7c9310","timestamp":"2026-06-14 21:43:37"}
{"level":"info","message":"Created client session 24e24cfe45645c37a42e1922","timestamp":"2026-06-14 21:43:37"}
{"level":"info","message":"Created client session 2f2ceb037d7c4fd92c151988","timestamp":"2026-06-14 21:43:37"}
{"level":"info","message":"Created client session 1ee64337ffad53f1b547f794","timestamp":"2026-06-14 21:43:38"}
{"level":"info","message":"Created client session e21568a500b009171bfa378d","timestamp":"2026-06-14 21:43:38"}
{"level":"info","message":"Created client session 977c7ff049fdc19324d7965b","timestamp":"2026-06-14 21:43:38"}
{"level":"info","message":"Created client session 6397550cdbea8e1469ed39c6","timestamp":"2026-06-14 21:43:38"}
{"level":"info","message":"Created client session d8c91bd039e94241c29a84a9","timestamp":"2026-06-14 21:43:38"}
{"level":"info","message":"Created client session 9a010227cecb7d1597b4b63a","timestamp":"2026-06-14 21:43:39"}
{"level":"info","message":"Created client session a7ae97d5d32dbe825077ef42","timestamp":"2026-06-14 21:43:39"}
{"level":"info","message":"Created client session 9cd1dde57a0536bee837835c","timestamp":"2026-06-14 21:43:39"}
{"level":"info","message":"Created client session e5d4d64218c8ee708054bc2e","timestamp":"2026-06-14 21:43:39"}
{"level":"info","message":"Created client session f188dda38d2763154ab89c6f","timestamp":"2026-06-14 21:43:39"}
{"level":"info","message":"Created client session 6bcce5a3c113646e4b37cd76","timestamp":"2026-06-14 21:43:39"}
{"level":"info","message":"Created client session 89f5ea8bfa63da2e76adcf19","timestamp":"2026-06-14 21:43:39"}
{"level":"info","message":"Created client session c3a9fdb093c4ac03feacf770","timestamp":"2026-06-14 21:43:39"}
{"level":"info","message":"Created client session 02d81fdb84faaa670d3b336b","timestamp":"2026-06-14 21:43:39"}
{"level":"info","message":"Created client session 08947e404f950b736e46b3ac","timestamp":"2026-06-14 21:43:39"}
{"level":"info","message":"Created client session 4694ebe7ffffad7547567bf4","timestamp":"2026-06-14 21:43:40"}
{"level":"info","message":"Created client session f0ae033be28dc6ee6b849c09","timestamp":"2026-06-14 21:43:40"}
{"level":"info","message":"Created client session 1be51a8bc00452c191701065","timestamp":"2026-06-14 21:43:40"}
{"level":"info","message":"Created client session e3dd3aae4edde773d9c6265a","timestamp":"2026-06-14 21:43:40"}
{"level":"info","message":"Created client session cd45d778401b7549d08f173a","timestamp":"2026-06-14 21:43:40"}
{"level":"info","message":"Created client session 270a0f6ec0ac476738073aab","timestamp":"2026-06-14 21:43:40"}
{"level":"info","message":"Created client session 13a3f5d304e4820300de268f","timestamp":"2026-06-14 21:43:40"}
{"level":"info","message":"Created client session b69a61507fa17a1fa716e917","timestamp":"2026-06-14 21:43:41"}
{"level":"info","message":"Created client session 61e00437016a25d19b5ef71c","timestamp":"2026-06-14 21:43:41"}
{"level":"info","message":"Created client session 3941cd13724dc541b75a9719","timestamp":"2026-06-14 21:43:41"}
{"level":"info","message":"Created client session fb467e72c954f970d4ecf811","timestamp":"2026-06-14 21:43:41"}
{"level":"info","message":"Created client session a3439a7d8a699be8ab810d85","timestamp":"2026-06-14 21:43:41"}
{"level":"info","message":"Created client session 0ff08841ca7d98752141bfbe","timestamp":"2026-06-14 21:43:41"}
{"level":"info","message":"Created client session ca4da00ab9b6e927a6bf7ae0","timestamp":"2026-06-14 21:43:41"}
{"level":"info","message":"Created client session 063ce74277f006442c2c7121","timestamp":"2026-06-14 21:43:41"}
{"level":"info","message":"Created client session 7dcc1d11ad1155e719b0e888","timestamp":"2026-06-14 21:43:41"}
{"level":"info","message":"Created client session 08221f2ad28771f39c0ce242","timestamp":"2026-06-14 21:43:42"}
{"level":"info","message":"Created client session 8e326a20df7fabe89fe82ca8","timestamp":"2026-06-14 21:43:42"}
{"level":"info","message":"Created client session 92fb78a1fd5d2132a7898263","timestamp":"2026-06-14 21:43:42"}
{"level":"info","message":"Created client session e30a79d4c9526b27915122f5","timestamp":"2026-06-14 21:43:42"}
{"level":"info","message":"Created client session 0e0ace7da68d8066f0481ab9","timestamp":"2026-06-14 21:43:42"}
{"level":"info","message":"Created client session 40507c2dbbf9d25e8c3b0523","timestamp":"2026-06-14 21:43:42"}
{"level":"info","message":"Created client session 0152470f16324f4d32cc33da","timestamp":"2026-06-14 21:43:43"}
{"level":"info","message":"Created client session 384d1141fd469b8acb68fdd3","timestamp":"2026-06-14 21:43:43"}
{"level":"info","message":"Created client session abddc4e9b1c02f056e46925b","timestamp":"2026-06-14 21:43:43"}
{"level":"info","message":"Created client session 320ffad42d0f4d9c14f5f47b","timestamp":"2026-06-14 21:43:43"}
{"level":"info","message":"Created client session cbc02688d93e804b81f6bf4a","timestamp":"2026-06-14 21:43:44"}
{"level":"info","message":"Created client session f7ebaba548f414c9b15499dc","timestamp":"2026-06-14 21:43:44"}
{"level":"info","message":"Created client session 6e3fbe0bb47d159086d9d433","timestamp":"2026-06-14 21:43:44"}
{"level":"info","message":"Created client session b503b2fad93115036cad9a9e","timestamp":"2026-06-14 21:43:44"}
{"level":"info","message":"Created client session ade420886091ad3c98dfa66d","timestamp":"2026-06-14 21:43:44"}
{"level":"info","message":"Created client session a225cd745a24d94f5809c3b7","timestamp":"2026-06-14 21:43:44"}
{"level":"info","message":"Created client session 47a4000a87d0e83c5a87e2b4","timestamp":"2026-06-14 21:43:44"}
{"level":"info","message":"Created client session 0938cd2d8d80d23a424d5e97","timestamp":"2026-06-14 21:43:44"}
{"level":"info","message":"Created client session 81a139e54f56ced89bab03eb","timestamp":"2026-06-14 21:43:44"}
{"level":"info","message":"Created client session 8d1b81c0822b7b6337476089","timestamp":"2026-06-14 21:43:44"}
{"level":"info","message":"Created client session 58dccec4b566ff5c36bbd665","timestamp":"2026-06-14 21:43:44"}
{"level":"info","message":"Created client session a5c778c7b4715c92fad2b2b2","timestamp":"2026-06-14 21:43:44"}
{"level":"info","message":"Created client session 9207da353943099ec0e57ccb","timestamp":"2026-06-14 21:43:44"}
{"level":"info","message":"Created client session dbff259139428f03b5a576f2","timestamp":"2026-06-14 21:43:44"}
{"level":"info","message":"Created client session af789c8fda6ccf7fb1250457","timestamp":"2026-06-14 21:43:45"}
{"level":"info","message":"Created client session 681686b0aa3ea6e72f9c131a","timestamp":"2026-06-14 21:43:45"}
{"level":"info","message":"Created client session 7331c41c2ebb016ade081493","timestamp":"2026-06-14 21:43:45"}
{"level":"info","message":"Created client session 0eadb4604f15fdec649ddc96","timestamp":"2026-06-14 21:43:45"}
{"level":"info","message":"Created client session aeff31df548f11a3723ce91e","timestamp":"2026-06-14 21:43:45"}
{"level":"info","message":"Created client session 90f3613baa28e68f6fc0f575","timestamp":"2026-06-14 21:43:46"}
{"level":"info","message":"Created client session 560d47d1ec0cc691c6fe0796","timestamp":"2026-06-14 21:43:46"}
{"level":"info","message":"Created client session d2756e22e3109744381af169","timestamp":"2026-06-14 21:43:46"}
{"level":"info","message":"Created client session 6cbb602cdd7d4fa5ae697371","timestamp":"2026-06-14 21:43:46"}
{"level":"info","message":"Created client session 57a825efe00149b5e42fac8a","timestamp":"2026-06-14 21:43:46"}
{"level":"info","message":"Created client session 1a402a739820651303db4730","timestamp":"2026-06-14 21:43:46"}
{"level":"info","message":"Created client session 4fd6abdad54e2e1d6ab427ec","timestamp":"2026-06-14 21:43:47"}
{"level":"info","message":"Created client session 3b5f4e85318dfc6d86f5fe99","timestamp":"2026-06-14 21:43:47"}
{"level":"info","message":"Created client session f1f21ad4a3c2878fe81c78cb","timestamp":"2026-06-14 21:43:48"}
{"level":"info","message":"Created client session 6859622680fe2301d5321289","timestamp":"2026-06-14 21:43:48"}
{"level":"info","message":"Created client session 6e11bcfbc923b8f9723b52e9","timestamp":"2026-06-14 21:43:48"}
{"level":"info","message":"Created client session 9b85eae985ad7d76c2f76df0","timestamp":"2026-06-14 21:43:48"}
{"level":"info","message":"Created client session b74a451475d62a2d0ddcff75","timestamp":"2026-06-14 21:43:49"}
{"level":"info","message":"Created client session 35214c21c5576fc091f87dd1","timestamp":"2026-06-14 21:43:49"}
{"level":"info","message":"Created client session 3910f254d662520cd4f76a2c","timestamp":"2026-06-14 21:43:49"}
{"level":"info","message":"Created client session 8c5c5c4ac58568ea93589c37","timestamp":"2026-06-14 21:43:49"}
{"level":"info","message":"Created client session 77b20e7a7d0765f0b00d33bd","timestamp":"2026-06-14 21:43:49"}
{"level":"info","message":"Created client session 9fab9aee760896d5fdc9b490","timestamp":"2026-06-14 21:43:49"}
{"level":"info","message":"Created client session 6f991cc75a3a2d51b196b14f","timestamp":"2026-06-14 21:43:49"}
{"level":"info","message":"Created client session 39bfd339ddfc9ec9d236b0f1","timestamp":"2026-06-14 21:43:49"}
{"level":"info","message":"Created client session eab3bae5eb57d4dbe5463bd7","timestamp":"2026-06-14 21:43:49"}
{"level":"info","message":"Created client session a1a0eb69d427db4a5993dde2","timestamp":"2026-06-14 21:43:49"}
{"level":"info","message":"Created client session f57f74c28066936de274c110","timestamp":"2026-06-14 21:43:49"}
{"level":"info","message":"Created client session 12ed3b5b53fff04a94c58466","timestamp":"2026-06-14 21:43:49"}
{"level":"info","message":"Created client session e3842a013f024380d28761e3","timestamp":"2026-06-14 21:43:49"}
{"level":"info","message":"Created client session 8522df5d01d1fcd60d4b575b","timestamp":"2026-06-14 21:43:49"}
{"level":"info","message":"Created client session ed6c0b33719f5e15291292df","timestamp":"2026-06-14 21:43:49"}
{"level":"info","message":"Created client session 78aba1fd739af7a5d21d85ea","timestamp":"2026-06-14 21:43:50"}
{"level":"info","message":"Created client session 63b94aa57a984c40b7871664","timestamp":"2026-06-14 21:43:50"}
{"level":"info","message":"Created client session 19ae9e3d6990a01abaec6ce7","timestamp":"2026-06-14 21:43:50"}
{"level":"info","message":"Created client session df30e5377d5fc67dcb283f95","timestamp":"2026-06-14 21:43:50"}
{"level":"info","message":"Created client session e51fd93a89e0fec6c29263f5","timestamp":"2026-06-14 21:43:50"}
{"level":"info","message":"Created client session f368fc1b6a7c50eaea5db80f","timestamp":"2026-06-14 21:43:51"}
{"level":"info","message":"Created client session f10281e44362b64664cf858a","timestamp":"2026-06-14 21:43:51"}
{"level":"info","message":"Created client session c87d4cb9736df59a4655a1ac","timestamp":"2026-06-14 21:43:51"}
{"level":"info","message":"Created client session 6cbf3e0ad6dbe8c14be518d5","timestamp":"2026-06-14 21:43:51"}
{"level":"info","message":"Created client session 33727c47c493b21a98c56fcf","timestamp":"2026-06-14 21:43:51"}
{"level":"info","message":"Created client session 10bf80cd783839a905ff093f","timestamp":"2026-06-14 21:43:52"}
{"level":"info","message":"Created client session cffad62ca71876bd948b81e6","timestamp":"2026-06-14 21:43:52"}
{"level":"info","message":"Created client session e693e70c8360aabd4ac397c0","timestamp":"2026-06-14 21:43:52"}
{"level":"info","message":"Created client session 68c7d7e02d4791e8c88a5a16","timestamp":"2026-06-14 21:44:57"}
{"level":"info","message":"Created client session 0cfdc7a6b1581d2ba19dbf38","timestamp":"2026-06-14 22:23:34"}
{"level":"info","message":"Created client session f56b8488f897973412c87310","timestamp":"2026-06-14 22:33:15"}
{"level":"info","message":"Created client session b98b38efe285e7262efc3a1d","timestamp":"2026-06-14 22:38:28"}
{"level":"info","message":"Created client session b12df61b02fbf4865d86d450","timestamp":"2026-06-14 22:38:28"}
{"level":"info","message":"Created client session d0d4c95e97cc4a71756070d8","timestamp":"2026-06-14 22:38:28"}
{"level":"info","message":"Created client session cbc8229581cd1a1e18f305bb","timestamp":"2026-06-14 22:38:28"}
{"level":"info","message":"Created client session e3535a2e3ec1f084a1e79160","timestamp":"2026-06-14 22:38:28"}
{"level":"info","message":"Created client session eb8af69cff7d7b2f7de495b8","timestamp":"2026-06-14 22:38:28"}
{"level":"info","message":"Created client session 08337a22c775afc64018e01f","timestamp":"2026-06-14 22:38:28"}
{"level":"info","message":"Created client session 6332ab0e9a2219cd92f6a6b3","timestamp":"2026-06-14 22:38:28"}
{"level":"info","message":"Created client session 96cb5403424b0a381f7af253","timestamp":"2026-06-14 22:38:28"}
{"level":"info","message":"Created client session 2ee34df509fe92d34a317d1c","timestamp":"2026-06-14 22:38:28"}
{"level":"info","message":"Created client session 599463564b56fd56738cde18","timestamp":"2026-06-14 22:38:28"}
{"level":"info","message":"Created client session b7867a710148230ff5c33952","timestamp":"2026-06-14 22:38:28"}
{"level":"info","message":"Created client session 2b263f07f55d7b9ac7953626","timestamp":"2026-06-14 22:38:28"}
{"level":"info","message":"Created client session 527d93c14129952540c49e96","timestamp":"2026-06-14 22:38:28"}
{"level":"info","message":"Created client session 253ff6f4a4f70e699a75aff8","timestamp":"2026-06-14 22:38:28"}
{"level":"info","message":"Created client session 18407f26de154f503aabc0fd","timestamp":"2026-06-14 22:38:28"}
{"level":"info","message":"Created client session c09f8a460f0b580d2c8e5032","timestamp":"2026-06-14 22:38:28"}
{"level":"info","message":"Created client session aacf86f469e850ade6645d98","timestamp":"2026-06-14 22:38:28"}
{"level":"info","message":"Created client session c4e3460fa5eece9bf377006a","timestamp":"2026-06-14 22:38:28"}
{"level":"info","message":"Created client session 3534de25bc3399847d18f311","timestamp":"2026-06-14 22:38:28"}
{"level":"info","message":"Created client session 0dc1357f9ea59886f1043b15","timestamp":"2026-06-14 22:38:28"}
{"level":"info","message":"Created client session e73e3eaa0b3ec45a8da37f03","timestamp":"2026-06-14 22:38:28"}
{"level":"info","message":"Created client session a94bfb01ec913e8c62364268","timestamp":"2026-06-14 22:38:28"}
{"level":"info","message":"Created client session dcd3ef83f1f16c740999ea75","timestamp":"2026-06-14 22:38:28"}
{"level":"info","message":"Created client session f5015c3567c551b2c3378010","timestamp":"2026-06-14 22:38:28"}
{"level":"info","message":"Created client session c3b3f79da00862770b211372","timestamp":"2026-06-14 22:38:28"}
{"level":"info","message":"Created client session 5c265b273ee2bd9c0c27087f","timestamp":"2026-06-14 22:38:28"}
{"level":"info","message":"Created client session d82956d0e5a93034980e8915","timestamp":"2026-06-14 22:38:28"}
{"level":"info","message":"Created client session 44b253ec96296d1aa7c0e889","timestamp":"2026-06-14 22:38:28"}
{"level":"info","message":"Created client session bb9ba511d2f4d7cd2116c3ca","timestamp":"2026-06-14 22:38:28"}
{"level":"info","message":"Created client session a039f95e9709c6641ec1e849","timestamp":"2026-06-14 22:38:28"}
{"level":"info","message":"Created client session f6e6ca390b8253e429271382","timestamp":"2026-06-14 22:38:28"}
{"level":"info","message":"Created client session fa15153281ed98ff315bd892","timestamp":"2026-06-14 22:38:28"}
{"level":"info","message":"Created client session 17fa09e0c71d911c74747c6b","timestamp":"2026-06-14 22:38:28"}
{"level":"info","message":"Created client session a8e00a6f38bd9090b58409bf","timestamp":"2026-06-14 22:38:28"}
{"level":"info","message":"Created client session 8bb8dcff4acf36771d7b7bc6","timestamp":"2026-06-14 22:38:28"}
{"level":"info","message":"Created client session 734bc0f5d277cacd8bd65f38","timestamp":"2026-06-14 22:38:28"}
{"level":"info","message":"Created client session e163ae60652a0cc947ca176f","timestamp":"2026-06-14 22:38:28"}
{"level":"info","message":"Created client session 3cca8c9c3bd745fe768ef990","timestamp":"2026-06-14 22:38:28"}
{"level":"info","message":"Created client session ba389970e40a45bf35b9cd0a","timestamp":"2026-06-14 22:38:28"}
{"level":"info","message":"Created client session 83d4d118c628139f4ff31b28","timestamp":"2026-06-14 22:38:28"}
{"level":"info","message":"Created client session f8a63dac62ee62cb88541833","timestamp":"2026-06-14 22:38:28"}
{"level":"info","message":"Created client session d8fd221067306615d66b8662","timestamp":"2026-06-14 22:38:28"}
{"level":"info","message":"Created client session 74777b4befd513f190a421f4","timestamp":"2026-06-14 22:38:28"}
{"level":"info","message":"Created client session 9c4ccfeb4a9e854bb2970cbb","timestamp":"2026-06-14 22:38:29"}
{"level":"info","message":"Created client session ede34c20ddd204d8b3613e67","timestamp":"2026-06-14 22:38:29"}
{"level":"info","message":"Created client session f203470e112f633be2f7953e","timestamp":"2026-06-14 22:38:29"}
{"level":"info","message":"Created client session 0c4e149a8bddac998c28e52d","timestamp":"2026-06-14 22:38:29"}
{"level":"info","message":"Created client session 0d5001f189486ba510f63813","timestamp":"2026-06-14 22:38:29"}
{"level":"info","message":"Created client session 63e5e340e43416cc9fc5c8a2","timestamp":"2026-06-14 22:38:29"}
{"level":"info","message":"Created client session afe67e4f4c95f51b16a405ac","timestamp":"2026-06-14 22:38:29"}
{"level":"info","message":"Created client session fa5ea866ddd15dbda378f61f","timestamp":"2026-06-14 22:38:29"}
{"level":"info","message":"Created client session 367d6f0b71ef04be0b333982","timestamp":"2026-06-14 22:38:29"}
{"level":"info","message":"Created client session d8dee4a404a6308cdaefd05d","timestamp":"2026-06-14 22:38:29"}
{"level":"info","message":"Created client session d70d4c8fe2bde86cf74723c7","timestamp":"2026-06-14 22:38:29"}
{"level":"info","message":"Created client session 530836daf721468afab8a8eb","timestamp":"2026-06-14 22:38:29"}
{"level":"info","message":"Created client session 2a0e36cda0beb43369ae9dca","timestamp":"2026-06-14 22:38:29"}
{"level":"info","message":"Created client session 6acaf8c686748a509b5f76f7","timestamp":"2026-06-14 22:38:29"}
{"level":"info","message":"Created client session 8b64dfa20d581142677b8c9d","timestamp":"2026-06-14 22:38:29"}
{"level":"info","message":"Created client session 8dcf4c358ffd79eaa0896ea5","timestamp":"2026-06-14 22:38:29"}
{"level":"info","message":"Created client session be24090bd41a1252b70a60c8","timestamp":"2026-06-14 22:38:29"}
{"level":"info","message":"Created client session c04b03827f316723df73d228","timestamp":"2026-06-14 22:38:29"}
{"level":"info","message":"Created client session 9e0c93249995f64ff52f639b","timestamp":"2026-06-14 22:38:29"}
{"level":"info","message":"Created client session 2339f302f2a06e483ea2e219","timestamp":"2026-06-14 22:38:29"}
{"level":"info","message":"Created client session 251dc32fe37c23b78a831788","timestamp":"2026-06-14 22:38:29"}
{"level":"info","message":"Created client session b17476fcc61cb8ca65f67d88","timestamp":"2026-06-14 22:38:29"}
{"level":"info","message":"Created client session e2c196b3b9617f8c47cab6ee","timestamp":"2026-06-14 22:38:29"}
{"level":"info","message":"Created client session 43c5afb33c35aa6e594f5841","timestamp":"2026-06-14 22:38:29"}
{"level":"info","message":"Created client session d0aa49983fee2809cf1155ce","timestamp":"2026-06-14 22:38:29"}
{"level":"info","message":"Created client session a91d1f62d9fc8f277ea33360","timestamp":"2026-06-14 22:38:29"}
{"level":"info","message":"Created client session 0fa5fdfb4c6b063d0485494f","timestamp":"2026-06-14 22:38:29"}
{"level":"info","message":"Created client session 380208212348c1e1110d5703","timestamp":"2026-06-14 22:38:29"}
{"level":"info","message":"Created client session 8a75dc6549e4ec312efc0345","timestamp":"2026-06-14 22:38:29"}
{"level":"info","message":"Created client session 38a80360849853390414a972","timestamp":"2026-06-14 22:38:29"}
{"level":"info","message":"Created client session 08cc34c4ab4e75acbd5a1afd","timestamp":"2026-06-14 22:38:29"}
{"level":"info","message":"Created client session ca7905ffabadaecf84a68e52","timestamp":"2026-06-14 22:38:29"}
{"level":"info","message":"Created client session ced38b766fcdf5a162cd7104","timestamp":"2026-06-14 22:38:29"}
{"level":"info","message":"Created client session 98a4d2e5ce43be52f009b09a","timestamp":"2026-06-14 22:38:29"}
{"level":"info","message":"Created client session 7cadcec3b6b4428f2f421077","timestamp":"2026-06-14 22:38:29"}
{"level":"info","message":"Created client session 8752826315df4fa3511bdb7e","timestamp":"2026-06-14 22:38:29"}
{"level":"info","message":"Created client session e3c74a054c566104b748675c","timestamp":"2026-06-14 22:38:29"}
{"level":"info","message":"Created client session d0d8f6ba02772a0cc90b178b","timestamp":"2026-06-14 22:38:29"}
{"level":"info","message":"Created client session f7f1bea6b069599c38f1748a","timestamp":"2026-06-14 22:38:29"}
{"level":"info","message":"Created client session d2c9dc3f4f9fc9c985ae4cf3","timestamp":"2026-06-14 22:38:29"}
{"level":"info","message":"Created client session 45797fa59b85352bb7581ca3","timestamp":"2026-06-14 22:38:29"}
{"level":"info","message":"Created client session e376c79adee1e28dffb116c6","timestamp":"2026-06-14 22:38:29"}
{"level":"info","message":"Created client session 2773b7558aa4d5dc12122a11","timestamp":"2026-06-14 22:38:29"}
{"level":"info","message":"Created client session 6f02a62caa9f59142acaa62c","timestamp":"2026-06-14 22:38:29"}
{"level":"info","message":"Created client session b673060b6d987fb81a279d50","timestamp":"2026-06-14 22:38:29"}
{"level":"info","message":"Created client session 83a77c9063a0b9d4a4b1158c","timestamp":"2026-06-14 22:38:29"}
{"level":"info","message":"Created client session 93cda6cf65c03c37772ec746","timestamp":"2026-06-14 22:38:29"}
{"level":"info","message":"Created client session 0a43973972bab6c56691b36c","timestamp":"2026-06-14 22:38:29"}
{"level":"info","message":"Created client session 5c15d4af75369d3e421ffec7","timestamp":"2026-06-14 22:38:29"}
{"level":"info","message":"Created client session 2f3ea34db72ee8a607f990a3","timestamp":"2026-06-14 22:38:29"}
{"level":"info","message":"Created client session 5f63b50bfa8e5ad90dee7015","timestamp":"2026-06-14 22:38:29"}
{"level":"info","message":"Created client session cc76011d4baa2f21e566a2ca","timestamp":"2026-06-14 22:38:29"}
{"level":"info","message":"Created client session a912617d71af843d3466b3b8","timestamp":"2026-06-14 22:38:29"}
{"level":"info","message":"Created client session 3af537e9e91b2495890b3298","timestamp":"2026-06-14 22:38:29"}
{"level":"info","message":"Created client session 3c18e3a45f15d3865415c316","timestamp":"2026-06-14 22:38:29"}
{"level":"info","message":"Created client session 5a0e83320591ae3d9ef95929","timestamp":"2026-06-14 22:38:29"}
{"level":"info","message":"Created client session fbbdcd20af9dfa32eb6a3185","timestamp":"2026-06-14 22:38:29"}
{"level":"info","message":"Created client session 968cb0bd08cfcad667df45e7","timestamp":"2026-06-14 22:38:29"}
{"level":"info","message":"Created client session 0625b93484bbc6eac8b7a429","timestamp":"2026-06-14 22:38:29"}
{"level":"info","message":"Created client session 9b43cc7cddd77371a203bbc7","timestamp":"2026-06-14 22:38:29"}
{"level":"info","message":"Created client session 020a8e801d7824e24fdf8084","timestamp":"2026-06-14 22:38:29"}
{"level":"info","message":"Created client session 138707dd9d16b2dc2aa9d86b","timestamp":"2026-06-14 22:38:29"}
{"level":"info","message":"Created client session cb317531bfdd8027f408e8f0","timestamp":"2026-06-14 22:38:30"}
{"level":"info","message":"Created client session 95b8452c39c4411142c60926","timestamp":"2026-06-14 22:38:30"}
{"level":"info","message":"Created client session c3a864b9b7e94ec3ddef167c","timestamp":"2026-06-14 22:38:30"}
{"level":"info","message":"Created client session dba3618463124fb9c4315da7","timestamp":"2026-06-14 22:38:30"}
{"level":"info","message":"Created client session b47ea59690312f50abd30848","timestamp":"2026-06-14 22:38:30"}
{"level":"info","message":"Created client session 2f1cc7edcd3a15ae416f0b98","timestamp":"2026-06-14 22:38:30"}
{"level":"info","message":"Created client session bb67f7154be5ef11a0175a66","timestamp":"2026-06-14 22:38:30"}
{"level":"info","message":"Created client session fb0a0a9ac5251676d5938b48","timestamp":"2026-06-14 22:38:30"}
{"level":"info","message":"Created client session 31d92457e7f2ae6812be6efa","timestamp":"2026-06-14 22:38:30"}
{"level":"info","message":"Created client session 875d7f43b869eeedbb9a7479","timestamp":"2026-06-14 22:38:30"}
{"level":"info","message":"Created client session 9be70539e5147374b3b2e602","timestamp":"2026-06-14 22:38:30"}
{"level":"info","message":"Created client session 2fb6797a95c7277195970a28","timestamp":"2026-06-14 22:38:30"}
{"level":"info","message":"Created client session f06ba0c24ec478c3a492462d","timestamp":"2026-06-14 22:38:30"}
{"level":"info","message":"Created client session f00d5e70ec67b27a90481619","timestamp":"2026-06-14 22:38:30"}
{"level":"info","message":"Created client session 06b60e3f862182d594abd774","timestamp":"2026-06-14 22:38:30"}
{"level":"info","message":"Created client session f1b58ec1b8c739c76bf7c8b3","timestamp":"2026-06-14 22:38:30"}
{"level":"info","message":"Created client session 65e4c194ab97cf9a4c91195f","timestamp":"2026-06-14 22:38:30"}
{"level":"info","message":"Created client session baed6c965acbc489f43fa959","timestamp":"2026-06-14 22:38:30"}
{"level":"info","message":"Created client session 575319bf0e83c8b7115d1363","timestamp":"2026-06-14 22:38:30"}
{"level":"info","message":"Created client session 9ce7ad02fc85771931e52581","timestamp":"2026-06-14 22:38:30"}
{"level":"info","message":"Created client session 07163376b8435dd82b2251ce","timestamp":"2026-06-14 23:27:14"}
{"level":"info","message":"Created client session 4a32672908a7bd461f2ecbcf","timestamp":"2026-06-14 23:27:15"}
{"level":"info","message":"Created client session d99cae36532b23af81160c88","timestamp":"2026-06-14 23:27:16"}
{"level":"info","message":"Created client session b0ebfb904062cbed370ccfe6","timestamp":"2026-06-14 23:27:17"}
{"level":"info","message":"Created client session eeec23b036e290c90bdda388","timestamp":"2026-06-14 23:27:18"}
{"level":"info","message":"Created client session d8f172818e0f003d18de16a4","timestamp":"2026-06-14 23:27:18"}
{"level":"info","message":"Created client session 444af5c923d01835268b9c82","timestamp":"2026-06-14 23:27:19"}
{"level":"info","message":"Created client session ed97c5f55b13f6ea1529d134","timestamp":"2026-06-14 23:27:20"}
{"level":"info","message":"Created client session a376ded6922036d0eb7e70e0","timestamp":"2026-06-14 23:27:21"}
{"level":"info","message":"Created client session db4e25108c182a799c2413aa","timestamp":"2026-06-14 23:27:22"}
{"level":"info","message":"Created client session 3df3a12e66237fd598c6817c","timestamp":"2026-06-14 23:27:22"}
{"level":"info","message":"Created client session 6139e14a1dd4ee3b44d0de1c","timestamp":"2026-06-14 23:27:24"}
{"level":"info","message":"Created client session 4e2e47f2f43652dab9b47c68","timestamp":"2026-06-14 23:27:24"}
{"level":"info","message":"Created client session d5b789773e6ab29582c6c694","timestamp":"2026-06-14 23:27:25"}
{"level":"info","message":"Created client session ffc9915ec8cb7148e6633b3f","timestamp":"2026-06-14 23:27:26"}
{"level":"info","message":"Created client session 57476412723c6e6563886376","timestamp":"2026-06-14 23:27:27"}
{"level":"info","message":"Created client session 14d15ad45ccc1a1eb8363a2f","timestamp":"2026-06-14 23:27:28"}
{"level":"info","message":"Created client session e2229519806c2a13a8d905fe","timestamp":"2026-06-14 23:27:29"}
{"level":"info","message":"Created client session 5530d77c68dce5cb75455d6a","timestamp":"2026-06-14 23:27:30"}
{"level":"info","message":"Created client session cb0c40a9016a93f357218b7c","timestamp":"2026-06-14 23:27:31"}
{"level":"info","message":"Created client session 7f2517b47e6b798cd514965f","timestamp":"2026-06-14 23:27:31"}
{"level":"info","message":"Created client session 151c3c1a7a7db998ce246024","timestamp":"2026-06-14 23:27:32"}
{"level":"info","message":"Created client session e9dcfedd5464323d981cbf21","timestamp":"2026-06-14 23:27:33"}
{"level":"info","message":"Created client session b9d713fa9c8b0ab1c32d44e0","timestamp":"2026-06-14 23:27:34"}
{"level":"info","message":"Created client session dbb6f9b3d3b91ce337ab2246","timestamp":"2026-06-14 23:27:35"}
{"level":"info","message":"Created client session ecc8ed23ef0fb2df27c7d757","timestamp":"2026-06-14 23:27:36"}
{"level":"info","message":"Created client session eafcdc3d34c38771631bd5f5","timestamp":"2026-06-14 23:27:37"}
{"level":"info","message":"Created client session b8b8f240b38a623efbaa3fc7","timestamp":"2026-06-14 23:27:37"}
{"level":"info","message":"Created client session 2bd9b965a02f3b994df953aa","timestamp":"2026-06-14 23:27:38"}
{"level":"info","message":"Created client session df2ae3cdb4b3fe11cd09e547","timestamp":"2026-06-14 23:27:39"}
{"level":"info","message":"Created client session dce1eb2933b02140fea58f9d","timestamp":"2026-06-14 23:27:40"}
{"level":"info","message":"Created client session 7421646a9c6a97d1b0585aed","timestamp":"2026-06-14 23:27:41"}
{"level":"info","message":"Created client session 54d1c358d0bf087a03148dc2","timestamp":"2026-06-14 23:27:42"}
{"level":"info","message":"Created client session 038acd8295f782449d065669","timestamp":"2026-06-14 23:27:43"}
{"level":"info","message":"Created client session d769b394e30713288f575c11","timestamp":"2026-06-14 23:27:43"}
{"level":"info","message":"Created client session f49b2f18f0f08027b76addbf","timestamp":"2026-06-14 23:27:44"}
{"level":"info","message":"Created client session 29ba6a7a140eae987e461510","timestamp":"2026-06-14 23:27:45"}
{"level":"info","message":"Created client session a3383b95b4695cc8db5bf8ad","timestamp":"2026-06-14 23:27:45"}
{"level":"info","message":"Created client session 70ac55ef9e8452256fcee74b","timestamp":"2026-06-14 23:27:46"}
{"level":"info","message":"Created client session c779662f004dbd503582cd6e","timestamp":"2026-06-14 23:27:47"}
{"level":"info","message":"Created client session 47c4bbce74db6f7b07acf74c","timestamp":"2026-06-14 23:27:48"}
{"level":"info","message":"Created client session b089ada15ff58a2ef37dbd27","timestamp":"2026-06-14 23:27:49"}
{"level":"info","message":"Created client session 3641a6138b573f28307af303","timestamp":"2026-06-14 23:27:50"}
{"level":"info","message":"Created client session ccc2edb14957ec8ab389492b","timestamp":"2026-06-14 23:27:51"}
