{"level":"info","message":"Created client session 8a242fe8e46492413c33d75b","timestamp":"2026-07-19 01:04:33"}
{"level":"info","message":"Created client session fc6d830d45c1cdc0a0c92b6a","timestamp":"2026-07-19 01:04:33"}
{"level":"info","message":"Created client session 743ce0ed3f7ceeada2c02390","timestamp":"2026-07-19 01:04:33"}
{"level":"info","message":"Created client session b0090e8edf18f2774ecc514a","timestamp":"2026-07-19 01:04:33"}
{"level":"info","message":"Created client session de33fed009c53331e9ae62a3","timestamp":"2026-07-19 01:04:34"}
{"level":"info","message":"Created client session 8e21177924805e7a586011d9","timestamp":"2026-07-19 01:04:34"}
{"level":"info","message":"Created client session d8bcb62666cbb07322855ae6","timestamp":"2026-07-19 01:04:34"}
{"level":"info","message":"Created client session 6f36c590cee725075d5dc8ca","timestamp":"2026-07-19 01:04:34"}
{"level":"info","message":"Created client session a8c83ca7b75e4b078285fbeb","timestamp":"2026-07-19 01:04:34"}
{"level":"info","message":"Created client session 43748d9964ee1ce07645f52c","timestamp":"2026-07-19 01:04:34"}
{"level":"info","message":"Created client session 3a1d9fbf33febdf1a90b9379","timestamp":"2026-07-19 01:04:34"}
{"level":"info","message":"Created client session a78eb8d4994da7be185d9091","timestamp":"2026-07-19 01:04:34"}
{"level":"info","message":"Created client session b93369283aca49a26e9cf39f","timestamp":"2026-07-19 01:04:34"}
{"level":"info","message":"Created client session 591465b2789879a7605e1aca","timestamp":"2026-07-19 01:04:34"}
{"level":"info","message":"Created client session 452c821b877ce83a3651fe07","timestamp":"2026-07-19 01:04:34"}
{"level":"info","message":"Created client session 2000da49201565fede78ba43","timestamp":"2026-07-19 01:04:34"}
{"level":"info","message":"Created client session 5c0c0cb9ad7f88d3077457e5","timestamp":"2026-07-19 01:04:34"}
{"level":"info","message":"Created client session d802a2bad6e31412292ab80a","timestamp":"2026-07-19 01:04:35"}
{"level":"info","message":"Created client session 7128045fabe8b8e98af4f561","timestamp":"2026-07-19 01:04:35"}
{"level":"info","message":"Created client session 01b5e059976a642a52009c92","timestamp":"2026-07-19 01:04:35"}
{"level":"info","message":"Created client session 92023110949ef2698c688251","timestamp":"2026-07-19 01:04:35"}
{"level":"info","message":"Created client session 21ade0b830aaa9a2bdd8c745","timestamp":"2026-07-19 01:04:35"}
{"level":"info","message":"Created client session ae98ae229c39ab370fa363c6","timestamp":"2026-07-19 01:04:35"}
{"level":"info","message":"Created client session 80210d3aa57164221796bce0","timestamp":"2026-07-19 01:04:35"}
{"level":"info","message":"Created client session 3510273bf95e016cc049ef06","timestamp":"2026-07-19 01:04:35"}
{"level":"info","message":"Created client session 8dc37d71d414420b45631298","timestamp":"2026-07-19 01:04:35"}
{"level":"info","message":"Created client session a534238731a18e00c3c85687","timestamp":"2026-07-19 01:04:35"}
{"level":"info","message":"Created client session e63b8101be20f40794fbbac0","timestamp":"2026-07-19 01:04:35"}
{"level":"info","message":"Created client session e4c171b7f74812899b721836","timestamp":"2026-07-19 01:04:35"}
{"level":"info","message":"Created client session 59d4749dd1fecea025fd0141","timestamp":"2026-07-19 01:04:35"}
{"level":"info","message":"Created client session fdf7e36a2133cfd2019e19ef","timestamp":"2026-07-19 01:04:35"}
{"level":"info","message":"Created client session f4dfa6672bb0095365b18a14","timestamp":"2026-07-19 01:04:36"}
{"level":"info","message":"Created client session 9da5a75f2bddb6d2344583ce","timestamp":"2026-07-19 01:04:36"}
{"level":"info","message":"Created client session c01d5c57a00b008cd59763c5","timestamp":"2026-07-19 01:04:36"}
{"level":"info","message":"Created client session 6cc14b4e0063c5a3dcc488cb","timestamp":"2026-07-19 01:04:36"}
{"level":"info","message":"Created client session f55e9c6c1f26479a084fe159","timestamp":"2026-07-19 01:04:36"}
{"level":"info","message":"Created client session b5f9698c6678eead48ace6e8","timestamp":"2026-07-19 01:04:36"}
{"level":"info","message":"Created client session cccd8314b12780904011ca57","timestamp":"2026-07-19 01:04:36"}
{"level":"info","message":"Created client session 0f20c45305ff013455c9c421","timestamp":"2026-07-19 01:04:36"}
{"level":"info","message":"Created client session 39ca3f41b73d74a5bb3ca72d","timestamp":"2026-07-19 01:04:36"}
{"level":"info","message":"Created client session 63265672278c841c9eac8b57","timestamp":"2026-07-19 01:04:36"}
{"level":"info","message":"Created client session 098ce83a56f31892b1f280dc","timestamp":"2026-07-19 01:04:36"}
{"level":"info","message":"Created client session be4bb351b76e68d8ca0990b3","timestamp":"2026-07-19 01:04:37"}
{"level":"info","message":"Created client session 66c1d77b08680becfe4ec544","timestamp":"2026-07-19 01:04:37"}
{"level":"info","message":"Created client session 5cbbe3c6989d59af0afcefb0","timestamp":"2026-07-19 01:04:37"}
{"level":"info","message":"Created client session ce00e5aca0d17d1e653db11d","timestamp":"2026-07-19 01:04:37"}
{"level":"info","message":"Created client session e1563b1a970e1a2fdffbd33c","timestamp":"2026-07-19 01:04:37"}
{"level":"info","message":"Created client session 542dc8743f340fc0dca0eeac","timestamp":"2026-07-19 01:04:37"}
{"level":"info","message":"Created client session 92b360901681d9bda699b986","timestamp":"2026-07-19 01:04:37"}
{"level":"info","message":"Created client session 61f82ccd61d4c0c4c352663f","timestamp":"2026-07-19 01:04:37"}
{"level":"info","message":"Created client session 71778ce993b2bfe4700518be","timestamp":"2026-07-19 01:04:37"}
{"level":"info","message":"Created client session 94d80f308e6e65145cf5aea6","timestamp":"2026-07-19 01:04:37"}
{"level":"info","message":"Created client session 385aea4dd55c90c78939187f","timestamp":"2026-07-19 01:04:37"}
{"level":"info","message":"Created client session 8caa5cda590c92ff65aa944e","timestamp":"2026-07-19 01:04:37"}
{"level":"info","message":"Created client session 1d1818b21d7d3a0537322a49","timestamp":"2026-07-19 01:04:38"}
{"level":"info","message":"Created client session 0971a5225292a1e8e22e0fdf","timestamp":"2026-07-19 01:04:38"}
{"level":"info","message":"Created client session eebd7ec5fdfe4c3561011848","timestamp":"2026-07-19 01:04:38"}
{"level":"info","message":"Created client session cad8df77e0f9a57734a70736","timestamp":"2026-07-19 01:04:38"}
{"level":"info","message":"Created client session 93dbce9a48b123e64188cf8d","timestamp":"2026-07-19 01:04:38"}
{"level":"info","message":"Created client session 71f1d4032890f296b3d37b8b","timestamp":"2026-07-19 01:04:38"}
{"level":"info","message":"Created client session b814dde0a9d42f0c64f3a0b8","timestamp":"2026-07-19 01:04:38"}
{"level":"info","message":"Created client session b4df77bd2a0dfa7c8d8b30e7","timestamp":"2026-07-19 01:04:38"}
{"level":"info","message":"Created client session 151057d697f5c838a63af7ea","timestamp":"2026-07-19 01:04:38"}
{"level":"info","message":"Created client session d70ae76cb55118579d3b394c","timestamp":"2026-07-19 01:04:38"}
{"level":"info","message":"Created client session dbc858034a04bfe6c6618d13","timestamp":"2026-07-19 01:04:38"}
{"level":"info","message":"Created client session b1ec07b60455532b8dcc4fd9","timestamp":"2026-07-19 01:04:38"}
{"level":"info","message":"Created client session 12a1d604e3a7e212c4722128","timestamp":"2026-07-19 01:04:38"}
{"level":"info","message":"Created client session f769aeb1f1d68d7c4bc0146b","timestamp":"2026-07-19 01:04:38"}
{"level":"info","message":"Created client session c3438aeea05733aba92b0219","timestamp":"2026-07-19 01:04:39"}
{"level":"info","message":"Created client session 53c7b81d8948017bd5915685","timestamp":"2026-07-19 01:04:39"}
{"level":"info","message":"Created client session f342264aaa9a6e4dcf9dfa61","timestamp":"2026-07-19 01:04:39"}
{"level":"info","message":"Created client session 5b361e51ec59a2c546517e16","timestamp":"2026-07-19 01:04:39"}
{"level":"info","message":"Created client session 9a2b04d6b53263ce47a3ef19","timestamp":"2026-07-19 01:04:39"}
{"level":"info","message":"Created client session ef7edcbf2fc16ed35f228e3d","timestamp":"2026-07-19 01:04:39"}
{"level":"info","message":"Created client session 28f845127162a493108ef4d4","timestamp":"2026-07-19 01:04:39"}
{"level":"info","message":"Created client session 8afe68b28055982ae944bd97","timestamp":"2026-07-19 01:04:39"}
{"level":"info","message":"Created client session 9f6af9628725259baf8a3848","timestamp":"2026-07-19 01:04:39"}
{"level":"info","message":"Created client session 09dad2a9eacd166ebf199912","timestamp":"2026-07-19 01:04:39"}
{"level":"info","message":"Created client session ff4ebcb2d23309ae2bb00cb8","timestamp":"2026-07-19 01:04:39"}
{"level":"info","message":"Created client session 4bdefd75f17852faffe1d720","timestamp":"2026-07-19 01:04:40"}
{"level":"info","message":"Created client session f18fb3269e0a1bfd9bdf201f","timestamp":"2026-07-19 01:04:40"}
{"level":"info","message":"Created client session f6409f218e9ca5a9b1af96a8","timestamp":"2026-07-19 01:04:40"}
{"level":"info","message":"Created client session 3a066eae30ec238394085847","timestamp":"2026-07-19 01:04:40"}
{"level":"info","message":"Created client session 3e774d271f940bfcbb99502b","timestamp":"2026-07-19 01:04:40"}
{"level":"info","message":"Created client session ae27f0b3d14a65d3f2cf1916","timestamp":"2026-07-19 01:04:40"}
{"level":"info","message":"Created client session d6a76f8a17941f218352a668","timestamp":"2026-07-19 01:04:40"}
{"level":"info","message":"Created client session 13c76f446bdb5891ebb6f890","timestamp":"2026-07-19 01:04:40"}
{"level":"info","message":"Created client session aeb17cbf4fed104b85d1112e","timestamp":"2026-07-19 01:04:40"}
{"level":"info","message":"Created client session 195674d7776b975e8f33e477","timestamp":"2026-07-19 01:04:40"}
{"level":"info","message":"Created client session 7a8430ddb63904f3ba4c1b3a","timestamp":"2026-07-19 01:04:40"}
{"level":"info","message":"Created client session 3c3ddcfaa355b2b305ec263b","timestamp":"2026-07-19 01:04:40"}
{"level":"info","message":"Created client session 56aa45f6d3edaf3f87630d08","timestamp":"2026-07-19 01:04:41"}
{"level":"info","message":"Created client session edeb38caf13ebf202705f5b3","timestamp":"2026-07-19 01:04:41"}
{"level":"info","message":"Created client session 9cbccff9d55bdef1767b1ba1","timestamp":"2026-07-19 01:04:41"}
{"level":"info","message":"Created client session db67a418f28f34d7be800740","timestamp":"2026-07-19 01:04:41"}
{"level":"info","message":"Created client session 7e61be79c9a1df2b931c7612","timestamp":"2026-07-19 01:04:41"}
{"level":"info","message":"Created client session ee80c0f7367a66589df6efb3","timestamp":"2026-07-19 01:04:41"}
{"level":"info","message":"Created client session ff7040784c571fc355394177","timestamp":"2026-07-19 01:04:41"}
{"level":"info","message":"Created client session 5c49b637bb15a88984d8ffb9","timestamp":"2026-07-19 01:04:41"}
{"level":"info","message":"Created client session 56a6d71e689863aa87eb5152","timestamp":"2026-07-19 01:04:41"}
{"level":"info","message":"Created client session 07196ccd876d9cc3097b2673","timestamp":"2026-07-19 01:04:41"}
{"level":"info","message":"Created client session 9855ce60e986406ad1593b4c","timestamp":"2026-07-19 01:04:41"}
{"level":"info","message":"Created client session 1b8224eb88bd5a9c6b46d18d","timestamp":"2026-07-19 01:04:42"}
{"level":"info","message":"Created client session 5170acb283e9c00d98f8a87a","timestamp":"2026-07-19 01:04:42"}
{"level":"info","message":"Created client session 84e0f69cfd1ab22a394531c2","timestamp":"2026-07-19 01:04:42"}
{"level":"info","message":"Created client session 7e8901a09514f8d10b1aec68","timestamp":"2026-07-19 01:04:42"}
{"level":"info","message":"Created client session 372e4728449d870a650cd4ba","timestamp":"2026-07-19 01:04:42"}
{"level":"info","message":"Created client session 31fc41687cb67956d5671bd1","timestamp":"2026-07-19 01:04:42"}
{"level":"info","message":"Created client session 1373e156a5324f42e2adbf81","timestamp":"2026-07-19 01:04:42"}
{"level":"info","message":"Created client session 6d9a071b1956f43ba33163d7","timestamp":"2026-07-19 01:04:42"}
{"level":"info","message":"Created client session 8f5336283f4b6254fb0c4049","timestamp":"2026-07-19 01:04:42"}
{"level":"info","message":"Created client session 51e647330b7b907516b65b9f","timestamp":"2026-07-19 01:04:42"}
{"level":"info","message":"Created client session a5a908c132b8faf16695b67c","timestamp":"2026-07-19 01:04:42"}
{"level":"info","message":"Created client session c1bb9782c725a124ef4685ce","timestamp":"2026-07-19 01:04:42"}
{"level":"info","message":"Created client session e1101db099f808c83aeca2eb","timestamp":"2026-07-19 01:04:42"}
{"level":"info","message":"Created client session fe53a910fcd1941f96248b0f","timestamp":"2026-07-19 01:04:43"}
{"level":"info","message":"Created client session 921e86b1c731091ce7359a22","timestamp":"2026-07-19 01:04:43"}
{"level":"info","message":"Created client session 723b5b138d5b0a830f7abfa8","timestamp":"2026-07-19 01:04:43"}
{"level":"info","message":"Created client session 26720a2c3854a9deb4cdba86","timestamp":"2026-07-19 01:04:43"}
{"level":"info","message":"Created client session f07343010cf6e953edcab38f","timestamp":"2026-07-19 01:04:43"}
{"level":"info","message":"Created client session 249e04c0187feec22a751c93","timestamp":"2026-07-19 01:04:43"}
{"level":"info","message":"Created client session 3c89a8b5c0c1d22f7eb6e895","timestamp":"2026-07-19 01:04:43"}
{"level":"info","message":"Created client session ad33b7a206e8058f05354094","timestamp":"2026-07-19 01:04:43"}
{"level":"info","message":"Created client session beea3b3c89661645bca2de95","timestamp":"2026-07-19 01:04:43"}
{"level":"info","message":"Created client session bf2a4f2201c713aab2627ab1","timestamp":"2026-07-19 01:04:43"}
{"level":"info","message":"Created client session 5079774bf419e7cdc35c04ef","timestamp":"2026-07-19 01:04:43"}
{"level":"info","message":"Created client session f475f53f878903c5326f0595","timestamp":"2026-07-19 01:04:44"}
{"level":"info","message":"Created client session 7d112de6386d61f7bf579cb7","timestamp":"2026-07-19 01:04:44"}
{"level":"info","message":"Created client session 70efa6518686103f610a95ad","timestamp":"2026-07-19 01:04:44"}
{"level":"info","message":"Created client session 482451abff59f05f9b1a4ffc","timestamp":"2026-07-19 01:04:44"}
{"level":"info","message":"Created client session 08dea8c2eb4dc27404ce5d87","timestamp":"2026-07-19 01:04:44"}
{"level":"info","message":"Created client session 1eb0cc4703c00e47cc4bd8ce","timestamp":"2026-07-19 01:04:44"}
{"level":"info","message":"Created client session cbfc195fee339bca97095001","timestamp":"2026-07-19 01:32:46"}
{"level":"info","message":"Created client session 22f7e8332baf39610d028019","timestamp":"2026-07-19 01:32:46"}
{"level":"info","message":"Created client session f07a75aab124ceeee21bfd9d","timestamp":"2026-07-19 01:32:47"}
{"level":"info","message":"Created client session 0b075a57974ed5ab7db80741","timestamp":"2026-07-19 01:32:47"}
{"level":"info","message":"Created client session 505969a7cc277d2d94e0f0be","timestamp":"2026-07-19 01:32:47"}
{"level":"info","message":"Created client session b1853bfc83629c7b96ad495f","timestamp":"2026-07-19 01:32:47"}
{"level":"info","message":"Created client session d72ee9bdc618edc5783a16a0","timestamp":"2026-07-19 01:32:47"}
{"level":"info","message":"Created client session 3e1c1d3084dd181a18b2f1f8","timestamp":"2026-07-19 01:32:47"}
{"level":"info","message":"Created client session d9d73ce358efc89599b69eb5","timestamp":"2026-07-19 01:32:48"}
{"level":"info","message":"Created client session c2c39d2e104b7a626f97b4aa","timestamp":"2026-07-19 01:32:48"}
{"level":"info","message":"Created client session 856fc98060ba722eabdbcb4a","timestamp":"2026-07-19 01:32:48"}
{"level":"info","message":"Created client session c7054f4887a25f7f2b3f45f8","timestamp":"2026-07-19 01:32:48"}
{"level":"info","message":"Created client session 1c526f2784870058c97570aa","timestamp":"2026-07-19 01:32:48"}
{"level":"info","message":"Created client session 8814dec4b07663ef2ec03b25","timestamp":"2026-07-19 01:32:49"}
{"level":"info","message":"Created client session db995c847922439e1ffcb111","timestamp":"2026-07-19 01:32:49"}
{"level":"info","message":"Created client session 027747041bf2195de9e66f5f","timestamp":"2026-07-19 01:32:49"}
{"level":"info","message":"Created client session 2268aec0599f8e725fc2eeb4","timestamp":"2026-07-19 01:32:49"}
{"level":"info","message":"Created client session 98132a3f482bd03b3061d965","timestamp":"2026-07-19 01:32:49"}
{"level":"info","message":"Created client session b658197a53b54f07a9dc602a","timestamp":"2026-07-19 01:32:50"}
{"level":"info","message":"Created client session ff2f844e79608b6a5cf1b4a6","timestamp":"2026-07-19 01:32:50"}
{"level":"info","message":"Created client session ab3309b9fae1a56e328ed1f0","timestamp":"2026-07-19 01:32:50"}
{"level":"info","message":"Created client session 11d7d46278d723c534543787","timestamp":"2026-07-19 01:32:50"}
{"level":"info","message":"Created client session 07ae8865c3a227dd45940d75","timestamp":"2026-07-19 01:32:50"}
{"level":"info","message":"Created client session a3c3de52026d0a6f955ee649","timestamp":"2026-07-19 01:32:50"}
{"level":"info","message":"Created client session f18fe16963a49d782263a102","timestamp":"2026-07-19 01:32:51"}
{"level":"info","message":"Created client session 6566d33874db3d064cca662f","timestamp":"2026-07-19 01:32:51"}
{"level":"info","message":"Created client session cc33e6f78875ac8fff9c2625","timestamp":"2026-07-19 01:32:51"}
{"level":"info","message":"Created client session 76a6435f21cf61dba13ef894","timestamp":"2026-07-19 01:32:51"}
{"level":"info","message":"Created client session f64b3c35651c0e6f304ba37d","timestamp":"2026-07-19 01:32:51"}
{"level":"info","message":"Created client session 8e64acb2b851cc3ebf95671d","timestamp":"2026-07-19 01:32:51"}
{"level":"info","message":"Created client session e9eb04f1da1cd1974f77b639","timestamp":"2026-07-19 01:32:52"}
{"level":"info","message":"Created client session 971380559c095bd54b314879","timestamp":"2026-07-19 01:32:52"}
{"level":"info","message":"Created client session 1927e823a9f2c16c258558a6","timestamp":"2026-07-19 01:32:52"}
{"level":"info","message":"Created client session f71ab1bccd3e5ede46892400","timestamp":"2026-07-19 01:32:52"}
{"level":"info","message":"Created client session 3434372aefd85ca5b857bf71","timestamp":"2026-07-19 01:32:52"}
{"level":"info","message":"Created client session 4f9a948761ee40e57fd90e92","timestamp":"2026-07-19 01:32:52"}
{"level":"info","message":"Created client session a8844ab3d7af6a21e4791841","timestamp":"2026-07-19 01:32:53"}
{"level":"info","message":"Created client session fe681a1d2d874655545a7671","timestamp":"2026-07-19 01:32:53"}
{"level":"info","message":"Created client session 5dfad3961b85c5fdd96d31dd","timestamp":"2026-07-19 01:32:53"}
{"level":"info","message":"Created client session 1ed2330867037ca1d5eb9f9e","timestamp":"2026-07-19 01:32:53"}
{"level":"info","message":"Created client session b17fa3f021f82eb8f80faa77","timestamp":"2026-07-19 01:32:53"}
{"level":"info","message":"Created client session fd65980ad15da8aa8ea57f91","timestamp":"2026-07-19 01:32:53"}
{"level":"info","message":"Created client session fef6719d0fa84fd9085b1ec7","timestamp":"2026-07-19 01:32:54"}
{"level":"info","message":"Created client session e205135108f41a943f593134","timestamp":"2026-07-19 01:32:54"}
{"level":"info","message":"Created client session ca4a7413893fe887d258ee31","timestamp":"2026-07-19 02:01:36"}
{"level":"info","message":"Created client session e377a9b111d7d008900ce56c","timestamp":"2026-07-19 02:01:37"}
{"level":"info","message":"Created client session 0893eb21f6e15d6bd70227ba","timestamp":"2026-07-19 02:01:37"}
{"level":"info","message":"Created client session 2659d42fbd6cff690c7ceb7f","timestamp":"2026-07-19 02:01:38"}
{"level":"info","message":"Created client session 2208d4ce8464b9f7ed7c7d1c","timestamp":"2026-07-19 02:01:38"}
{"level":"info","message":"Created client session 51324433051d981f20a0def0","timestamp":"2026-07-19 02:01:39"}
{"level":"info","message":"Created client session 768fe300142217f81fa01dcd","timestamp":"2026-07-19 02:01:39"}
{"level":"info","message":"Created client session 17e851d710ec365ef8d503f4","timestamp":"2026-07-19 02:01:39"}
{"level":"info","message":"Created client session ff0aa0b82b4d1bb3b1c89d52","timestamp":"2026-07-19 02:01:40"}
{"level":"info","message":"Created client session 8d00e95213ba6fed92102e7e","timestamp":"2026-07-19 02:01:40"}
{"level":"info","message":"Created client session 5d24afcb4e2605df270f21f9","timestamp":"2026-07-19 02:01:40"}
{"level":"info","message":"Created client session 45e723bb3030bde7426f9acb","timestamp":"2026-07-19 02:01:41"}
{"level":"info","message":"Created client session 7923ce240b9fd3401388e9fb","timestamp":"2026-07-19 02:01:41"}
{"level":"info","message":"Created client session 7a125e193d9721ac0e891f80","timestamp":"2026-07-19 02:01:41"}
{"level":"info","message":"Created client session d3829e270431ed45e40b7c33","timestamp":"2026-07-19 02:01:42"}
{"level":"info","message":"Created client session 0d1ca8b4ed1f9c88b9613998","timestamp":"2026-07-19 02:01:43"}
{"level":"info","message":"Created client session 6112dd9eeeed99d7ac1a4fd1","timestamp":"2026-07-19 02:01:43"}
{"level":"info","message":"Created client session 5ad0deaa659d4b853a92bcfa","timestamp":"2026-07-19 02:01:44"}
{"level":"info","message":"Created client session 4f73518192498871e7358407","timestamp":"2026-07-19 02:01:44"}
{"level":"info","message":"Created client session 88230974e7bc7e7c4bb6be87","timestamp":"2026-07-19 02:01:44"}
{"level":"info","message":"Created client session d93ad90f1d905a02fd57d290","timestamp":"2026-07-19 02:01:45"}
{"level":"info","message":"Created client session c47ebe3b42d16ab4aef00f25","timestamp":"2026-07-19 02:01:45"}
{"level":"info","message":"Created client session cc72ca8b5b5c96eb20b91cc3","timestamp":"2026-07-19 02:01:45"}
{"level":"info","message":"Created client session c2d6581dae0fad5787d0bb17","timestamp":"2026-07-19 02:26:45"}
{"level":"info","message":"Created client session 8d7ab1da7d2247553350bea7","timestamp":"2026-07-19 02:27:20"}
{"level":"info","message":"Created client session 55db6afdea553f22e674140f","timestamp":"2026-07-19 02:29:29"}
{"level":"info","message":"Created client session f7ad2ee83541d5c1f2e0eb2e","timestamp":"2026-07-19 02:41:23"}
{"level":"info","message":"Created client session dcc1632c281d848ab69adc24","timestamp":"2026-07-19 02:41:50"}
{"level":"info","message":"Created client session c441721d8aed920841d76ad2","timestamp":"2026-07-19 02:42:07"}
{"level":"info","message":"Created client session 438408a5ccb69095da9ba8fb","timestamp":"2026-07-19 02:42:34"}
{"level":"info","message":"Created client session ddbd037eb88c2f257a0d52b3","timestamp":"2026-07-19 02:49:27"}
{"level":"info","message":"Created client session 204abc1c17d6917516b2cb6e","timestamp":"2026-07-19 02:51:37"}
{"level":"info","message":"Created client session a62742e377f17b2f51c672ef","timestamp":"2026-07-19 02:56:52"}
{"level":"info","message":"Created client session 1d1edb5b6d06c8bfe55b6a23","timestamp":"2026-07-19 02:56:52"}
{"level":"info","message":"Created client session b0ac3b17f8042174568b7303","timestamp":"2026-07-19 02:56:52"}
{"level":"info","message":"Created client session 2b67b002719d23852208a74b","timestamp":"2026-07-19 02:56:52"}
{"level":"info","message":"Created client session 75d1ae7b2710c27e5065dbc1","timestamp":"2026-07-19 02:56:52"}
{"level":"info","message":"Created client session 8ca827ad506218a54958a02d","timestamp":"2026-07-19 02:56:52"}
{"level":"info","message":"Created client session 4b39a5fe6e65249aca83aa14","timestamp":"2026-07-19 02:56:52"}
{"level":"info","message":"Created client session ae12434cc17b54e512836c2a","timestamp":"2026-07-19 02:56:52"}
{"level":"info","message":"Created client session 5e9540f3dc303716acb9f5ee","timestamp":"2026-07-19 02:56:52"}
{"level":"info","message":"Created client session 7b721283064d65503dac62d8","timestamp":"2026-07-19 02:56:53"}
{"level":"info","message":"Created client session 5a98740de2f74921aeb75f1e","timestamp":"2026-07-19 02:56:53"}
{"level":"info","message":"Created client session f0b0ee0105b801bb9d874a21","timestamp":"2026-07-19 02:56:53"}
{"level":"info","message":"Created client session 02e043a313b758bb51159594","timestamp":"2026-07-19 02:56:53"}
{"level":"info","message":"Created client session d6582e7a56fe231ed1d79c94","timestamp":"2026-07-19 02:56:53"}
{"level":"info","message":"Created client session cad099aaa77f6e4b16d3c920","timestamp":"2026-07-19 02:56:53"}
{"level":"info","message":"Created client session 086e9bc5b3d2a5fb98de5ef5","timestamp":"2026-07-19 02:56:53"}
{"level":"info","message":"Created client session 7ddc70b3e98696818dd12607","timestamp":"2026-07-19 02:56:53"}
{"level":"info","message":"Created client session f96b635fb6b1cc820cf50c64","timestamp":"2026-07-19 02:56:53"}
{"level":"info","message":"Created client session b5924977d316e64860a03e23","timestamp":"2026-07-19 02:56:53"}
{"level":"info","message":"Created client session 5fd8744c1aad838c383a7956","timestamp":"2026-07-19 02:56:53"}
{"level":"info","message":"Created client session e515b58c21d02fe807217e7b","timestamp":"2026-07-19 03:03:44"}
{"level":"info","message":"Created client session b82073cd98dacb0085aaa976","timestamp":"2026-07-19 03:15:09"}
{"level":"info","message":"Created client session 387999bccb0dc030ddd837c6","timestamp":"2026-07-19 03:16:06"}
{"level":"info","message":"Created client session c7113f95884a3579ca1c7836","timestamp":"2026-07-19 03:16:06"}
{"level":"info","message":"Created client session 7e1247820caee3b387dadc81","timestamp":"2026-07-19 03:16:47"}
{"level":"info","message":"Created client session 612758954d4a5a26163ab6d1","timestamp":"2026-07-19 03:55:13"}
{"level":"info","message":"Created client session 6ee07a84067ed3b357db5459","timestamp":"2026-07-19 03:57:58"}
{"level":"info","message":"Created client session bf021616b88c4d8f8a83dd36","timestamp":"2026-07-19 04:28:01"}
{"level":"info","message":"Created client session 5379073d882335a288ec1f08","timestamp":"2026-07-19 05:04:48"}
{"level":"info","message":"Created client session 046a937cd1f1057dfdda81a4","timestamp":"2026-07-19 05:11:19"}
{"level":"info","message":"Created client session 48a0b7366360adb429243c50","timestamp":"2026-07-19 05:11:27"}
{"level":"info","message":"Created client session aa8faafd062dbe4a2a990eeb","timestamp":"2026-07-19 05:23:26"}
{"level":"info","message":"Created client session 46ce516c4e369e30a956af3f","timestamp":"2026-07-19 06:02:02"}
{"level":"info","message":"Created client session 09c2e4a79b5feb7e0a371b6f","timestamp":"2026-07-19 06:12:59"}
{"level":"info","message":"Created client session c0898267e61c47322bb01b5c","timestamp":"2026-07-19 06:42:26"}
{"level":"info","message":"Created client session b63880bdd5a3164c86fe8297","timestamp":"2026-07-19 07:02:32"}
{"level":"info","message":"Created client session 3329ff0fba28afa778189739","timestamp":"2026-07-19 07:53:54"}
{"level":"info","message":"Created client session acc4084587f73e3f7e0a0055","timestamp":"2026-07-19 08:23:08"}
{"level":"info","message":"Created client session 3f19d897d3a4dd76430cae0e","timestamp":"2026-07-19 08:41:20"}
{"level":"info","message":"Created client session 4d21d1678ebdfc5a8f91c250","timestamp":"2026-07-19 08:55:29"}
{"level":"info","message":"Created client session a0861a91f4b89edfa2fb6037","timestamp":"2026-07-19 09:41:32"}
{"level":"info","message":"Created client session 0fb51c0c60b9e87b77e252fa","timestamp":"2026-07-19 09:53:13"}
{"level":"info","message":"Created client session 1c14feef7215779a5d536271","timestamp":"2026-07-19 09:54:06"}
{"level":"info","message":"Created client session 8f684b7a3a80b0ef16a19ddd","timestamp":"2026-07-19 10:52:38"}
{"level":"info","message":"Created client session d9fee20d4f1b29a37133a015","timestamp":"2026-07-19 11:09:45"}
{"level":"info","message":"Created client session dfb53b58d29c3dd05133161a","timestamp":"2026-07-19 11:56:59"}
{"level":"info","message":"Created client session 46a2e54661b2021c8e11884f","timestamp":"2026-07-19 11:57:03"}
{"level":"info","message":"Created client session dee2ab947e6f88ddae47c1ff","timestamp":"2026-07-19 12:33:39"}
{"level":"info","message":"Created client session 861ec37b5169e3d003a02313","timestamp":"2026-07-19 12:39:25"}
{"level":"info","message":"Created client session 0952a0e1bd2b18f708eddb82","timestamp":"2026-07-19 12:39:30"}
{"level":"info","message":"Created client session 4bb44bae387f850e97087c7f","timestamp":"2026-07-19 12:54:38"}
{"level":"info","message":"Created client session 400de028ea1447f616f580f4","timestamp":"2026-07-19 13:02:10"}
{"level":"info","message":"Created client session cec151cc51633d26bc043f5a","timestamp":"2026-07-19 13:49:25"}
{"level":"info","message":"Created client session e05ade710268c89e3c3fa1e7","timestamp":"2026-07-19 14:09:52"}
{"level":"info","message":"Created client session 1f4ed694a9bfbf3cb1fd2645","timestamp":"2026-07-19 14:31:36"}
{"level":"info","message":"Created client session 36dfb810fe3aff6851d3bf5b","timestamp":"2026-07-19 14:31:45"}
{"level":"info","message":"Created client session a05e8745ff83aacdf0009ba2","timestamp":"2026-07-19 14:33:45"}
{"ip":"::ffff:127.0.0.1","level":"info","message":"User authentication successful for user Gamemaster","session":"8c9c3cd513a9fc2e9c7f3aa8","timestamp":"2026-07-19 14:53:38"}
{"level":"info","message":"Dungeons & Dragons Fifth Edition update 5.3.3 is now available!","timestamp":"2026-07-19 14:53:40"}
{"level":"info","message":"Core software stable update 14.365 is available!","timestamp":"2026-07-19 14:53:40"}
{"level":"info","message":"Vended World data to User [YzL2W1htQr2gHsBA] in 1343ms","timestamp":"2026-07-19 14:53:41"}
{"level":"info","message":"Created client session 18714427fff09d7436a6cda4","timestamp":"2026-07-19 15:13:09"}
{"level":"info","message":"Created Scene with id [xHMBGFHLd1GaoC8x]","timestamp":"2026-07-19 15:14:30"}
{"level":"info","message":"rural-swamp-village-battlemap-by-dm-andy-maps-interior-v0-3jcjgs549wac1.webp saved to Chapters/10. Die Ruinen von Beres/Maps","timestamp":"2026-07-19 15:15:38"}
{"level":"info","message":"rural-swamp-village-battlemap-by-dm-andy-maps-interior-v0-3jcjgs549wac1.webp saved to Chapters/10. Die Ruinen von Beres/Maps","timestamp":"2026-07-19 15:16:02"}
{"level":"info","message":"Persisted base64 image to \"/home/foundry/data/Data/worlds/cos/assets/scenes/thumb-0Vi6DH6Bs2IdhG1J_VA4eQ.webp\"","timestamp":"2026-07-19 15:16:06"}
{"level":"info","message":"Created client session bf65e5fb3cb5485ff420580c","timestamp":"2026-07-19 15:18:13"}
{"level":"info","message":"Swamp-Village_4k_NoGrid_40x40_102PPI [Natural, Interior, Fog].jpg saved to Chapters/10. Die Ruinen von Beres/Maps","timestamp":"2026-07-19 15:19:26"}
{"level":"info","message":"Created Wall with id [jXY1iHATDImJHzy7] in parent Scene [xHMBGFHLd1GaoC8x]","timestamp":"2026-07-19 15:20:10"}
{"level":"info","message":"Created Wall with id [lVjWKTBG3mNAcF5R] in parent Scene [xHMBGFHLd1GaoC8x]","timestamp":"2026-07-19 15:20:11"}
{"level":"info","message":"Created Wall with id [gPoqnynHN3r9Euz9] in parent Scene [xHMBGFHLd1GaoC8x]","timestamp":"2026-07-19 15:20:13"}
{"level":"info","message":"Created Wall with id [dAODQwCDDvsT8jQT] in parent Scene [xHMBGFHLd1GaoC8x]","timestamp":"2026-07-19 15:20:13"}
{"level":"info","message":"Created Wall with id [v20xdXpQvIGaZ18e] in parent Scene [xHMBGFHLd1GaoC8x]","timestamp":"2026-07-19 15:20:14"}
{"level":"info","message":"Created Wall with id [hodRJML1iYMwLpBC] in parent Scene [xHMBGFHLd1GaoC8x]","timestamp":"2026-07-19 15:20:15"}
{"level":"info","message":"Created Wall with id [C1YKKJnv9rh4IKS3] in parent Scene [xHMBGFHLd1GaoC8x]","timestamp":"2026-07-19 15:20:16"}
{"level":"info","message":"Created Wall with id [5IPmIIWkADt2sOq4] in parent Scene [xHMBGFHLd1GaoC8x]","timestamp":"2026-07-19 15:20:17"}
{"level":"info","message":"Created Wall with id [XWxE5kEYVSOj8K0Z] in parent Scene [xHMBGFHLd1GaoC8x]","timestamp":"2026-07-19 15:20:19"}
{"level":"info","message":"Created Wall with id [2PUnws1afVQkcUAu] in parent Scene [xHMBGFHLd1GaoC8x]","timestamp":"2026-07-19 15:20:23"}
{"level":"info","message":"Created Wall with id [U3kY7eJ8Trs4QH9h] in parent Scene [xHMBGFHLd1GaoC8x]","timestamp":"2026-07-19 15:20:24"}
{"level":"info","message":"Created Wall with id [YQMRqsY0k03r8z4w] in parent Scene [xHMBGFHLd1GaoC8x]","timestamp":"2026-07-19 15:20:28"}
{"level":"info","message":"Created Wall with id [PE14PSYpWJ9MCqB7] in parent Scene [xHMBGFHLd1GaoC8x]","timestamp":"2026-07-19 15:20:34"}
{"level":"info","message":"Created Wall with id [xr8dZoakro5botPA] in parent Scene [xHMBGFHLd1GaoC8x]","timestamp":"2026-07-19 15:20:42"}
{"level":"info","message":"Created Wall with id [n9BjamdGVglCoJjn] in parent Scene [xHMBGFHLd1GaoC8x]","timestamp":"2026-07-19 15:20:45"}
{"level":"info","message":"Created Wall with id [ThM7dUV34s4ff6e4] in parent Scene [xHMBGFHLd1GaoC8x]","timestamp":"2026-07-19 15:20:47"}
{"level":"info","message":"Created Wall with id [Zd2d2qTWjBuUL0XI] in parent Scene [xHMBGFHLd1GaoC8x]","timestamp":"2026-07-19 15:20:56"}
{"level":"info","message":"Created Wall with id [tIbQ5rsFECv9PPmi] in parent Scene [xHMBGFHLd1GaoC8x]","timestamp":"2026-07-19 15:20:58"}
{"level":"info","message":"Created Wall with id [qqgwRXOffvbnVVl2] in parent Scene [xHMBGFHLd1GaoC8x]","timestamp":"2026-07-19 15:21:02"}
{"level":"info","message":"Deleted Wall with id [qqgwRXOffvbnVVl2] in parent Scene [xHMBGFHLd1GaoC8x]","timestamp":"2026-07-19 15:21:04"}
{"level":"info","message":"Created Wall with id [MujHKWyK2pTXbgEt] in parent Scene [xHMBGFHLd1GaoC8x]","timestamp":"2026-07-19 15:21:06"}
{"level":"info","message":"Created Wall with id [k2VE1wD4TLNJYlZq] in parent Scene [xHMBGFHLd1GaoC8x]","timestamp":"2026-07-19 15:21:37"}
{"level":"info","message":"Created Wall with id [Zc3znHOAAJ1H6B16] in parent Scene [xHMBGFHLd1GaoC8x]","timestamp":"2026-07-19 15:21:45"}
{"level":"info","message":"Created Wall with id [I41Yk7cS3XdPr4wE] in parent Scene [xHMBGFHLd1GaoC8x]","timestamp":"2026-07-19 15:22:00"}
{"level":"info","message":"Created Wall with id [xr4BxDFLFEso6U7A] in parent Scene [xHMBGFHLd1GaoC8x]","timestamp":"2026-07-19 15:22:00"}
{"level":"info","message":"Created Wall with id [WFhUTEOGWppCaPhQ] in parent Scene [xHMBGFHLd1GaoC8x]","timestamp":"2026-07-19 15:22:01"}
{"level":"info","message":"Created Wall with id [rxENZhCRnEX5PrrL] in parent Scene [xHMBGFHLd1GaoC8x]","timestamp":"2026-07-19 15:22:01"}
{"level":"info","message":"Created Wall with id [W2YWbeUwF2Td6DY2] in parent Scene [xHMBGFHLd1GaoC8x]","timestamp":"2026-07-19 15:22:02"}
{"level":"info","message":"Created Wall with id [b7gDvie96FXQPWc2] in parent Scene [xHMBGFHLd1GaoC8x]","timestamp":"2026-07-19 15:22:02"}
{"level":"info","message":"Created Wall with id [PalGOItlu7pGn8at] in parent Scene [xHMBGFHLd1GaoC8x]","timestamp":"2026-07-19 15:22:03"}
{"level":"info","message":"Created Wall with id [l2tjUEmVOwCXKUXI] in parent Scene [xHMBGFHLd1GaoC8x]","timestamp":"2026-07-19 15:22:03"}
{"level":"info","message":"Created Wall with id [t2jywGaBqK4phdyy] in parent Scene [xHMBGFHLd1GaoC8x]","timestamp":"2026-07-19 15:22:04"}
{"level":"info","message":"Created Wall with id [GfyDxuUWOt3eXXe5] in parent Scene [xHMBGFHLd1GaoC8x]","timestamp":"2026-07-19 15:22:04"}
{"level":"info","message":"Created Wall with id [1zecp8VamC1m3J2D] in parent Scene [xHMBGFHLd1GaoC8x]","timestamp":"2026-07-19 15:22:05"}
{"level":"info","message":"Created Wall with id [8Ygk7BuZpXXCUtqV] in parent Scene [xHMBGFHLd1GaoC8x]","timestamp":"2026-07-19 15:22:05"}
{"level":"info","message":"Created Wall with id [pvEBsRipnBgAD4aZ] in parent Scene [xHMBGFHLd1GaoC8x]","timestamp":"2026-07-19 15:22:07"}
{"level":"info","message":"Created Wall with id [q5lRtInUbUuWcWHS] in parent Scene [xHMBGFHLd1GaoC8x]","timestamp":"2026-07-19 15:22:10"}
{"level":"info","message":"Created Wall with id [vcuBihWaBPIACEwl] in parent Scene [xHMBGFHLd1GaoC8x]","timestamp":"2026-07-19 15:22:22"}
{"level":"info","message":"Created Wall with id [kYmhyCgYdXIQbsEk] in parent Scene [xHMBGFHLd1GaoC8x]","timestamp":"2026-07-19 15:22:23"}
{"level":"info","message":"Created Wall with id [R6L6lZ4BGPAiAfrE] in parent Scene [xHMBGFHLd1GaoC8x]","timestamp":"2026-07-19 15:22:23"}
{"level":"info","message":"Created Wall with id [xsaQC70zaBTsqwOH] in parent Scene [xHMBGFHLd1GaoC8x]","timestamp":"2026-07-19 15:22:24"}
{"level":"info","message":"Created Wall with id [161PDsOkAiEAifnn] in parent Scene [xHMBGFHLd1GaoC8x]","timestamp":"2026-07-19 15:22:24"}
{"level":"info","message":"Created Wall with id [j4zOGbjtguFu6juU] in parent Scene [xHMBGFHLd1GaoC8x]","timestamp":"2026-07-19 15:22:24"}
{"level":"info","message":"Created Wall with id [3Vm3C7rhrrFVEhog] in parent Scene [xHMBGFHLd1GaoC8x]","timestamp":"2026-07-19 15:22:25"}
{"level":"info","message":"Created Wall with id [bun9CS9qecmfh9Dp] in parent Scene [xHMBGFHLd1GaoC8x]","timestamp":"2026-07-19 15:22:25"}
{"level":"info","message":"Created Wall with id [LYvdYRShLr2oPIcN] in parent Scene [xHMBGFHLd1GaoC8x]","timestamp":"2026-07-19 15:22:25"}
{"level":"info","message":"Created Wall with id [lV2D38GTszU85o41] in parent Scene [xHMBGFHLd1GaoC8x]","timestamp":"2026-07-19 15:22:26"}
{"level":"info","message":"Created Wall with id [nI7sGLk7zmKAICIQ] in parent Scene [xHMBGFHLd1GaoC8x]","timestamp":"2026-07-19 15:22:26"}
{"level":"info","message":"Created Wall with id [eQ7TstnipVmwdyBs] in parent Scene [xHMBGFHLd1GaoC8x]","timestamp":"2026-07-19 15:22:27"}
{"level":"info","message":"Created Wall with id [HbcQSg3PWlv9GVyp] in parent Scene [xHMBGFHLd1GaoC8x]","timestamp":"2026-07-19 15:22:27"}
{"level":"info","message":"Created Wall with id [9mcnSXdELN7ZCfkZ] in parent Scene [xHMBGFHLd1GaoC8x]","timestamp":"2026-07-19 15:22:30"}
{"level":"info","message":"Created Wall with id [43Ypn7t7FanD55Z5] in parent Scene [xHMBGFHLd1GaoC8x]","timestamp":"2026-07-19 15:22:30"}
{"level":"info","message":"Created Wall with id [GOZmgBSYxSv2oZgA] in parent Scene [xHMBGFHLd1GaoC8x]","timestamp":"2026-07-19 15:22:31"}
{"level":"info","message":"Created Wall with id [uq8zhfFPOfCYRu9k] in parent Scene [xHMBGFHLd1GaoC8x]","timestamp":"2026-07-19 15:22:31"}
{"level":"info","message":"Created Wall with id [FJdmQb8UFHxSopgf] in parent Scene [xHMBGFHLd1GaoC8x]","timestamp":"2026-07-19 15:22:32"}
{"level":"info","message":"Created Wall with id [fy4vFIfcZZNrPxOn] in parent Scene [xHMBGFHLd1GaoC8x]","timestamp":"2026-07-19 15:22:32"}
{"level":"info","message":"Created Wall with id [06GEx3MTppEV7sCy] in parent Scene [xHMBGFHLd1GaoC8x]","timestamp":"2026-07-19 15:22:33"}
{"level":"info","message":"Created Wall with id [pwXK3Pi5cG3k56yX] in parent Scene [xHMBGFHLd1GaoC8x]","timestamp":"2026-07-19 15:22:33"}
{"level":"info","message":"Created Wall with id [abU935G8pIku01G3] in parent Scene [xHMBGFHLd1GaoC8x]","timestamp":"2026-07-19 15:22:33"}
{"level":"info","message":"Created Wall with id [bAxoiwgkPj5QsRBz] in parent Scene [xHMBGFHLd1GaoC8x]","timestamp":"2026-07-19 15:22:34"}
{"level":"info","message":"Created Wall with id [C9oNrBmMukoTMDOx] in parent Scene [xHMBGFHLd1GaoC8x]","timestamp":"2026-07-19 15:22:34"}
{"level":"info","message":"Created Wall with id [PZd6s9VT6NEdZo0f] in parent Scene [xHMBGFHLd1GaoC8x]","timestamp":"2026-07-19 15:22:35"}
{"level":"info","message":"Created Wall with id [UkfhnusJeI4csXnZ] in parent Scene [xHMBGFHLd1GaoC8x]","timestamp":"2026-07-19 15:22:35"}
{"level":"info","message":"Created Wall with id [lOg7zNxx5m2Ays5k] in parent Scene [xHMBGFHLd1GaoC8x]","timestamp":"2026-07-19 15:22:37"}
{"level":"info","message":"Created Wall with id [PHP1KVRMikbbaHYB] in parent Scene [xHMBGFHLd1GaoC8x]","timestamp":"2026-07-19 15:22:43"}
{"level":"info","message":"Created Wall with id [xgPqNmHJqOHfjdFM] in parent Scene [xHMBGFHLd1GaoC8x]","timestamp":"2026-07-19 15:22:43"}
{"level":"info","message":"Created Wall with id [T5HKeJMAuDrhFebF] in parent Scene [xHMBGFHLd1GaoC8x]","timestamp":"2026-07-19 15:22:44"}
{"level":"info","message":"Created Wall with id [pMrdgDOb1BIrK8ih] in parent Scene [xHMBGFHLd1GaoC8x]","timestamp":"2026-07-19 15:22:45"}
{"level":"info","message":"Created Wall with id [c2b5zfauBE10sIlX] in parent Scene [xHMBGFHLd1GaoC8x]","timestamp":"2026-07-19 15:22:46"}
{"level":"info","message":"Created Wall with id [kCjGDf6WtZB607hw] in parent Scene [xHMBGFHLd1GaoC8x]","timestamp":"2026-07-19 15:22:46"}
{"level":"info","message":"Created Wall with id [3OkunK9YbKPgOTpR] in parent Scene [xHMBGFHLd1GaoC8x]","timestamp":"2026-07-19 15:22:46"}
{"level":"info","message":"Created Wall with id [bCiJmDCNQpEvMKti] in parent Scene [xHMBGFHLd1GaoC8x]","timestamp":"2026-07-19 15:22:47"}
{"level":"info","message":"Created Wall with id [vne7nGgGznUvCYsu] in parent Scene [xHMBGFHLd1GaoC8x]","timestamp":"2026-07-19 15:22:47"}
{"level":"info","message":"Created Wall with id [EcWeF7YYKj8FZmM2] in parent Scene [xHMBGFHLd1GaoC8x]","timestamp":"2026-07-19 15:22:48"}
{"level":"info","message":"Created Wall with id [Jh0VSee73X4a8gQ9] in parent Scene [xHMBGFHLd1GaoC8x]","timestamp":"2026-07-19 15:22:48"}
{"level":"info","message":"Created Wall with id [Oj0KAnZqf0xsGasB] in parent Scene [xHMBGFHLd1GaoC8x]","timestamp":"2026-07-19 15:22:48"}
{"level":"info","message":"Created Wall with id [Znk5JuTmHEAw9Vys] in parent Scene [xHMBGFHLd1GaoC8x]","timestamp":"2026-07-19 15:22:50"}
{"level":"info","message":"Created Wall with id [0N2NygAhE3dFRjdY] in parent Scene [xHMBGFHLd1GaoC8x]","timestamp":"2026-07-19 15:23:00"}
{"level":"info","message":"Created Wall with id [qaA3cBIB57PdQR81] in parent Scene [xHMBGFHLd1GaoC8x]","timestamp":"2026-07-19 15:23:00"}
{"level":"info","message":"Created Wall with id [yHl6FnpcxEWygG4Z] in parent Scene [xHMBGFHLd1GaoC8x]","timestamp":"2026-07-19 15:23:01"}
{"level":"info","message":"Created Wall with id [k2GsyjIw6btIujOR] in parent Scene [xHMBGFHLd1GaoC8x]","timestamp":"2026-07-19 15:23:01"}
{"level":"info","message":"Created Wall with id [dnwZs8DhtRUZXQhw] in parent Scene [xHMBGFHLd1GaoC8x]","timestamp":"2026-07-19 15:23:02"}
{"level":"info","message":"Created Wall with id [Y4DhzFuqESmfRof1] in parent Scene [xHMBGFHLd1GaoC8x]","timestamp":"2026-07-19 15:23:02"}
{"level":"info","message":"Created Wall with id [LlU3Af9Ltc0OThth] in parent Scene [xHMBGFHLd1GaoC8x]","timestamp":"2026-07-19 15:23:02"}
{"level":"info","message":"Created Wall with id [hDzY8KYoFP9Xo0h6] in parent Scene [xHMBGFHLd1GaoC8x]","timestamp":"2026-07-19 15:23:03"}
{"level":"info","message":"Created Wall with id [keM6ZtHF42ETD1T9] in parent Scene [xHMBGFHLd1GaoC8x]","timestamp":"2026-07-19 15:23:03"}
{"level":"info","message":"Created Wall with id [jlHoaBM33w5Y8e2e] in parent Scene [xHMBGFHLd1GaoC8x]","timestamp":"2026-07-19 15:23:03"}
{"level":"info","message":"Created Wall with id [VlTkfaC7AtElLKLe] in parent Scene [xHMBGFHLd1GaoC8x]","timestamp":"2026-07-19 15:23:04"}
{"level":"info","message":"Created Wall with id [afum4LTuFEUtXvc7] in parent Scene [xHMBGFHLd1GaoC8x]","timestamp":"2026-07-19 15:23:08"}
{"level":"info","message":"Created Wall with id [Avk7JAP5MMTpkgyS] in parent Scene [xHMBGFHLd1GaoC8x]","timestamp":"2026-07-19 15:23:18"}
{"level":"info","message":"Created Wall with id [Ae3vYWMOR2Z6Pmbe] in parent Scene [xHMBGFHLd1GaoC8x]","timestamp":"2026-07-19 15:23:18"}
{"level":"info","message":"Created Wall with id [xaWPmOZ0RlJpNArq] in parent Scene [xHMBGFHLd1GaoC8x]","timestamp":"2026-07-19 15:23:19"}
{"level":"info","message":"Created Wall with id [ZJY7X5k0RyhV797q] in parent Scene [xHMBGFHLd1GaoC8x]","timestamp":"2026-07-19 15:23:19"}
{"level":"info","message":"Created Wall with id [c5VBnW0mFVWYlxow] in parent Scene [xHMBGFHLd1GaoC8x]","timestamp":"2026-07-19 15:23:20"}
{"level":"info","message":"Created Wall with id [63DzDeaOO2l1s8Cx] in parent Scene [xHMBGFHLd1GaoC8x]","timestamp":"2026-07-19 15:23:20"}
{"level":"info","message":"Created Wall with id [QCgGc9untZ0Tcs54] in parent Scene [xHMBGFHLd1GaoC8x]","timestamp":"2026-07-19 15:23:21"}
{"level":"info","message":"Created Wall with id [iHblWDr0M5bby5Ia] in parent Scene [xHMBGFHLd1GaoC8x]","timestamp":"2026-07-19 15:23:21"}
{"level":"info","message":"Created Wall with id [xFO43ufwt1dFawOK] in parent Scene [xHMBGFHLd1GaoC8x]","timestamp":"2026-07-19 15:23:21"}
{"level":"info","message":"Created Wall with id [9kdH59aCOU8Gcn06] in parent Scene [xHMBGFHLd1GaoC8x]","timestamp":"2026-07-19 15:23:22"}
{"level":"info","message":"Created Wall with id [r8NqIm4PxGLy4ldx] in parent Scene [xHMBGFHLd1GaoC8x]","timestamp":"2026-07-19 15:23:22"}
{"level":"info","message":"Created Wall with id [JG6Hfmgbf9ljTD9T] in parent Scene [xHMBGFHLd1GaoC8x]","timestamp":"2026-07-19 15:23:23"}
{"level":"info","message":"Created Wall with id [PjPgdT3WMzumU6TS] in parent Scene [xHMBGFHLd1GaoC8x]","timestamp":"2026-07-19 15:23:24"}
{"level":"info","message":"Created Wall with id [sJsgh0HFJ3QmH1OY] in parent Scene [xHMBGFHLd1GaoC8x]","timestamp":"2026-07-19 15:23:29"}
{"level":"info","message":"Created Wall with id [xnaLagKuEgaLkVqu] in parent Scene [xHMBGFHLd1GaoC8x]","timestamp":"2026-07-19 15:23:29"}
{"level":"info","message":"Created Wall with id [drHErjZc1m6kV9O1] in parent Scene [xHMBGFHLd1GaoC8x]","timestamp":"2026-07-19 15:23:29"}
{"level":"info","message":"Created Wall with id [awoqYPvamrnMlhw4] in parent Scene [xHMBGFHLd1GaoC8x]","timestamp":"2026-07-19 15:23:30"}
{"level":"info","message":"Created Wall with id [lSmbsg4lt2bBjq4t] in parent Scene [xHMBGFHLd1GaoC8x]","timestamp":"2026-07-19 15:23:31"}
{"level":"info","message":"Created Wall with id [uxvb08SAbvEkdjAu] in parent Scene [xHMBGFHLd1GaoC8x]","timestamp":"2026-07-19 15:23:31"}
{"level":"info","message":"Created Wall with id [030dqIc8nzmqjA5g] in parent Scene [xHMBGFHLd1GaoC8x]","timestamp":"2026-07-19 15:23:32"}
{"level":"info","message":"Created Wall with id [InPa9lwyLszlvsWk] in parent Scene [xHMBGFHLd1GaoC8x]","timestamp":"2026-07-19 15:23:33"}
{"level":"info","message":"Created Wall with id [TLciDNHMTOa9KSJP] in parent Scene [xHMBGFHLd1GaoC8x]","timestamp":"2026-07-19 15:23:33"}
{"level":"info","message":"Created Wall with id [fUFCINlobKaI05as] in parent Scene [xHMBGFHLd1GaoC8x]","timestamp":"2026-07-19 15:23:34"}
{"level":"info","message":"Created Wall with id [ZGGyeoEZYd8jS0sh] in parent Scene [xHMBGFHLd1GaoC8x]","timestamp":"2026-07-19 15:23:34"}
{"level":"info","message":"Created Wall with id [BIeaxnJD0BlPHn6E] in parent Scene [xHMBGFHLd1GaoC8x]","timestamp":"2026-07-19 15:23:35"}
{"level":"info","message":"Created Wall with id [442yIpeO27ijxeQx] in parent Scene [xHMBGFHLd1GaoC8x]","timestamp":"2026-07-19 15:23:43"}
{"level":"info","message":"Created Wall with id [kDPtzUPAvxqMO2v0] in parent Scene [xHMBGFHLd1GaoC8x]","timestamp":"2026-07-19 15:23:43"}
{"level":"info","message":"Created Wall with id [UsN18ulolKtBSXR2] in parent Scene [xHMBGFHLd1GaoC8x]","timestamp":"2026-07-19 15:23:44"}
{"level":"info","message":"Created Wall with id [J0U2mTG0t9BN0suk] in parent Scene [xHMBGFHLd1GaoC8x]","timestamp":"2026-07-19 15:23:44"}
{"level":"info","message":"Created Wall with id [XYyghy3keEhUDT9g] in parent Scene [xHMBGFHLd1GaoC8x]","timestamp":"2026-07-19 15:23:45"}
{"level":"info","message":"Created Wall with id [BK1OIM9QD0cvMZvT] in parent Scene [xHMBGFHLd1GaoC8x]","timestamp":"2026-07-19 15:23:45"}
{"level":"info","message":"Created Wall with id [o6XCCvvQMJ22Zr5T] in parent Scene [xHMBGFHLd1GaoC8x]","timestamp":"2026-07-19 15:23:46"}
{"level":"info","message":"Created Wall with id [TRKx5FmqtqoPPMBx] in parent Scene [xHMBGFHLd1GaoC8x]","timestamp":"2026-07-19 15:23:46"}
{"level":"info","message":"Created Wall with id [VlGFi6rfETf3NL2p] in parent Scene [xHMBGFHLd1GaoC8x]","timestamp":"2026-07-19 15:23:47"}
{"level":"info","message":"Created Wall with id [d7h4T7L0jX4mNwpQ] in parent Scene [xHMBGFHLd1GaoC8x]","timestamp":"2026-07-19 15:23:47"}
{"level":"info","message":"Created Wall with id [V2Fnp2yi5bixjo8E] in parent Scene [xHMBGFHLd1GaoC8x]","timestamp":"2026-07-19 15:23:48"}
{"level":"info","message":"Created Wall with id [qtlPigei03bh7xCW] in parent Scene [xHMBGFHLd1GaoC8x]","timestamp":"2026-07-19 15:23:49"}
{"level":"info","message":"Created Wall with id [wucPIEuKg7awkho7] in parent Scene [xHMBGFHLd1GaoC8x]","timestamp":"2026-07-19 15:24:01"}
{"level":"info","message":"Created Wall with id [rzXPjpLWNBdZQNkR] in parent Scene [xHMBGFHLd1GaoC8x]","timestamp":"2026-07-19 15:24:02"}
{"level":"info","message":"Created Wall with id [GRRL2X84xkfTenIz] in parent Scene [xHMBGFHLd1GaoC8x]","timestamp":"2026-07-19 15:24:02"}
{"level":"info","message":"Created Wall with id [dJAPB8lpbp4fqRjS] in parent Scene [xHMBGFHLd1GaoC8x]","timestamp":"2026-07-19 15:24:02"}
{"level":"info","message":"Created Wall with id [2JaXQJidgn8jq82Z] in parent Scene [xHMBGFHLd1GaoC8x]","timestamp":"2026-07-19 15:24:03"}
{"level":"info","message":"Created Wall with id [tGVvsHeCSgg3IFOZ] in parent Scene [xHMBGFHLd1GaoC8x]","timestamp":"2026-07-19 15:24:03"}
{"level":"info","message":"Created Wall with id [y4l4tzxftFHMuOUo] in parent Scene [xHMBGFHLd1GaoC8x]","timestamp":"2026-07-19 15:24:04"}
{"level":"info","message":"Created Wall with id [TTchgYAOBm4dg3mW] in parent Scene [xHMBGFHLd1GaoC8x]","timestamp":"2026-07-19 15:24:04"}
{"level":"info","message":"Created Wall with id [QX7SlFWKv628X88N] in parent Scene [xHMBGFHLd1GaoC8x]","timestamp":"2026-07-19 15:24:05"}
{"level":"info","message":"Created Wall with id [vPx3YVGHyAxLZSKY] in parent Scene [xHMBGFHLd1GaoC8x]","timestamp":"2026-07-19 15:24:05"}
{"level":"info","message":"Created Wall with id [7gcfYfWCnJOVzed9] in parent Scene [xHMBGFHLd1GaoC8x]","timestamp":"2026-07-19 15:24:05"}
{"level":"info","message":"Created Wall with id [5FZ84WiOzlCIq4bo] in parent Scene [xHMBGFHLd1GaoC8x]","timestamp":"2026-07-19 15:24:06"}
{"level":"info","message":"Created Wall with id [Yv78iCFYhD8eXnhV] in parent Scene [xHMBGFHLd1GaoC8x]","timestamp":"2026-07-19 15:24:06"}
{"level":"info","message":"Created Wall with id [p9PQ0VZNBz05wp3G] in parent Scene [xHMBGFHLd1GaoC8x]","timestamp":"2026-07-19 15:24:07"}
{"level":"info","message":"Created Wall with id [0qCLUQ4SW4uJRtRr] in parent Scene [xHMBGFHLd1GaoC8x]","timestamp":"2026-07-19 15:24:08"}
{"level":"info","message":"Created Wall with id [36evk7fKqSy7q0wX] in parent Scene [xHMBGFHLd1GaoC8x]","timestamp":"2026-07-19 15:24:17"}
{"level":"info","message":"Created Wall with id [gkla5yjRTun1Yj0n] in parent Scene [xHMBGFHLd1GaoC8x]","timestamp":"2026-07-19 15:24:18"}
{"level":"info","message":"Created Wall with id [ifA3vRHlIvK8Cd9p] in parent Scene [xHMBGFHLd1GaoC8x]","timestamp":"2026-07-19 15:24:19"}
{"level":"info","message":"Created Wall with id [4nES5rgd9CxMszJL] in parent Scene [xHMBGFHLd1GaoC8x]","timestamp":"2026-07-19 15:24:19"}
{"level":"info","message":"Created Wall with id [0toLPqCNHuRZ0l0u] in parent Scene [xHMBGFHLd1GaoC8x]","timestamp":"2026-07-19 15:24:20"}
{"level":"info","message":"Created Wall with id [ELl4cLn7z8vmE0pT] in parent Scene [xHMBGFHLd1GaoC8x]","timestamp":"2026-07-19 15:24:27"}
{"level":"info","message":"Created Wall with id [Qjja5Vwh5FB7nLXd] in parent Scene [xHMBGFHLd1GaoC8x]","timestamp":"2026-07-19 15:24:28"}
{"level":"info","message":"Created Wall with id [aNSFtlxJsENS3wpl] in parent Scene [xHMBGFHLd1GaoC8x]","timestamp":"2026-07-19 15:24:28"}
{"level":"info","message":"Created Wall with id [IKCiSymV0SkyIlLv] in parent Scene [xHMBGFHLd1GaoC8x]","timestamp":"2026-07-19 15:24:29"}
{"level":"info","message":"Created Wall with id [gFrYfwHeACMpebQR] in parent Scene [xHMBGFHLd1GaoC8x]","timestamp":"2026-07-19 15:24:29"}
{"level":"info","message":"Created Wall with id [3b0dJOgW7na2ZXGy] in parent Scene [xHMBGFHLd1GaoC8x]","timestamp":"2026-07-19 15:24:30"}
{"level":"info","message":"Created Wall with id [Y4bwZCUpzm3ydOo2] in parent Scene [xHMBGFHLd1GaoC8x]","timestamp":"2026-07-19 15:24:30"}
{"level":"info","message":"Created Wall with id [edknk4ptX8Hnu8kn] in parent Scene [xHMBGFHLd1GaoC8x]","timestamp":"2026-07-19 15:24:31"}
{"level":"info","message":"Created Wall with id [REZ0dIGzlXDzs4CE] in parent Scene [xHMBGFHLd1GaoC8x]","timestamp":"2026-07-19 15:24:35"}
{"level":"info","message":"Created Wall with id [qks3UZuH11RgWYVO] in parent Scene [xHMBGFHLd1GaoC8x]","timestamp":"2026-07-19 15:24:36"}
{"level":"info","message":"Created Wall with id [db0UMywMqG7zMIF4] in parent Scene [xHMBGFHLd1GaoC8x]","timestamp":"2026-07-19 15:24:36"}
{"level":"info","message":"Created Wall with id [2h2Wv8xlBmOogGn7] in parent Scene [xHMBGFHLd1GaoC8x]","timestamp":"2026-07-19 15:24:36"}
{"level":"info","message":"Created Wall with id [50F6D9NXceLOWQ5n] in parent Scene [xHMBGFHLd1GaoC8x]","timestamp":"2026-07-19 15:24:37"}
{"level":"info","message":"Created Wall with id [j1nzSXBv4bWZ5gvU] in parent Scene [xHMBGFHLd1GaoC8x]","timestamp":"2026-07-19 15:24:37"}
{"level":"info","message":"Created Wall with id [evTvO9QWYPE8C5RE] in parent Scene [xHMBGFHLd1GaoC8x]","timestamp":"2026-07-19 15:24:38"}
{"level":"info","message":"Created Wall with id [ffpukWKiLpqPO8xP] in parent Scene [xHMBGFHLd1GaoC8x]","timestamp":"2026-07-19 15:24:38"}
{"level":"info","message":"Created Wall with id [wlynOtUjVcHTXztK] in parent Scene [xHMBGFHLd1GaoC8x]","timestamp":"2026-07-19 15:24:38"}
{"level":"info","message":"Created Wall with id [TkhhzwPZMexn2Kc9] in parent Scene [xHMBGFHLd1GaoC8x]","timestamp":"2026-07-19 15:24:39"}
{"level":"info","message":"Created Wall with id [LScmA2THwUBGXTx2] in parent Scene [xHMBGFHLd1GaoC8x]","timestamp":"2026-07-19 15:24:39"}
{"level":"info","message":"Created Wall with id [V6xybqCAnVzKqM30] in parent Scene [xHMBGFHLd1GaoC8x]","timestamp":"2026-07-19 15:24:40"}
{"level":"info","message":"Created Wall with id [4GnGj8WzOWWYa5rG] in parent Scene [xHMBGFHLd1GaoC8x]","timestamp":"2026-07-19 15:24:41"}
{"level":"info","message":"Created Wall with id [2cCORp1sUet6J1Rv] in parent Scene [xHMBGFHLd1GaoC8x]","timestamp":"2026-07-19 15:24:51"}
{"level":"info","message":"Created Wall with id [BUKsOLscM2ZfVUBP] in parent Scene [xHMBGFHLd1GaoC8x]","timestamp":"2026-07-19 15:24:53"}
{"level":"info","message":"Created Wall with id [EcZRH1KlS3GjtdfY] in parent Scene [xHMBGFHLd1GaoC8x]","timestamp":"2026-07-19 15:24:54"}
{"level":"info","message":"Created Wall with id [MRBqmyRnIGf7X7GS] in parent Scene [xHMBGFHLd1GaoC8x]","timestamp":"2026-07-19 15:24:56"}
{"level":"info","message":"Created Wall with id [PLVN5eDraHnKhhMK] in parent Scene [xHMBGFHLd1GaoC8x]","timestamp":"2026-07-19 15:25:17"}
{"level":"info","message":"Created Wall with id [keaHGt9mrejAgF4F] in parent Scene [xHMBGFHLd1GaoC8x]","timestamp":"2026-07-19 15:25:23"}
{"level":"info","message":"Created Wall with id [4CPhAZOAwWgUVdmc] in parent Scene [xHMBGFHLd1GaoC8x]","timestamp":"2026-07-19 15:25:23"}
{"level":"info","message":"Created Wall with id [LOO3Ed32j6o74E64] in parent Scene [xHMBGFHLd1GaoC8x]","timestamp":"2026-07-19 15:25:25"}
{"level":"info","message":"Created Wall with id [VQgzGuT6pn05jvUb] in parent Scene [xHMBGFHLd1GaoC8x]","timestamp":"2026-07-19 15:25:26"}
{"level":"debug","message":"Starting edit session for user 'YzL2W1htQr2gHsBA' and instance 'JournalEntry.pvj1i6lt1v1F6z6Q.JournalEntryPage.maNriiJo0MlDyrPh#text.content'.","timestamp":"2026-07-19 15:27:26"}
{"level":"debug","message":"Retiring user 'YzL2W1htQr2gHsBA' from editing session for instance 'JournalEntry.pvj1i6lt1v1F6z6Q.JournalEntryPage.maNriiJo0MlDyrPh#text.content'.","timestamp":"2026-07-19 15:27:49"}
{"level":"debug","message":"Instance 'JournalEntry.pvj1i6lt1v1F6z6Q.JournalEntryPage.maNriiJo0MlDyrPh#text.content' has no more active editors, cleaning up.","timestamp":"2026-07-19 15:27:49"}
{"level":"info","message":"Created JournalEntry with id [Zbm3e6sObkLTBFid]","timestamp":"2026-07-19 15:37:32"}
{"level":"info","message":"Deleted JournalEntry with id [Zbm3e6sObkLTBFid]","timestamp":"2026-07-19 15:37:42"}
{"level":"info","message":"Created JournalEntryPage with id [O6NQJf65mU5ediPY] in parent JournalEntry [pvj1i6lt1v1F6z6Q]","timestamp":"2026-07-19 15:38:15"}
{"level":"debug","message":"Starting edit session for user 'YzL2W1htQr2gHsBA' and instance 'JournalEntry.pvj1i6lt1v1F6z6Q.JournalEntryPage.O6NQJf65mU5ediPY#text.content'.","timestamp":"2026-07-19 15:38:15"}
{"level":"debug","message":"Broadcasting autosave update for instance 'JournalEntry.pvj1i6lt1v1F6z6Q.JournalEntryPage.O6NQJf65mU5ediPY#text.content'.","timestamp":"2026-07-19 15:39:15"}
{"level":"debug","message":"Retiring user 'YzL2W1htQr2gHsBA' from editing session for instance 'JournalEntry.pvj1i6lt1v1F6z6Q.JournalEntryPage.O6NQJf65mU5ediPY#text.content'.","timestamp":"2026-07-19 15:40:00"}
{"level":"debug","message":"Instance 'JournalEntry.pvj1i6lt1v1F6z6Q.JournalEntryPage.O6NQJf65mU5ediPY#text.content' has no more active editors, cleaning up.","timestamp":"2026-07-19 15:40:00"}
{"level":"info","message":"Created Actor with id [doxKBd6WlHS8FGgF]","timestamp":"2026-07-19 15:40:13"}
{"level":"info","message":"Dungeons & Dragons Fifth Edition update 5.3.3 is now available!","timestamp":"2026-07-19 15:41:34"}
{"level":"info","message":"Vended World data to User [YzL2W1htQr2gHsBA] in 597ms","timestamp":"2026-07-19 15:41:35"}
{"level":"info","message":"bullyKing.png saved to Chapters/10. Die Ruinen von Beres/Images","timestamp":"2026-07-19 15:42:58"}
{"level":"info","message":"Created Item with id [wSO21hPKdDsJtZIF] in parent Actor [doxKBd6WlHS8FGgF]","timestamp":"2026-07-19 15:45:47"}
{"level":"info","message":"Created Item with id [XLqmJDZk0wbNQsca] in parent Actor [doxKBd6WlHS8FGgF]","timestamp":"2026-07-19 15:45:53"}
{"level":"info","message":"Created Item with id [QYl0ypmavCa2c5qO] in parent Actor [doxKBd6WlHS8FGgF]","timestamp":"2026-07-19 15:46:12"}
{"level":"info","message":"Created Item with id [WrmjrF2FNUTk6JLc] in parent Actor [doxKBd6WlHS8FGgF]","timestamp":"2026-07-19 15:46:19"}
{"level":"info","message":"Created Token with id [vueL7aoQHKfpmJTI] in parent Scene [xHMBGFHLd1GaoC8x]","timestamp":"2026-07-19 15:47:27"}
{"level":"info","message":"Deleted Token with id [vueL7aoQHKfpmJTI] in parent Scene [xHMBGFHLd1GaoC8x]","timestamp":"2026-07-19 15:47:46"}
{"level":"info","message":"Created Actor with id [rGCtRTRRx0A39VMH]","timestamp":"2026-07-19 15:47:53"}
{"level":"info","message":"Created Item with id [okaHbPYa3lSQzNwk] in parent Actor [rGCtRTRRx0A39VMH]","timestamp":"2026-07-19 15:51:53"}
{"level":"info","message":"Created Item with id [ht86AUCcYH26d0kN] in parent Actor [rGCtRTRRx0A39VMH]","timestamp":"2026-07-19 15:51:59"}
{"level":"info","message":"Created Item with id [FkMTKgOoGUQWVG93] in parent Actor [rGCtRTRRx0A39VMH]","timestamp":"2026-07-19 15:52:27"}
{"level":"info","message":"bullyCommon.png saved to Chapters/10. Die Ruinen von Beres/Images","timestamp":"2026-07-19 15:53:34"}
{"level":"debug","message":"Starting edit session for user 'YzL2W1htQr2gHsBA' and instance 'JournalEntry.pvj1i6lt1v1F6z6Q.JournalEntryPage.O6NQJf65mU5ediPY#text.content'.","timestamp":"2026-07-19 15:54:38"}
{"level":"debug","message":"Broadcasting autosave update for instance 'JournalEntry.pvj1i6lt1v1F6z6Q.JournalEntryPage.O6NQJf65mU5ediPY#text.content'.","timestamp":"2026-07-19 15:55:38"}
{"level":"debug","message":"Broadcasting autosave update for instance 'JournalEntry.pvj1i6lt1v1F6z6Q.JournalEntryPage.O6NQJf65mU5ediPY#text.content'.","timestamp":"2026-07-19 15:56:38"}
{"level":"debug","message":"Retiring user 'YzL2W1htQr2gHsBA' from editing session for instance 'JournalEntry.pvj1i6lt1v1F6z6Q.JournalEntryPage.O6NQJf65mU5ediPY#text.content'.","timestamp":"2026-07-19 15:57:55"}
{"level":"debug","message":"Instance 'JournalEntry.pvj1i6lt1v1F6z6Q.JournalEntryPage.O6NQJf65mU5ediPY#text.content' has no more active editors, cleaning up.","timestamp":"2026-07-19 15:57:55"}
{"level":"info","message":"Dungeons & Dragons Fifth Edition update 5.3.3 is now available!","timestamp":"2026-07-19 15:57:57"}
{"level":"info","message":"Vended World data to User [YzL2W1htQr2gHsBA] in 592ms","timestamp":"2026-07-19 15:57:57"}
{"level":"info","message":"Reset 1 FogExploration documents for Scene qbILv35hj17A2e2a","timestamp":"2026-07-19 16:00:28"}
{"level":"info","message":"Created Tile with id [NIq5N760YMynixNs] in parent Scene [qbILv35hj17A2e2a]","timestamp":"2026-07-19 16:02:13"}
{"level":"info","message":"Created Tile with id [OmMaNPI5LnNatOEI] in parent Scene [qbILv35hj17A2e2a]","timestamp":"2026-07-19 16:02:58"}
{"level":"info","message":"Toggling game pause status to true","timestamp":"2026-07-19 16:05:44"}
{"level":"info","message":"Toggling game pause status to false","timestamp":"2026-07-19 16:05:44"}
{"level":"info","message":"Toggling game pause status to true","timestamp":"2026-07-19 16:05:46"}
{"level":"info","message":"Toggling game pause status to false","timestamp":"2026-07-19 16:05:47"}
{"level":"info","message":"Created Drawing with id [ziaiE3Rcz3hv4ATK] in parent Scene [xHMBGFHLd1GaoC8x]","timestamp":"2026-07-19 16:09:19"}
{"level":"info","message":"Created Drawing with id [BtLcKBD57dhE7oAK] in parent Scene [xHMBGFHLd1GaoC8x]","timestamp":"2026-07-19 16:10:21"}
{"level":"info","message":"Created Drawing with id [eXGeqICn4ZXLex8x] in parent Scene [xHMBGFHLd1GaoC8x]","timestamp":"2026-07-19 16:10:30"}
{"level":"info","message":"Created Drawing with id [dom3afolwKA4zsG2] in parent Scene [xHMBGFHLd1GaoC8x]","timestamp":"2026-07-19 16:10:31"}
{"level":"info","message":"Created Drawing with id [KxVgT7vEezH2UhzU] in parent Scene [xHMBGFHLd1GaoC8x]","timestamp":"2026-07-19 16:10:34"}
{"level":"info","message":"Deleted Drawing with id [KxVgT7vEezH2UhzU] in parent Scene [xHMBGFHLd1GaoC8x]","timestamp":"2026-07-19 16:10:37"}
{"level":"info","message":"Deleted Drawing with id [dom3afolwKA4zsG2] in parent Scene [xHMBGFHLd1GaoC8x]","timestamp":"2026-07-19 16:10:39"}
{"level":"info","message":"Created Drawing with id [xmYLZec9gyJOr0jP] in parent Scene [xHMBGFHLd1GaoC8x]","timestamp":"2026-07-19 16:10:44"}
{"level":"info","message":"Created Drawing with id [4EJOV8jM6ZW61iHk] in parent Scene [xHMBGFHLd1GaoC8x]","timestamp":"2026-07-19 16:10:45"}
{"level":"info","message":"Created Drawing with id [sSQFMAcnzuPn77fu] in parent Scene [xHMBGFHLd1GaoC8x]","timestamp":"2026-07-19 16:10:47"}
{"level":"info","message":"Created Drawing with id [Aw9HEiPTG4PqYvtl] in parent Scene [xHMBGFHLd1GaoC8x]","timestamp":"2026-07-19 16:10:55"}
{"level":"info","message":"Created Drawing with id [qMJMc0EzegAF0o4n] in parent Scene [xHMBGFHLd1GaoC8x]","timestamp":"2026-07-19 16:11:01"}
{"level":"info","message":"Created Drawing with id [mMkkw2wGvTaAgeIo] in parent Scene [xHMBGFHLd1GaoC8x]","timestamp":"2026-07-19 16:11:01"}
{"level":"info","message":"Created Drawing with id [N7EO9OYhJXOsBsOt] in parent Scene [xHMBGFHLd1GaoC8x]","timestamp":"2026-07-19 16:11:08"}
{"level":"info","message":"Created Drawing with id [icy3XtxF43wyPQmu] in parent Scene [xHMBGFHLd1GaoC8x]","timestamp":"2026-07-19 16:11:16"}
{"level":"info","message":"Deleted Drawing with id [N7EO9OYhJXOsBsOt] in parent Scene [xHMBGFHLd1GaoC8x]","timestamp":"2026-07-19 16:11:30"}
{"level":"info","message":"Created Drawing with id [WeFDLtt1Nt22de6P] in parent Scene [xHMBGFHLd1GaoC8x]","timestamp":"2026-07-19 16:11:32"}
{"level":"info","message":"Created Drawing with id [jjuCy4kf7LjMTlMJ] in parent Scene [xHMBGFHLd1GaoC8x]","timestamp":"2026-07-19 16:12:21"}
{"level":"info","message":"Deleted Drawing with id [icy3XtxF43wyPQmu] in parent Scene [xHMBGFHLd1GaoC8x]","timestamp":"2026-07-19 16:12:30"}
{"level":"info","message":"Created Drawing with id [ye8YJOxfU23FZ7Rp] in parent Scene [xHMBGFHLd1GaoC8x]","timestamp":"2026-07-19 16:12:31"}
{"level":"info","message":"Created Drawing with id [Mzsr5FmD48uL6HkM] in parent Scene [xHMBGFHLd1GaoC8x]","timestamp":"2026-07-19 16:12:39"}
{"level":"info","message":"Created Drawing with id [kQwEeD9rsW6HBSt1] in parent Scene [xHMBGFHLd1GaoC8x]","timestamp":"2026-07-19 16:12:42"}
{"level":"info","message":"Created Drawing with id [cYc523YDUwRNBIyO] in parent Scene [xHMBGFHLd1GaoC8x]","timestamp":"2026-07-19 16:13:00"}
{"level":"info","message":"Created Drawing with id [PMOt3pKCh6PcnHCo] in parent Scene [xHMBGFHLd1GaoC8x]","timestamp":"2026-07-19 16:13:07"}
{"level":"info","message":"Created Drawing with id [uhzi8S38QjtF7wbV] in parent Scene [xHMBGFHLd1GaoC8x]","timestamp":"2026-07-19 16:13:17"}
{"level":"info","message":"Created client session 4155b13e7372df02cddc6d32","timestamp":"2026-07-19 16:13:59"}
{"level":"info","message":"Created client session 0f290f32975e766e4a4bd809","timestamp":"2026-07-19 16:14:00"}
{"level":"info","message":"Created client session 6c49500a7b9ec07b60111f1f","timestamp":"2026-07-19 16:14:45"}
{"level":"info","message":"Created 2 Token documents with ids: [SHhp3PYLpbweeli6,N4t0G2ircFzLJeUl] in parent Scene [xHMBGFHLd1GaoC8x]","timestamp":"2026-07-19 16:15:01"}
{"level":"info","message":"Created Token with id [ILG76fKpQl5RssqH] in parent Scene [xHMBGFHLd1GaoC8x]","timestamp":"2026-07-19 16:15:15"}
{"level":"info","message":"Created Token with id [lKsIuFGi7M5gR0bk] in parent Scene [xHMBGFHLd1GaoC8x]","timestamp":"2026-07-19 16:15:18"}
{"level":"info","message":"Created Token with id [4mX30zv1pmV00Sxt] in parent Scene [xHMBGFHLd1GaoC8x]","timestamp":"2026-07-19 16:15:21"}
{"level":"info","message":"Created Token with id [v1YWuyd6L69030HJ] in parent Scene [xHMBGFHLd1GaoC8x]","timestamp":"2026-07-19 16:15:21"}
{"level":"info","message":"Created Token with id [rcYFgiHvZKgGsfmc] in parent Scene [xHMBGFHLd1GaoC8x]","timestamp":"2026-07-19 16:15:24"}
{"level":"info","message":"Created Token with id [PjYQQl4onHs2KNvA] in parent Scene [xHMBGFHLd1GaoC8x]","timestamp":"2026-07-19 16:15:33"}
{"level":"info","message":"Created Token with id [JHBZcPizZgygFzOj] in parent Scene [xHMBGFHLd1GaoC8x]","timestamp":"2026-07-19 16:15:37"}
{"level":"info","message":"Created Token with id [YVV6yIm3uJTWYyBO] in parent Scene [xHMBGFHLd1GaoC8x]","timestamp":"2026-07-19 16:15:38"}
{"level":"info","message":"Created Token with id [G5uXpYp2b8PJraQO] in parent Scene [xHMBGFHLd1GaoC8x]","timestamp":"2026-07-19 16:15:40"}
{"level":"info","message":"Created Token with id [bjkUNwKKZdKtkx2d] in parent Scene [xHMBGFHLd1GaoC8x]","timestamp":"2026-07-19 16:15:40"}
{"level":"info","message":"Created Token with id [05bQPAG31gXiMrpB] in parent Scene [xHMBGFHLd1GaoC8x]","timestamp":"2026-07-19 16:15:44"}
{"level":"info","message":"Created Token with id [xGfmNKgZUwo8htMP] in parent Scene [xHMBGFHLd1GaoC8x]","timestamp":"2026-07-19 16:15:46"}
{"level":"info","message":"Created Token with id [9VmPv8pPDReD37wd] in parent Scene [xHMBGFHLd1GaoC8x]","timestamp":"2026-07-19 16:15:47"}
{"level":"info","message":"Created Token with id [cqLPlGZkCrVphqCA] in parent Scene [xHMBGFHLd1GaoC8x]","timestamp":"2026-07-19 16:15:49"}
{"level":"info","message":"Created Token with id [ODcKXcaYfln0Lg5K] in parent Scene [xHMBGFHLd1GaoC8x]","timestamp":"2026-07-19 16:15:51"}
{"level":"info","message":"Created Token with id [yF9cA9pOLlpU2NLC] in parent Scene [xHMBGFHLd1GaoC8x]","timestamp":"2026-07-19 16:15:55"}
{"level":"info","message":"Created Token with id [jYBeZ4HH3G1DAMND] in parent Scene [xHMBGFHLd1GaoC8x]","timestamp":"2026-07-19 16:15:57"}
{"level":"info","message":"Created Token with id [3bSDkzAHg8EvJCly] in parent Scene [xHMBGFHLd1GaoC8x]","timestamp":"2026-07-19 16:15:59"}
{"level":"info","message":"Created Token with id [j5NoZys6KYu1yOAl] in parent Scene [xHMBGFHLd1GaoC8x]","timestamp":"2026-07-19 16:18:21"}
{"level":"info","message":"Created Actor with id [3UZEqDDSZzJz6NAj]","timestamp":"2026-07-19 16:19:08"}
{"level":"info","message":"bullyWitch.png saved to Chapters/10. Die Ruinen von Beres/Images","timestamp":"2026-07-19 16:20:01"}
{"level":"info","message":"Created Item with id [ThN8IizrcDiXW00j] in parent Actor [3UZEqDDSZzJz6NAj]","timestamp":"2026-07-19 16:22:24"}
{"level":"info","message":"Created Item with id [0bOsiUGNnHP8jJ5o] in parent Actor [3UZEqDDSZzJz6NAj]","timestamp":"2026-07-19 16:26:57"}
{"level":"info","message":"Created Item with id [bBP4mXf3d57UPtFa] in parent Actor [3UZEqDDSZzJz6NAj]","timestamp":"2026-07-19 16:27:04"}
{"level":"info","message":"Created Item with id [UNlhxsOZs49pfP8R] in parent Actor [3UZEqDDSZzJz6NAj]","timestamp":"2026-07-19 16:28:04"}
{"level":"info","message":"Created Item with id [w4mDiJDfXyXHYqxV] in parent Actor [3UZEqDDSZzJz6NAj]","timestamp":"2026-07-19 16:28:30"}
{"level":"info","message":"Created Item with id [xOIyCM4c8Jv6r1ve] in parent Actor [3UZEqDDSZzJz6NAj]","timestamp":"2026-07-19 16:28:45"}
{"level":"info","message":"Created Item with id [RbpxkGxvH3ZEc8Ca] in parent Actor [3UZEqDDSZzJz6NAj]","timestamp":"2026-07-19 16:28:47"}
{"level":"info","message":"Created Item with id [FEfthubnNQdQEMqr] in parent Actor [3UZEqDDSZzJz6NAj]","timestamp":"2026-07-19 16:29:08"}
{"level":"info","message":"Created Item with id [cVSkIuzhJE3l8sie] in parent Actor [3UZEqDDSZzJz6NAj]","timestamp":"2026-07-19 16:29:12"}
{"level":"debug","message":"Starting edit session for user 'YzL2W1htQr2gHsBA' and instance 'JournalEntry.pvj1i6lt1v1F6z6Q.JournalEntryPage.O6NQJf65mU5ediPY#text.content'.","timestamp":"2026-07-19 16:29:42"}
{"level":"info","message":"Created Token with id [XhfjAl8E4qynbHQ3] in parent Scene [xHMBGFHLd1GaoC8x]","timestamp":"2026-07-19 16:30:28"}
{"level":"info","message":"Created Actor with id [kseg9Gop0tRJZgDK]","timestamp":"2026-07-19 16:31:18"}
{"level":"info","message":"Created Token with id [t2GMlxpVoz16b2Qg] in parent Scene [xHMBGFHLd1GaoC8x]","timestamp":"2026-07-19 16:32:55"}
{"level":"info","message":"Created Token with id [IMn0pnxMnltvXB2l] in parent Scene [xHMBGFHLd1GaoC8x]","timestamp":"2026-07-19 16:33:20"}
{"level":"info","message":"BullyRogue.png saved to Chapters/10. Die Ruinen von Beres/Images","timestamp":"2026-07-19 16:33:53"}
{"level":"debug","message":"Retiring user 'YzL2W1htQr2gHsBA' from editing session for instance 'JournalEntry.pvj1i6lt1v1F6z6Q.JournalEntryPage.O6NQJf65mU5ediPY#text.content'.","timestamp":"2026-07-19 16:34:31"}
{"level":"debug","message":"Instance 'JournalEntry.pvj1i6lt1v1F6z6Q.JournalEntryPage.O6NQJf65mU5ediPY#text.content' has no more active editors, cleaning up.","timestamp":"2026-07-19 16:34:31"}
{"level":"info","message":"Deleted Token with id [SHhp3PYLpbweeli6] in parent Scene [xHMBGFHLd1GaoC8x]","timestamp":"2026-07-19 16:34:41"}
{"level":"info","message":"Deleted Token with id [N4t0G2ircFzLJeUl] in parent Scene [xHMBGFHLd1GaoC8x]","timestamp":"2026-07-19 16:34:45"}
{"level":"info","message":"Deleted Token with id [JHBZcPizZgygFzOj] in parent Scene [xHMBGFHLd1GaoC8x]","timestamp":"2026-07-19 16:35:00"}
{"level":"info","message":"Created client session a11631675fd2ddc885a790bd","timestamp":"2026-07-19 16:35:07"}
{"level":"info","message":"Created client session 466b979daa152008bfa82c26","timestamp":"2026-07-19 16:35:07"}
{"level":"info","message":"Deleted Token with id [yF9cA9pOLlpU2NLC] in parent Scene [xHMBGFHLd1GaoC8x]","timestamp":"2026-07-19 16:35:11"}
{"level":"info","message":"Deleted Token with id [G5uXpYp2b8PJraQO] in parent Scene [xHMBGFHLd1GaoC8x]","timestamp":"2026-07-19 16:35:15"}
{"level":"debug","message":"Starting edit session for user 'YzL2W1htQr2gHsBA' and instance 'JournalEntry.pvj1i6lt1v1F6z6Q.JournalEntryPage.O6NQJf65mU5ediPY#text.content'.","timestamp":"2026-07-19 16:35:29"}
{"level":"debug","message":"Retiring user 'YzL2W1htQr2gHsBA' from editing session for instance 'JournalEntry.pvj1i6lt1v1F6z6Q.JournalEntryPage.O6NQJf65mU5ediPY#text.content'.","timestamp":"2026-07-19 16:37:06"}
{"level":"debug","message":"Instance 'JournalEntry.pvj1i6lt1v1F6z6Q.JournalEntryPage.O6NQJf65mU5ediPY#text.content' has no more active editors, cleaning up.","timestamp":"2026-07-19 16:37:06"}
{"level":"debug","message":"Starting edit session for user 'YzL2W1htQr2gHsBA' and instance 'JournalEntry.pvj1i6lt1v1F6z6Q.JournalEntryPage.O6NQJf65mU5ediPY#text.content'.","timestamp":"2026-07-19 16:37:06"}
{"level":"debug","message":"Retiring user 'YzL2W1htQr2gHsBA' from editing session for instance 'JournalEntry.pvj1i6lt1v1F6z6Q.JournalEntryPage.O6NQJf65mU5ediPY#text.content'.","timestamp":"2026-07-19 16:37:09"}
{"level":"debug","message":"Instance 'JournalEntry.pvj1i6lt1v1F6z6Q.JournalEntryPage.O6NQJf65mU5ediPY#text.content' has no more active editors, cleaning up.","timestamp":"2026-07-19 16:37:09"}
{"level":"info","message":"Created Token with id [gxejukD8BXlI8Z0i] in parent Scene [xHMBGFHLd1GaoC8x]","timestamp":"2026-07-19 16:37:38"}
{"level":"debug","message":"Starting edit session for user 'YzL2W1htQr2gHsBA' and instance 'JournalEntry.pvj1i6lt1v1F6z6Q.JournalEntryPage.O6NQJf65mU5ediPY#text.content'.","timestamp":"2026-07-19 16:39:45"}
{"level":"debug","message":"Retiring user 'YzL2W1htQr2gHsBA' from editing session for instance 'JournalEntry.pvj1i6lt1v1F6z6Q.JournalEntryPage.O6NQJf65mU5ediPY#text.content'.","timestamp":"2026-07-19 16:39:54"}
{"level":"debug","message":"Instance 'JournalEntry.pvj1i6lt1v1F6z6Q.JournalEntryPage.O6NQJf65mU5ediPY#text.content' has no more active editors, cleaning up.","timestamp":"2026-07-19 16:39:54"}
{"level":"info","message":"Created client session 4d8c7f89ca509f66e043194d","timestamp":"2026-07-19 16:40:17"}
{"level":"info","message":"Created Token with id [XkO9YoGK24qpFZ3N] in parent Scene [xHMBGFHLd1GaoC8x]","timestamp":"2026-07-19 16:45:29"}
{"level":"info","message":"Created Token with id [XRXcGwWbzwlaCnKR] in parent Scene [xHMBGFHLd1GaoC8x]","timestamp":"2026-07-19 16:45:48"}
{"level":"info","message":"Created Token with id [Vk3pmbZRRWmMH07r] in parent Scene [xHMBGFHLd1GaoC8x]","timestamp":"2026-07-19 16:45:49"}
{"level":"info","message":"Created Token with id [R0frgCEcDCZdiZhO] in parent Scene [xHMBGFHLd1GaoC8x]","timestamp":"2026-07-19 16:45:51"}
{"level":"info","message":"Created Token with id [lHSlLIVLggUzoCgY] in parent Scene [xHMBGFHLd1GaoC8x]","timestamp":"2026-07-19 16:45:52"}
{"level":"info","message":"Created Token with id [gYJN7E8qK80llm56] in parent Scene [xHMBGFHLd1GaoC8x]","timestamp":"2026-07-19 16:45:53"}
{"level":"info","message":"Created Token with id [maze7JC9TkO3DQkn] in parent Scene [xHMBGFHLd1GaoC8x]","timestamp":"2026-07-19 16:45:53"}
{"level":"info","message":"Created Token with id [1y2cMlCEhrQ7sXMb] in parent Scene [xHMBGFHLd1GaoC8x]","timestamp":"2026-07-19 16:45:58"}
{"level":"info","message":"Created Token with id [JykXtJhkwZ0CKSqV] in parent Scene [xHMBGFHLd1GaoC8x]","timestamp":"2026-07-19 16:46:02"}
{"level":"info","message":"Created Token with id [Am2HgWNT7WepXoWc] in parent Scene [xHMBGFHLd1GaoC8x]","timestamp":"2026-07-19 16:46:07"}
{"level":"info","message":"Deleted Token with id [xGfmNKgZUwo8htMP] in parent Scene [xHMBGFHLd1GaoC8x]","timestamp":"2026-07-19 16:46:11"}
{"level":"info","message":"Created Token with id [MeXmps5hjAcKaLR3] in parent Scene [xHMBGFHLd1GaoC8x]","timestamp":"2026-07-19 16:46:11"}
{"level":"info","message":"Created Token with id [FmnAE5bv6oGopHvn] in parent Scene [xHMBGFHLd1GaoC8x]","timestamp":"2026-07-19 16:46:20"}
{"level":"info","message":"Created Token with id [1mhCTHsZaA7PNrsC] in parent Scene [xHMBGFHLd1GaoC8x]","timestamp":"2026-07-19 16:46:27"}
{"level":"info","message":"Created Token with id [c675D8isgmugxJDr] in parent Scene [xHMBGFHLd1GaoC8x]","timestamp":"2026-07-19 16:46:41"}
{"level":"info","message":"Created Token with id [LgpQEFeo0JIQjgIw] in parent Scene [xHMBGFHLd1GaoC8x]","timestamp":"2026-07-19 16:46:42"}
{"level":"info","message":"Created Token with id [4k8kQ2Q9HkXeyjpn] in parent Scene [xHMBGFHLd1GaoC8x]","timestamp":"2026-07-19 16:50:21"}
{"level":"info","message":"Created Token with id [F6zCF0V6tWqlPbEU] in parent Scene [xHMBGFHLd1GaoC8x]","timestamp":"2026-07-19 16:50:35"}
{"level":"info","message":"Created Token with id [GGxndGhkjy69FPcM] in parent Scene [xHMBGFHLd1GaoC8x]","timestamp":"2026-07-19 16:50:48"}
{"level":"info","message":"Created Token with id [ZQpYmUprMsALBfSW] in parent Scene [xHMBGFHLd1GaoC8x]","timestamp":"2026-07-19 16:50:49"}
{"level":"info","message":"Created Token with id [j1SRLXHSBNxYVIEC] in parent Scene [xHMBGFHLd1GaoC8x]","timestamp":"2026-07-19 16:50:55"}
{"level":"info","message":"Created client session 9f6890bea5b92415abc013a4","timestamp":"2026-07-19 16:51:43"}
{"level":"info","message":"Deleted Token with id [4mX30zv1pmV00Sxt] in parent Scene [xHMBGFHLd1GaoC8x]","timestamp":"2026-07-19 16:51:49"}
{"level":"info","message":"Created client session 6688cab6580797804596d697","timestamp":"2026-07-19 16:52:18"}
{"level":"debug","message":"Starting edit session for user 'YzL2W1htQr2gHsBA' and instance 'JournalEntry.pvj1i6lt1v1F6z6Q.JournalEntryPage.O6NQJf65mU5ediPY#text.content'.","timestamp":"2026-07-19 16:54:44"}
{"level":"debug","message":"Retiring user 'YzL2W1htQr2gHsBA' from editing session for instance 'JournalEntry.pvj1i6lt1v1F6z6Q.JournalEntryPage.O6NQJf65mU5ediPY#text.content'.","timestamp":"2026-07-19 16:54:51"}
{"level":"debug","message":"Instance 'JournalEntry.pvj1i6lt1v1F6z6Q.JournalEntryPage.O6NQJf65mU5ediPY#text.content' has no more active editors, cleaning up.","timestamp":"2026-07-19 16:54:51"}
{"level":"debug","message":"Starting edit session for user 'YzL2W1htQr2gHsBA' and instance 'JournalEntry.pvj1i6lt1v1F6z6Q.JournalEntryPage.O6NQJf65mU5ediPY#text.content'.","timestamp":"2026-07-19 16:58:27"}
{"level":"debug","message":"Retiring user 'YzL2W1htQr2gHsBA' from editing session for instance 'JournalEntry.pvj1i6lt1v1F6z6Q.JournalEntryPage.O6NQJf65mU5ediPY#text.content'.","timestamp":"2026-07-19 16:58:53"}
{"level":"debug","message":"Instance 'JournalEntry.pvj1i6lt1v1F6z6Q.JournalEntryPage.O6NQJf65mU5ediPY#text.content' has no more active editors, cleaning up.","timestamp":"2026-07-19 16:58:53"}
{"level":"info","message":"Shutting down Foundry Virtual Tabletop server","timestamp":"2026-07-19 17:01:47"}
{"level":"info","message":"Running on Node.js - Version 24.18.0","timestamp":"2026-07-19 17:02:06"}
{"level":"info","message":"Foundry Virtual Tabletop - Version 14 Build 359","timestamp":"2026-07-19 17:02:06"}
{"level":"info","message":"User Data Directory - \"/home/foundry/data\"","timestamp":"2026-07-19 17:02:06"}
{"level":"info","message":"Application Options:\n{\n  \"compressStatic\": true,\n  \"fullscreen\": false,\n  \"hostname\": null,\n  \"language\": \"en.core\",\n  \"localHostname\": null,\n  \"port\": 30000,\n  \"proxyPort\": null,\n  \"proxySSL\": false,\n  \"routePrefix\": null,\n  \"updateChannel\": \"stable\",\n  \"upnp\": true,\n  \"awsConfig\": null,\n  \"compressSocket\": true,\n  \"cssTheme\": \"dark\",\n  \"tempDir\": null,\n  \"deleteNEDB\": false,\n  \"hotReload\": false,\n  \"passwordSalt\": null,\n  \"adminPassword\": \"••••••••••••••••\",\n  \"unixSocket\": null,\n  \"sslCert\": null,\n  \"sslKey\": null,\n  \"world\": null,\n  \"serviceConfig\": null,\n  \"telemetry\": false,\n  \"noBackups\": false\n}","timestamp":"2026-07-19 17:02:06"}
{"level":"info","message":"Software license verification succeeded","timestamp":"2026-07-19 17:02:06"}
{"level":"info","message":"Requesting UPnP port forwarding to destination port 30000","timestamp":"2026-07-19 17:02:06"}
{"level":"info","message":"Server started and listening on port 30000","timestamp":"2026-07-19 17:02:09"}
{"level":"info","message":"Created client session 8dd0c3a53ab9a55c4bd884a0","timestamp":"2026-07-19 17:02:46"}
{"level":"info","message":"Administrator authentication successful for session 8dd0c3a53ab9a55c4bd884a0","timestamp":"2026-07-19 17:03:55"}
{"level":"info","message":"Core software stable update 14.365 is available!","timestamp":"2026-07-19 17:03:56"}
{"level":"info","message":"Connected to database \"effects\"","timestamp":"2026-07-19 17:04:02"}
{"level":"info","message":"Launching World | Loading World Data - 7%","timestamp":"2026-07-19 17:04:02"}
{"level":"info","message":"Connected to database \"actors\"","timestamp":"2026-07-19 17:04:02"}
{"level":"info","message":"Launching World | Loading World Data - 13%","timestamp":"2026-07-19 17:04:02"}
{"level":"info","message":"Connected to database \"cards\"","timestamp":"2026-07-19 17:04:02"}
{"level":"info","message":"Launching World | Loading World Data - 20%","timestamp":"2026-07-19 17:04:02"}
{"level":"info","message":"Connected to database \"messages\"","timestamp":"2026-07-19 17:04:02"}
{"level":"info","message":"Launching World | Loading World Data - 27%","timestamp":"2026-07-19 17:04:02"}
{"level":"info","message":"Connected to database \"combats\"","timestamp":"2026-07-19 17:04:02"}
{"level":"info","message":"Launching World | Loading World Data - 33%","timestamp":"2026-07-19 17:04:02"}
{"level":"info","message":"Connected to database \"fog\"","timestamp":"2026-07-19 17:04:02"}
{"level":"info","message":"Launching World | Loading World Data - 40%","timestamp":"2026-07-19 17:04:02"}
{"level":"info","message":"Connected to database \"folders\"","timestamp":"2026-07-19 17:04:02"}
{"level":"info","message":"Launching World | Loading World Data - 47%","timestamp":"2026-07-19 17:04:02"}
{"level":"info","message":"Connected to database \"items\"","timestamp":"2026-07-19 17:04:02"}
{"level":"info","message":"Launching World | Loading World Data - 53%","timestamp":"2026-07-19 17:04:02"}
{"level":"info","message":"Connected to database \"journal\"","timestamp":"2026-07-19 17:04:02"}
{"level":"info","message":"Launching World | Loading World Data - 60%","timestamp":"2026-07-19 17:04:02"}
{"level":"info","message":"Connected to database \"macros\"","timestamp":"2026-07-19 17:04:02"}
{"level":"info","message":"Launching World | Loading World Data - 67%","timestamp":"2026-07-19 17:04:02"}
{"level":"info","message":"Connected to database \"playlists\"","timestamp":"2026-07-19 17:04:02"}
{"level":"info","message":"Launching World | Loading World Data - 73%","timestamp":"2026-07-19 17:04:02"}
{"level":"info","message":"Connected to database \"tables\"","timestamp":"2026-07-19 17:04:02"}
{"level":"info","message":"Launching World | Loading World Data - 80%","timestamp":"2026-07-19 17:04:02"}
{"level":"info","message":"Connected to database \"scenes\"","timestamp":"2026-07-19 17:04:02"}
{"level":"info","message":"Launching World | Loading World Data - 87%","timestamp":"2026-07-19 17:04:02"}
{"level":"info","message":"Connected to database \"settings\"","timestamp":"2026-07-19 17:04:02"}
{"level":"info","message":"Launching World | Loading World Data - 93%","timestamp":"2026-07-19 17:04:02"}
{"level":"info","message":"Connected to database \"users\"","timestamp":"2026-07-19 17:04:02"}
{"level":"info","message":"Launching World | Loading World Data - 100%","timestamp":"2026-07-19 17:04:02"}
{"level":"info","message":"Launching World | Migrating World Data - 7%","timestamp":"2026-07-19 17:04:02"}
{"level":"info","message":"Launching World | Migrating World Data - 13%","timestamp":"2026-07-19 17:04:02"}
{"level":"info","message":"Launching World | Migrating World Data - 20%","timestamp":"2026-07-19 17:04:02"}
{"level":"info","message":"Launching World | Migrating World Data - 27%","timestamp":"2026-07-19 17:04:02"}
{"level":"info","message":"Launching World | Migrating World Data - 33%","timestamp":"2026-07-19 17:04:02"}
{"level":"info","message":"Launching World | Migrating World Data - 40%","timestamp":"2026-07-19 17:04:02"}
{"level":"info","message":"Launching World | Migrating World Data - 47%","timestamp":"2026-07-19 17:04:02"}
{"level":"info","message":"Launching World | Migrating World Data - 53%","timestamp":"2026-07-19 17:04:03"}
{"level":"info","message":"Launching World | Migrating World Data - 60%","timestamp":"2026-07-19 17:04:03"}
{"level":"info","message":"Launching World | Migrating World Data - 67%","timestamp":"2026-07-19 17:04:03"}
{"level":"info","message":"Launching World | Migrating World Data - 73%","timestamp":"2026-07-19 17:04:03"}
{"level":"info","message":"Launching World | Migrating World Data - 80%","timestamp":"2026-07-19 17:04:03"}
{"level":"info","message":"Launching World | Migrating World Data - 87%","timestamp":"2026-07-19 17:04:03"}
{"level":"info","message":"Launching World | Migrating World Data - 93%","timestamp":"2026-07-19 17:04:03"}
{"level":"info","message":"Launching World | Migrating World Data - 100%","timestamp":"2026-07-19 17:04:03"}
{"level":"info","message":"Connected to database \"world.ddb-cos-ddb-tables\"","timestamp":"2026-07-19 17:04:03"}
{"level":"info","message":"Launching World | Loading Package Data - 2%","timestamp":"2026-07-19 17:04:03"}
{"level":"info","message":"Connected to database \"world.ddb-cos-ddb-adventures\"","timestamp":"2026-07-19 17:04:03"}
{"level":"info","message":"Launching World | Loading Package Data - 5%","timestamp":"2026-07-19 17:04:03"}
{"level":"info","message":"Connected to database \"world.ddb-cos-ddb-backgrounds\"","timestamp":"2026-07-19 17:04:03"}
{"level":"info","message":"Launching World | Loading Package Data - 7%","timestamp":"2026-07-19 17:04:03"}
{"level":"info","message":"Connected to database \"world.ddb-cos-ddb-classes\"","timestamp":"2026-07-19 17:04:03"}
{"level":"info","message":"Launching World | Loading Package Data - 10%","timestamp":"2026-07-19 17:04:03"}
{"level":"info","message":"Connected to database \"world.ddb-cos-ddb-subclasses\"","timestamp":"2026-07-19 17:04:03"}
{"level":"info","message":"Launching World | Loading Package Data - 12%","timestamp":"2026-07-19 17:04:03"}
{"level":"info","message":"Connected to database \"world.ddb-cos-ddb-class-features\"","timestamp":"2026-07-19 17:04:03"}
{"level":"info","message":"Launching World | Loading Package Data - 15%","timestamp":"2026-07-19 17:04:03"}
{"level":"info","message":"Connected to database \"world.ddb-cos-ddb-feats\"","timestamp":"2026-07-19 17:04:03"}
{"level":"info","message":"Launching World | Loading Package Data - 17%","timestamp":"2026-07-19 17:04:03"}
{"level":"info","message":"Connected to database \"world.ddb-cos-ddb-items\"","timestamp":"2026-07-19 17:04:03"}
{"level":"info","message":"Launching World | Loading Package Data - 20%","timestamp":"2026-07-19 17:04:03"}
{"level":"info","message":"Connected to database \"world.ddb-cos-ddb-monsters\"","timestamp":"2026-07-19 17:04:03"}
{"level":"info","message":"Launching World | Loading Package Data - 22%","timestamp":"2026-07-19 17:04:03"}
{"level":"info","message":"Connected to database \"world.ddb-cos-ddb-vehicles\"","timestamp":"2026-07-19 17:04:03"}
{"level":"info","message":"Launching World | Loading Package Data - 24%","timestamp":"2026-07-19 17:04:03"}
{"level":"info","message":"Connected to database \"world.ddb-cos-ddb-races\"","timestamp":"2026-07-19 17:04:03"}
{"level":"info","message":"Launching World | Loading Package Data - 27%","timestamp":"2026-07-19 17:04:03"}
{"level":"info","message":"Connected to database \"world.ddb-cos-ddb-racial-traits\"","timestamp":"2026-07-19 17:04:03"}
{"level":"info","message":"Launching World | Loading Package Data - 29%","timestamp":"2026-07-19 17:04:03"}
{"level":"info","message":"Connected to database \"world.ddb-cos-ddb-spells\"","timestamp":"2026-07-19 17:04:03"}
{"level":"info","message":"Launching World | Loading Package Data - 32%","timestamp":"2026-07-19 17:04:03"}
{"level":"info","message":"Connected to database \"world.ddb-cos-ddb-override\"","timestamp":"2026-07-19 17:04:03"}
{"level":"info","message":"Launching World | Loading Package Data - 34%","timestamp":"2026-07-19 17:04:03"}
{"level":"info","message":"Connected to database \"world.ddb-cos-ddb-species\"","timestamp":"2026-07-19 17:04:03"}
{"level":"info","message":"Launching World | Loading Package Data - 37%","timestamp":"2026-07-19 17:04:03"}
{"level":"info","message":"Connected to database \"world.ddb-cos-ddb-journals\"","timestamp":"2026-07-19 17:04:03"}
{"level":"info","message":"Launching World | Loading Package Data - 39%","timestamp":"2026-07-19 17:04:03"}
{"level":"info","message":"Connected to database \"world.ddb-cos-ddb-summons\"","timestamp":"2026-07-19 17:04:03"}
{"level":"info","message":"Launching World | Loading Package Data - 41%","timestamp":"2026-07-19 17:04:03"}
{"level":"info","message":"Connected to database \"dnd5e.heroes\"","timestamp":"2026-07-19 17:04:03"}
{"level":"info","message":"Launching World | Loading Package Data - 44%","timestamp":"2026-07-19 17:04:03"}
{"level":"info","message":"Connected to database \"dnd5e.monsters\"","timestamp":"2026-07-19 17:04:03"}
{"level":"info","message":"Launching World | Loading Package Data - 46%","timestamp":"2026-07-19 17:04:03"}
{"level":"info","message":"Connected to database \"dnd5e.items\"","timestamp":"2026-07-19 17:04:03"}
{"level":"info","message":"Launching World | Loading Package Data - 49%","timestamp":"2026-07-19 17:04:03"}
{"level":"info","message":"Connected to database \"dnd5e.tradegoods\"","timestamp":"2026-07-19 17:04:03"}
{"level":"info","message":"Launching World | Loading Package Data - 51%","timestamp":"2026-07-19 17:04:03"}
{"level":"info","message":"Connected to database \"dnd5e.spells\"","timestamp":"2026-07-19 17:04:03"}
{"level":"info","message":"Launching World | Loading Package Data - 54%","timestamp":"2026-07-19 17:04:03"}
{"level":"info","message":"Connected to database \"dnd5e.backgrounds\"","timestamp":"2026-07-19 17:04:03"}
{"level":"info","message":"Launching World | Loading Package Data - 56%","timestamp":"2026-07-19 17:04:03"}
{"level":"info","message":"Connected to database \"dnd5e.classes\"","timestamp":"2026-07-19 17:04:03"}
{"level":"info","message":"Launching World | Loading Package Data - 59%","timestamp":"2026-07-19 17:04:03"}
{"level":"info","message":"Connected to database \"dnd5e.subclasses\"","timestamp":"2026-07-19 17:04:03"}
{"level":"info","message":"Launching World | Loading Package Data - 61%","timestamp":"2026-07-19 17:04:03"}
{"level":"info","message":"Connected to database \"dnd5e.classfeatures\"","timestamp":"2026-07-19 17:04:03"}
{"level":"info","message":"Launching World | Loading Package Data - 63%","timestamp":"2026-07-19 17:04:03"}
{"level":"info","message":"Connected to database \"dnd5e.races\"","timestamp":"2026-07-19 17:04:03"}
{"level":"info","message":"Launching World | Loading Package Data - 66%","timestamp":"2026-07-19 17:04:03"}
{"level":"info","message":"Connected to database \"dnd5e.monsterfeatures\"","timestamp":"2026-07-19 17:04:03"}
{"level":"info","message":"Launching World | Loading Package Data - 68%","timestamp":"2026-07-19 17:04:03"}
{"level":"info","message":"Connected to database \"dnd5e.rules\"","timestamp":"2026-07-19 17:04:03"}
{"level":"info","message":"Launching World | Loading Package Data - 71%","timestamp":"2026-07-19 17:04:03"}
{"level":"info","message":"Connected to database \"dnd5e.tables\"","timestamp":"2026-07-19 17:04:03"}
{"level":"info","message":"Launching World | Loading Package Data - 73%","timestamp":"2026-07-19 17:04:03"}
{"level":"info","message":"Connected to database \"dnd5e.content24\"","timestamp":"2026-07-19 17:04:03"}
{"level":"info","message":"Launching World | Loading Package Data - 76%","timestamp":"2026-07-19 17:04:03"}
{"level":"info","message":"Connected to database \"dnd5e.classes24\"","timestamp":"2026-07-19 17:04:03"}
{"level":"info","message":"Launching World | Loading Package Data - 78%","timestamp":"2026-07-19 17:04:03"}
{"level":"info","message":"Connected to database \"dnd5e.origins24\"","timestamp":"2026-07-19 17:04:03"}
{"level":"info","message":"Launching World | Loading Package Data - 80%","timestamp":"2026-07-19 17:04:03"}
{"level":"info","message":"Connected to database \"dnd5e.feats24\"","timestamp":"2026-07-19 17:04:03"}
{"level":"info","message":"Launching World | Loading Package Data - 83%","timestamp":"2026-07-19 17:04:03"}
{"level":"info","message":"Connected to database \"dnd5e.spells24\"","timestamp":"2026-07-19 17:04:03"}
{"level":"info","message":"Launching World | Loading Package Data - 85%","timestamp":"2026-07-19 17:04:03"}
{"level":"info","message":"Connected to database \"dnd5e.equipment24\"","timestamp":"2026-07-19 17:04:03"}
{"level":"info","message":"Launching World | Loading Package Data - 88%","timestamp":"2026-07-19 17:04:03"}
{"level":"info","message":"Connected to database \"dnd5e.tables24\"","timestamp":"2026-07-19 17:04:03"}
{"level":"info","message":"Launching World | Loading Package Data - 90%","timestamp":"2026-07-19 17:04:03"}
{"level":"info","message":"Connected to database \"dnd5e.actors24\"","timestamp":"2026-07-19 17:04:03"}
{"level":"info","message":"Launching World | Loading Package Data - 93%","timestamp":"2026-07-19 17:04:03"}
{"level":"info","message":"Connected to database \"dnd5e.monsterfeatures24\"","timestamp":"2026-07-19 17:04:03"}
{"level":"info","message":"Launching World | Loading Package Data - 95%","timestamp":"2026-07-19 17:04:03"}
{"level":"info","message":"Connected to database \"fxmaster.fxmaster\"","timestamp":"2026-07-19 17:04:03"}
{"level":"info","message":"Launching World | Loading Package Data - 98%","timestamp":"2026-07-19 17:04:03"}
{"level":"info","message":"Connected to database \"pdf-pager.macros\"","timestamp":"2026-07-19 17:04:03"}
{"level":"info","message":"Launching World | Loading Package Data - 100%","timestamp":"2026-07-19 17:04:03"}
{"level":"info","message":"Created 0 Folder documents with ids: []","timestamp":"2026-07-19 17:04:03"}
{"level":"info","message":"Launching World | Migrating Package Data - 2%","timestamp":"2026-07-19 17:04:03"}
{"level":"info","message":"Launching World | Migrating Package Data - 5%","timestamp":"2026-07-19 17:04:03"}
{"level":"info","message":"Launching World | Migrating Package Data - 7%","timestamp":"2026-07-19 17:04:03"}
{"level":"info","message":"Launching World | Migrating Package Data - 10%","timestamp":"2026-07-19 17:04:03"}
{"level":"info","message":"Launching World | Migrating Package Data - 12%","timestamp":"2026-07-19 17:04:03"}
{"level":"info","message":"Launching World | Migrating Package Data - 15%","timestamp":"2026-07-19 17:04:03"}
{"level":"info","message":"Launching World | Migrating Package Data - 17%","timestamp":"2026-07-19 17:04:03"}
{"level":"info","message":"Launching World | Migrating Package Data - 20%","timestamp":"2026-07-19 17:04:03"}
{"level":"info","message":"Launching World | Migrating Package Data - 22%","timestamp":"2026-07-19 17:04:03"}
{"level":"info","message":"Launching World | Migrating Package Data - 24%","timestamp":"2026-07-19 17:04:03"}
{"level":"info","message":"Launching World | Migrating Package Data - 27%","timestamp":"2026-07-19 17:04:03"}
{"level":"info","message":"Launching World | Migrating Package Data - 29%","timestamp":"2026-07-19 17:04:03"}
{"level":"info","message":"Launching World | Migrating Package Data - 32%","timestamp":"2026-07-19 17:04:03"}
{"level":"info","message":"Launching World | Migrating Package Data - 34%","timestamp":"2026-07-19 17:04:03"}
{"level":"info","message":"Launching World | Migrating Package Data - 37%","timestamp":"2026-07-19 17:04:03"}
{"level":"info","message":"Launching World | Migrating Package Data - 39%","timestamp":"2026-07-19 17:04:03"}
{"level":"info","message":"Launching World | Migrating Package Data - 41%","timestamp":"2026-07-19 17:04:03"}
{"level":"info","message":"Launching World | Migrating Package Data - 44%","timestamp":"2026-07-19 17:04:03"}
{"level":"info","message":"Launching World | Migrating Package Data - 46%","timestamp":"2026-07-19 17:04:03"}
{"level":"info","message":"Launching World | Migrating Package Data - 49%","timestamp":"2026-07-19 17:04:03"}
{"level":"info","message":"Launching World | Migrating Package Data - 51%","timestamp":"2026-07-19 17:04:03"}
{"level":"info","message":"Launching World | Migrating Package Data - 54%","timestamp":"2026-07-19 17:04:03"}
{"level":"info","message":"Launching World | Migrating Package Data - 56%","timestamp":"2026-07-19 17:04:03"}
{"level":"info","message":"Launching World | Migrating Package Data - 59%","timestamp":"2026-07-19 17:04:03"}
{"level":"info","message":"Launching World | Migrating Package Data - 61%","timestamp":"2026-07-19 17:04:03"}
{"level":"info","message":"Launching World | Migrating Package Data - 63%","timestamp":"2026-07-19 17:04:03"}
{"level":"info","message":"Launching World | Migrating Package Data - 66%","timestamp":"2026-07-19 17:04:03"}
{"level":"info","message":"Launching World | Migrating Package Data - 68%","timestamp":"2026-07-19 17:04:03"}
{"level":"info","message":"Launching World | Migrating Package Data - 71%","timestamp":"2026-07-19 17:04:03"}
{"level":"info","message":"Launching World | Migrating Package Data - 73%","timestamp":"2026-07-19 17:04:03"}
{"level":"info","message":"Launching World | Migrating Package Data - 76%","timestamp":"2026-07-19 17:04:03"}
{"level":"info","message":"Launching World | Migrating Package Data - 78%","timestamp":"2026-07-19 17:04:03"}
{"level":"info","message":"Launching World | Migrating Package Data - 80%","timestamp":"2026-07-19 17:04:03"}
{"level":"info","message":"Launching World | Migrating Package Data - 83%","timestamp":"2026-07-19 17:04:03"}
{"level":"info","message":"Launching World | Migrating Package Data - 85%","timestamp":"2026-07-19 17:04:04"}
{"level":"info","message":"Launching World | Migrating Package Data - 88%","timestamp":"2026-07-19 17:04:04"}
{"level":"info","message":"Launching World | Migrating Package Data - 90%","timestamp":"2026-07-19 17:04:04"}
{"level":"info","message":"Launching World | Migrating Package Data - 93%","timestamp":"2026-07-19 17:04:04"}
{"level":"info","message":"Launching World | Migrating Package Data - 95%","timestamp":"2026-07-19 17:04:04"}
{"level":"info","message":"Launching World | Migrating Package Data - 98%","timestamp":"2026-07-19 17:04:04"}
{"level":"info","message":"Launching World | Migrating Package Data - 100%","timestamp":"2026-07-19 17:04:04"}
{"level":"info","message":"Launching World | Complete","timestamp":"2026-07-19 17:04:04"}
{"ip":"::1","level":"info","message":"User authentication successful for user Gamemaster","session":"8dd0c3a53ab9a55c4bd884a0","timestamp":"2026-07-19 17:04:09"}
{"level":"info","message":"Dungeons & Dragons Fifth Edition update 5.3.3 is now available!","timestamp":"2026-07-19 17:04:11"}
{"level":"info","message":"Vended World data to User [YzL2W1htQr2gHsBA] in 549ms","timestamp":"2026-07-19 17:04:11"}
{"level":"info","message":"Toggling game pause status to false","timestamp":"2026-07-19 17:04:39"}
{"level":"info","message":"Created Token with id [md4mv6K9tvhS43KU] in parent Scene [qbILv35hj17A2e2a]","timestamp":"2026-07-19 17:06:35"}
{"level":"info","message":"Created Token with id [bs8dIWH21GiOnRIp] in parent Scene [qbILv35hj17A2e2a]","timestamp":"2026-07-19 17:06:48"}
{"level":"info","message":"Created Token with id [mkXJzdum03nqxlIR] in parent Scene [qbILv35hj17A2e2a]","timestamp":"2026-07-19 17:06:50"}
{"level":"info","message":"Created Token with id [04LqVK1UOKcVYxx9] in parent Scene [qbILv35hj17A2e2a]","timestamp":"2026-07-19 17:06:52"}
{"level":"info","message":"Created Token with id [v4ydvKOro1c5ERFt] in parent Scene [qbILv35hj17A2e2a]","timestamp":"2026-07-19 17:06:54"}
{"level":"debug","message":"Starting edit session for user 'YzL2W1htQr2gHsBA' and instance 'JournalEntry.pvj1i6lt1v1F6z6Q.JournalEntryPage.maNriiJo0MlDyrPh#text.content'.","timestamp":"2026-07-19 17:08:44"}
{"level":"debug","message":"Retiring user 'YzL2W1htQr2gHsBA' from editing session for instance 'JournalEntry.pvj1i6lt1v1F6z6Q.JournalEntryPage.maNriiJo0MlDyrPh#text.content'.","timestamp":"2026-07-19 17:11:04"}
{"level":"debug","message":"Instance 'JournalEntry.pvj1i6lt1v1F6z6Q.JournalEntryPage.maNriiJo0MlDyrPh#text.content' has no more active editors, cleaning up.","timestamp":"2026-07-19 17:11:04"}
{"level":"info","message":"Created JournalEntryPage with id [W1f9JGQ2E4iZSG44] in parent JournalEntry [pvj1i6lt1v1F6z6Q]","timestamp":"2026-07-19 17:12:38"}
{"level":"debug","message":"Starting edit session for user 'YzL2W1htQr2gHsBA' and instance 'JournalEntry.pvj1i6lt1v1F6z6Q.JournalEntryPage.W1f9JGQ2E4iZSG44#text.content'.","timestamp":"2026-07-19 17:12:38"}
{"level":"debug","message":"Retiring user 'YzL2W1htQr2gHsBA' from editing session for instance 'JournalEntry.pvj1i6lt1v1F6z6Q.JournalEntryPage.W1f9JGQ2E4iZSG44#text.content'.","timestamp":"2026-07-19 17:12:45"}
{"level":"debug","message":"Instance 'JournalEntry.pvj1i6lt1v1F6z6Q.JournalEntryPage.W1f9JGQ2E4iZSG44#text.content' has no more active editors, cleaning up.","timestamp":"2026-07-19 17:12:45"}
{"level":"info","message":"Created Actor with id [FhedEvMVEXUEVwcW]","timestamp":"2026-07-19 17:21:31"}
{"level":"info","message":"Created 6 Item documents in parent Actor [FhedEvMVEXUEVwcW]","timestamp":"2026-07-19 17:22:44"}
{"level":"info","message":"Created Item with id [0QmB8r4DiRZT4kCo] in parent Actor [FhedEvMVEXUEVwcW]","timestamp":"2026-07-19 17:22:57"}
{"level":"info","message":"Created 8 Item documents in parent Actor [FhedEvMVEXUEVwcW]","timestamp":"2026-07-19 17:23:37"}
{"level":"info","message":"VandorOnkel.png saved to Icons","timestamp":"2026-07-19 17:24:34"}
{"level":"info","message":"Created client session 3f04869c07e4b76c845db1db","timestamp":"2026-07-19 17:30:24"}
{"level":"info","message":"Created client session 07316bec7a619db88915e936","timestamp":"2026-07-19 17:30:24"}
{"level":"info","message":"Created client session 0fb641516c0ae46f0e83c55a","timestamp":"2026-07-19 17:30:25"}
{"level":"info","message":"Created client session 17bff00ea96a9888871302f5","timestamp":"2026-07-19 17:42:50"}
{"level":"info","message":"Created client session 10d38adae3c34f83c898e808","timestamp":"2026-07-19 18:00:11"}
{"level":"info","message":"Created client session 6e84fb65e82c000824709414","timestamp":"2026-07-19 18:03:03"}
{"level":"info","message":"Created client session a2f72ab7a10718baa5f0d53a","timestamp":"2026-07-19 18:03:31"}
{"level":"info","message":"Created client session c3ded4218cb2e84d6b560bfb","timestamp":"2026-07-19 18:06:50"}
{"ip":"::ffff:127.0.0.1","level":"info","message":"User authentication successful for user Vandor","session":"c3ded4218cb2e84d6b560bfb","timestamp":"2026-07-19 18:06:59"}
{"level":"info","message":"Dungeons & Dragons Fifth Edition update 5.3.3 is now available!","timestamp":"2026-07-19 18:07:01"}
{"level":"info","message":"Vended World data to User [7fNHm3YbN0rkIUxL] in 556ms","timestamp":"2026-07-19 18:07:01"}
{"level":"info","message":"Created client session 90b74c14669e7389ee4d2fe6","timestamp":"2026-07-19 18:08:11"}
{"ip":"::1","level":"warn","message":"User authentication failed for user Thiala; invalid password","session":"90b74c14669e7389ee4d2fe6","status":401,"timestamp":"2026-07-19 18:08:17"}
{"ip":"::ffff:127.0.0.1","level":"info","message":"User authentication successful for user Thiala","session":"90b74c14669e7389ee4d2fe6","timestamp":"2026-07-19 18:08:44"}
{"level":"info","message":"Dungeons & Dragons Fifth Edition update 5.3.3 is now available!","timestamp":"2026-07-19 18:08:45"}
{"level":"info","message":"Vended World data to User [sjYkV3qNoQe97JYZ] in 492ms","timestamp":"2026-07-19 18:08:45"}
{"ip":"::1","level":"info","message":"User authentication successful for user Erevan","session":"10d38adae3c34f83c898e808","timestamp":"2026-07-19 18:15:52"}
{"level":"info","message":"Dungeons & Dragons Fifth Edition update 5.3.3 is now available!","timestamp":"2026-07-19 18:15:54"}
{"level":"info","message":"Vended World data to User [d7Jxxn5B6j1l4Shx] in 501ms","timestamp":"2026-07-19 18:15:54"}
{"level":"info","message":"Created client session 1684e39cf48c3771197ee9b0","timestamp":"2026-07-19 18:23:05"}
{"level":"info","message":"Created client session 99a4be7ae7be77d278ecc725","timestamp":"2026-07-19 18:33:22"}
{"ip":"::1","level":"info","message":"User authentication successful for user Barogart","session":"99a4be7ae7be77d278ecc725","timestamp":"2026-07-19 18:33:47"}
{"level":"info","message":"Dungeons & Dragons Fifth Edition update 5.3.3 is now available!","timestamp":"2026-07-19 18:33:49"}
{"level":"info","message":"Vended World data to User [y8opEFHvV7c7QIhq] in 538ms","timestamp":"2026-07-19 18:33:50"}
{"level":"info","message":"Reset 5 FogExploration documents for Scene t5xjgozQiEWk5aDN","timestamp":"2026-07-19 18:37:16"}
{"level":"info","message":"Created FogExploration with id [Bx6FITyRQOD0tZuQ]","timestamp":"2026-07-19 18:37:19"}
{"level":"info","message":"Created FogExploration with id [6x70qinM70M2t32G]","timestamp":"2026-07-19 18:37:19"}
{"level":"info","message":"Created FogExploration with id [CVMTXACOrm1599om]","timestamp":"2026-07-19 18:37:19"}
{"level":"info","message":"Created FogExploration with id [GXRIJupXMKDricNm]","timestamp":"2026-07-19 18:37:21"}
{"level":"info","message":"Created FogExploration with id [F5OJgHP6tRnRhCPk]","timestamp":"2026-07-19 18:37:45"}
{"level":"info","message":"Created ChatMessage with id [SORDKM8H51cqXUvU]","timestamp":"2026-07-19 18:38:20"}
{"level":"info","message":"Reset 5 FogExploration documents for Scene t5xjgozQiEWk5aDN","timestamp":"2026-07-19 18:45:39"}
{"level":"info","message":"Created FogExploration with id [QOtxr6cFOpTEhSn7]","timestamp":"2026-07-19 18:45:41"}
{"level":"info","message":"Created FogExploration with id [Eu0nGNhy0UNHzfeS]","timestamp":"2026-07-19 18:45:41"}
{"level":"info","message":"Created FogExploration with id [DMkc7n7PK1YN4gAX]","timestamp":"2026-07-19 18:45:41"}
{"level":"info","message":"Created FogExploration with id [aVMdbQFXQM7Yvqxi]","timestamp":"2026-07-19 18:45:41"}
{"level":"info","message":"Created FogExploration with id [Ltf8k6LrSVOQzWCF]","timestamp":"2026-07-19 18:47:31"}
{"level":"info","message":"Created ChatMessage with id [SVd9MbiS0JEXhQGE]","timestamp":"2026-07-19 18:50:44"}
{"level":"info","message":"Created ChatMessage with id [36671mcIcd8Ni3C1]","timestamp":"2026-07-19 18:56:49"}
{"level":"info","message":"Created client session 889c42c9d4a2de136848844c","timestamp":"2026-07-19 18:57:56"}
{"level":"info","message":"Deleted Token with id [pqq1PSLPhdgypZTd] in parent Scene [t5xjgozQiEWk5aDN]","timestamp":"2026-07-19 18:58:26"}
{"level":"info","message":"Created Token with id [NSWKNdK1W3fRGmmT] in parent Scene [t5xjgozQiEWk5aDN]","timestamp":"2026-07-19 18:58:54"}
{"level":"info","message":"Deleted Token with id [NSWKNdK1W3fRGmmT] in parent Scene [t5xjgozQiEWk5aDN]","timestamp":"2026-07-19 19:02:34"}
{"level":"info","message":"Created Token with id [FLwgnIOb2GdcgP2M] in parent Scene [t5xjgozQiEWk5aDN]","timestamp":"2026-07-19 19:02:36"}
{"level":"info","message":"Created Token with id [CYB2wIVT177xLFOi] in parent Scene [t5xjgozQiEWk5aDN]","timestamp":"2026-07-19 19:02:39"}
{"level":"info","message":"Created Token with id [ZcXg3hDkRu4wVTez] in parent Scene [t5xjgozQiEWk5aDN]","timestamp":"2026-07-19 19:02:42"}
{"level":"info","message":"Created Token with id [0RpDb3Aw9TNX8UVa] in parent Scene [t5xjgozQiEWk5aDN]","timestamp":"2026-07-19 19:02:44"}
{"level":"info","message":"Reset 5 FogExploration documents for Scene t5xjgozQiEWk5aDN","timestamp":"2026-07-19 19:03:30"}
{"level":"info","message":"Created FogExploration with id [ASb4QGVPbjABqTtL]","timestamp":"2026-07-19 19:03:32"}
{"level":"info","message":"Reset 1 FogExploration documents for Scene t5xjgozQiEWk5aDN","timestamp":"2026-07-19 19:04:31"}
{"level":"info","message":"Created FogExploration with id [4ffWyuo9dXMPl4dR]","timestamp":"2026-07-19 19:04:33"}
{"level":"info","message":"Created FogExploration with id [QwWDeuH6i3Ch17j7]","timestamp":"2026-07-19 19:04:33"}
{"level":"info","message":"Created FogExploration with id [B7bhLLHSxZ2zUp3Y]","timestamp":"2026-07-19 19:04:33"}
{"level":"info","message":"Created FogExploration with id [AhVcbTsNngFkjB7K]","timestamp":"2026-07-19 19:04:33"}
{"level":"info","message":"Reset 4 FogExploration documents for Scene t5xjgozQiEWk5aDN","timestamp":"2026-07-19 19:04:52"}
{"level":"info","message":"Created FogExploration with id [5Rjhp1SYKp7iRYkS]","timestamp":"2026-07-19 19:04:54"}
{"level":"info","message":"Created FogExploration with id [AVBOX1efSTj0ckD0]","timestamp":"2026-07-19 19:04:54"}
{"level":"info","message":"Created FogExploration with id [bvk2Tuq3O8vPfcAZ]","timestamp":"2026-07-19 19:04:54"}
{"level":"info","message":"Created FogExploration with id [4xhRkoueSvRr4N96]","timestamp":"2026-07-19 19:04:54"}
{"level":"info","message":"Created FogExploration with id [G7Ih8k2ZxDxglFoU]","timestamp":"2026-07-19 19:04:56"}
{"level":"info","message":"Created ChatMessage with id [6oYorMeR0hjQSnQZ]","timestamp":"2026-07-19 19:05:34"}
{"level":"info","message":"Created ChatMessage with id [nXwpaASnPM0kNqBJ]","timestamp":"2026-07-19 19:05:51"}
{"level":"info","message":"Dungeons & Dragons Fifth Edition update 5.3.3 is now available!","timestamp":"2026-07-19 19:06:56"}
{"level":"info","message":"Vended World data to User [YzL2W1htQr2gHsBA] in 537ms","timestamp":"2026-07-19 19:06:56"}
{"level":"info","message":"Created ChatMessage with id [s01oUwQoMih7j1da]","timestamp":"2026-07-19 19:08:18"}
{"level":"info","message":"Created ChatMessage with id [MkS95WU2FQrcMr3c]","timestamp":"2026-07-19 19:09:19"}
{"level":"info","message":"Created ChatMessage with id [B7atppNLq53YFWeG]","timestamp":"2026-07-19 19:10:47"}
{"level":"info","message":"Created client session ca8066a7318a3bfde36d9265","timestamp":"2026-07-19 19:13:31"}
{"level":"info","message":"Created ChatMessage with id [fWkALeMvdXNgqi0N]","timestamp":"2026-07-19 19:14:19"}
{"level":"info","message":"Created ChatMessage with id [mZSQENIic8EJqqrA]","timestamp":"2026-07-19 19:15:05"}
{"level":"info","message":"Created ChatMessage with id [mstQfaRIcnX2675z]","timestamp":"2026-07-19 19:15:47"}
{"level":"info","message":"Created client session 63a8eaeb9efd9d241e1f8ad4","timestamp":"2026-07-19 19:16:31"}
{"level":"info","message":"Created ChatMessage with id [wQwppPu9NC7PJGSA]","timestamp":"2026-07-19 19:17:38"}
{"level":"info","message":"Created ChatMessage with id [Hf3Ao6hVr5O0dtWm]","timestamp":"2026-07-19 19:21:59"}
{"level":"info","message":"Created ChatMessage with id [CJ1QpZ4OckAvPbHI]","timestamp":"2026-07-19 19:23:18"}
{"level":"info","message":"Created ChatMessage with id [5n6zCPdpxVoKA5GY]","timestamp":"2026-07-19 19:24:04"}
{"level":"info","message":"Created ChatMessage with id [mijPgOUY2B7O5CAB]","timestamp":"2026-07-19 19:24:24"}
{"level":"info","message":"Dungeons & Dragons Fifth Edition update 5.3.3 is now available!","timestamp":"2026-07-19 19:25:58"}
{"level":"info","message":"Vended World data to User [YzL2W1htQr2gHsBA] in 537ms","timestamp":"2026-07-19 19:25:59"}
{"level":"info","message":"Created 4 Token documents with ids: [wM8dGXwOL4K7Gupe,5AG96IrQaEkWDzsq,5A3HagM9TEHcBnBJ,oB7cLpd9YNSZlnyy] in parent Scene [qbILv35hj17A2e2a]","timestamp":"2026-07-19 19:26:27"}
{"level":"info","message":"Created FogExploration with id [ZzZBJh5JOiwfK8Ht]","timestamp":"2026-07-19 19:26:35"}
{"level":"info","message":"Created Actor with id [q2tROFLKsr8fc7E0]","timestamp":"2026-07-19 19:28:00"}
{"level":"info","message":"Created Token with id [aXTniH8FOVaDoKf1] in parent Scene [qbILv35hj17A2e2a]","timestamp":"2026-07-19 19:28:00"}
{"level":"info","message":"Created Token with id [MX0nivETzxwqcrD0] in parent Scene [qbILv35hj17A2e2a]","timestamp":"2026-07-19 19:28:02"}
{"level":"info","message":"Created Token with id [dv9u2wsbPNR2rbAX] in parent Scene [qbILv35hj17A2e2a]","timestamp":"2026-07-19 19:28:03"}
{"level":"info","message":"Created Token with id [wfctlynxfLSvQKF5] in parent Scene [qbILv35hj17A2e2a]","timestamp":"2026-07-19 19:28:03"}
{"level":"info","message":"Created Token with id [Mpcb3owLaC5LCrOu] in parent Scene [qbILv35hj17A2e2a]","timestamp":"2026-07-19 19:28:05"}
{"level":"info","message":"Created FogExploration with id [cUcioYFUi8ZzquCH]","timestamp":"2026-07-19 19:28:20"}
{"level":"info","message":"Created FogExploration with id [6pFtOlzMfsI25XJx]","timestamp":"2026-07-19 19:28:20"}
{"level":"info","message":"Created FogExploration with id [6EAEUfuk74uGMEHX]","timestamp":"2026-07-19 19:28:22"}
{"level":"info","message":"Created FogExploration with id [KM281jJC1WvnHT8Q]","timestamp":"2026-07-19 19:28:27"}
{"level":"info","message":"Created Combatant with id [HtXixZWPY2GBMNpk] in parent Combat [AFKpJdY6iM6AoRHz]","timestamp":"2026-07-19 19:29:14"}
{"level":"info","message":"Created Combatant with id [gX8qL3Sj7Qy6S3sj] in parent Combat [AFKpJdY6iM6AoRHz]","timestamp":"2026-07-19 19:29:15"}
{"level":"info","message":"Created Combatant with id [1A2ukC2GhLhfc7GG] in parent Combat [AFKpJdY6iM6AoRHz]","timestamp":"2026-07-19 19:29:17"}
{"level":"info","message":"Created Combat with id [9OwlH274hyYkGnOu]","timestamp":"2026-07-19 19:29:26"}
{"level":"info","message":"Created Combatant with id [sCyUgtoICxw1Sz8N] in parent Combat [9OwlH274hyYkGnOu]","timestamp":"2026-07-19 19:29:35"}
{"level":"info","message":"Created Combatant with id [wshMJcGsMN3l4stx] in parent Combat [9OwlH274hyYkGnOu]","timestamp":"2026-07-19 19:29:37"}
{"level":"info","message":"Created Combatant with id [EX2ktB2jNlLSwWvp] in parent Combat [9OwlH274hyYkGnOu]","timestamp":"2026-07-19 19:29:39"}
{"level":"info","message":"Created Combatant with id [3rhnGfK5VWZnmoVy] in parent Combat [9OwlH274hyYkGnOu]","timestamp":"2026-07-19 19:29:41"}
{"level":"info","message":"Created Combatant with id [ZV0aPozvguoueTga] in parent Combat [9OwlH274hyYkGnOu]","timestamp":"2026-07-19 19:29:42"}
{"level":"info","message":"Created Combatant with id [FWX4w60uri5o0Eic] in parent Combat [9OwlH274hyYkGnOu]","timestamp":"2026-07-19 19:29:42"}
{"level":"info","message":"Created Combatant with id [xZEaqlgViBwmrzSt] in parent Combat [9OwlH274hyYkGnOu]","timestamp":"2026-07-19 19:29:43"}
{"level":"info","message":"Created Combatant with id [PgVFPPNlibBTI6cn] in parent Combat [9OwlH274hyYkGnOu]","timestamp":"2026-07-19 19:29:44"}
{"level":"info","message":"Created ChatMessage with id [WcM0aML37oEnO27d]","timestamp":"2026-07-19 19:29:45"}
{"level":"info","message":"Created ChatMessage with id [r0eOrZ8YF43saiQ9]","timestamp":"2026-07-19 19:29:50"}
{"level":"info","message":"Created Combatant with id [ttfWbg83SSEhh5Mh] in parent Combat [9OwlH274hyYkGnOu]","timestamp":"2026-07-19 19:29:51"}
{"level":"info","message":"Created ChatMessage with id [S21IZEH8tS4uGuJf]","timestamp":"2026-07-19 19:29:53"}
{"level":"info","message":"Created ChatMessage with id [EhlKrTOB4bsZSy8I]","timestamp":"2026-07-19 19:30:01"}
{"level":"info","message":"Created ChatMessage with id [glvIp4oYk60v8Uhv]","timestamp":"2026-07-19 19:30:03"}
{"level":"info","message":"Created ChatMessage with id [x7qOJTql7PvmrjC2]","timestamp":"2026-07-19 19:30:05"}
{"level":"info","message":"Created ChatMessage with id [EhOygEmIU6JuQoKd]","timestamp":"2026-07-19 19:30:07"}
{"level":"info","message":"Created ChatMessage with id [r3s5wIXua68FURH7]","timestamp":"2026-07-19 19:30:10"}
{"level":"info","message":"Created ChatMessage with id [r5izTZ0ab4k4gNRH]","timestamp":"2026-07-19 19:30:25"}
{"level":"info","message":"Created ActiveEffect with id [Qf1d1vC83pSwmGm3] in parent Actor [Mzp9Dcz9ff8SEHHD]","timestamp":"2026-07-19 19:32:52"}
{"level":"info","message":"Created ChatMessage with id [0ZYPjfubxAwX6iZ8]","timestamp":"2026-07-19 19:32:52"}
{"level":"info","message":"Created Region with id [4CpldQpArMoS4pbj] in parent Scene [qbILv35hj17A2e2a]","timestamp":"2026-07-19 19:32:56"}
{"level":"info","message":"Created ChatMessage with id [UT4c9kbu56NnM18O]","timestamp":"2026-07-19 19:34:05"}
{"level":"info","message":"Created ChatMessage with id [IpSuPWoTI7mBRN8K]","timestamp":"2026-07-19 19:34:07"}
{"level":"info","message":"Created ChatMessage with id [1wYwnfQx01INFQcq]","timestamp":"2026-07-19 19:35:19"}
{"level":"info","message":"Created ChatMessage with id [D2x6UFywUsSDX2na]","timestamp":"2026-07-19 19:35:32"}
{"level":"info","message":"Created ChatMessage with id [4UtL6jyiu2FCKdL8]","timestamp":"2026-07-19 19:35:33"}
{"level":"info","message":"Created ChatMessage with id [NMoSZZc2HGZF3Jm1]","timestamp":"2026-07-19 19:35:41"}
{"level":"info","message":"Created ChatMessage with id [KtWcziM6Eyt8Ty6h]","timestamp":"2026-07-19 19:35:58"}
{"level":"info","message":"Created ChatMessage with id [5lCPS8BDir0uus6p]","timestamp":"2026-07-19 19:36:23"}
{"level":"info","message":"Created ChatMessage with id [q9lbnFGje7K5Haq5]","timestamp":"2026-07-19 19:36:25"}
{"level":"info","message":"Created ChatMessage with id [GcpTanbe3jNlFLr7]","timestamp":"2026-07-19 19:36:33"}
{"level":"info","message":"Created ChatMessage with id [mw7ZrPm5lPcP2fwr]","timestamp":"2026-07-19 19:36:39"}
{"level":"info","message":"Dungeons & Dragons Fifth Edition update 5.3.3 is now available!","timestamp":"2026-07-19 19:36:43"}
{"level":"info","message":"Vended World data to User [YzL2W1htQr2gHsBA] in 517ms","timestamp":"2026-07-19 19:36:43"}
{"level":"info","message":"Dungeons & Dragons Fifth Edition update 5.3.3 is now available!","timestamp":"2026-07-19 19:37:20"}
{"level":"info","message":"Vended World data to User [y8opEFHvV7c7QIhq] in 493ms","timestamp":"2026-07-19 19:37:20"}
{"level":"info","message":"Created ChatMessage with id [RisitWlUdMj5Kvpl]","timestamp":"2026-07-19 19:38:24"}
{"level":"info","message":"Created ChatMessage with id [9GWOWGjNlMK9LQ5v]","timestamp":"2026-07-19 19:38:53"}
{"level":"info","message":"Created ActiveEffect with id [dnd5ebloodied000] in parent ActorDelta [Mpcb3owLaC5LCrOu]","timestamp":"2026-07-19 19:40:03"}
{"level":"info","message":"Created ActiveEffect with id [dnd5edead0000000] in parent ActorDelta [Mpcb3owLaC5LCrOu]","timestamp":"2026-07-19 19:40:29"}
{"level":"info","message":"Created ChatMessage with id [MtbIL2Iou4yZQDZQ]","timestamp":"2026-07-19 19:40:55"}
{"level":"info","message":"Created ChatMessage with id [L8efZJWRU8g4vnVz]","timestamp":"2026-07-19 19:41:00"}
{"level":"info","message":"Created ChatMessage with id [J93ZolUNs8pZ8Ytu]","timestamp":"2026-07-19 19:41:09"}
{"level":"info","message":"Created ActiveEffect with id [dnd5ebloodied000] in parent ActorDelta [dv9u2wsbPNR2rbAX]","timestamp":"2026-07-19 19:41:47"}
{"level":"info","message":"Created ActiveEffect with id [dnd5edead0000000] in parent ActorDelta [dv9u2wsbPNR2rbAX]","timestamp":"2026-07-19 19:41:51"}
{"level":"info","message":"Created ChatMessage with id [rSeZ1oas5zKfT2HF]","timestamp":"2026-07-19 19:42:10"}
{"level":"info","message":"Created ChatMessage with id [Bzt4iX8d1fiaZpVS]","timestamp":"2026-07-19 19:42:11"}
{"level":"info","message":"Created ChatMessage with id [pMbl1YN3Q0A4PYcY]","timestamp":"2026-07-19 19:42:20"}
{"level":"info","message":"Created ActiveEffect with id [dnd5ebloodied000] in parent ActorDelta [wfctlynxfLSvQKF5]","timestamp":"2026-07-19 19:42:58"}
{"level":"info","message":"Created ActiveEffect with id [dnd5edead0000000] in parent ActorDelta [wfctlynxfLSvQKF5]","timestamp":"2026-07-19 19:43:08"}
{"level":"info","message":"Created ChatMessage with id [E2gyiIAqAYTIBkAF]","timestamp":"2026-07-19 19:44:53"}
{"level":"info","message":"Created ChatMessage with id [leHHeZPqiG0CdNeS]","timestamp":"2026-07-19 19:45:04"}
{"level":"info","message":"Created ActiveEffect with id [dnd5ebloodied000] in parent ActorDelta [aXTniH8FOVaDoKf1]","timestamp":"2026-07-19 19:45:26"}
{"level":"info","message":"Created ChatMessage with id [o33swsVbqHYJvdJc]","timestamp":"2026-07-19 19:45:46"}
{"level":"info","message":"Created ChatMessage with id [dThB0db0KfgHjY5U]","timestamp":"2026-07-19 19:46:01"}
{"level":"info","message":"Created ChatMessage with id [DXcswEvQIOKhCPjf]","timestamp":"2026-07-19 19:46:10"}
{"level":"info","message":"Created ActiveEffect with id [dnd5edead0000000] in parent ActorDelta [aXTniH8FOVaDoKf1]","timestamp":"2026-07-19 19:46:28"}
{"level":"info","message":"Deleted Combat with id [9OwlH274hyYkGnOu]","timestamp":"2026-07-19 19:47:26"}
{"level":"info","message":"Deleted Region with id [4CpldQpArMoS4pbj] in parent Scene [qbILv35hj17A2e2a]","timestamp":"2026-07-19 19:47:56"}
{"level":"info","message":"Created client session 792053e83b3ea593fbe611ec","timestamp":"2026-07-19 19:48:02"}
{"level":"info","message":"Deleted ActiveEffect with id [Qf1d1vC83pSwmGm3] in parent Actor [Mzp9Dcz9ff8SEHHD]","timestamp":"2026-07-19 19:48:39"}
{"level":"info","message":"Created ChatMessage with id [li66natOMEqLXyl2]","timestamp":"2026-07-19 19:51:09"}
{"level":"info","message":"Created ChatMessage with id [wDbjGkjzHKGqgn71]","timestamp":"2026-07-19 19:51:16"}
{"level":"info","message":"Created ChatMessage with id [VxweaVklg4SEkJwr]","timestamp":"2026-07-19 19:51:16"}
{"level":"info","message":"Created ChatMessage with id [WLR5ibT2ChfYbm5r]","timestamp":"2026-07-19 19:51:28"}
{"level":"info","message":"Dungeons & Dragons Fifth Edition update 5.3.3 is now available!","timestamp":"2026-07-19 19:51:30"}
{"level":"info","message":"Vended World data to User [YzL2W1htQr2gHsBA] in 508ms","timestamp":"2026-07-19 19:51:30"}
{"level":"info","message":"Dungeons & Dragons Fifth Edition update 5.3.3 is now available!","timestamp":"2026-07-19 19:51:33"}
{"level":"info","message":"Vended World data to User [y8opEFHvV7c7QIhq] in 410ms","timestamp":"2026-07-19 19:51:33"}
{"level":"info","message":"Created client session e15dbbf576a54f27eb4fb20d","timestamp":"2026-07-19 19:53:58"}
{"level":"info","message":"Created ChatMessage with id [Ejz1EXrJp6ggElQf]","timestamp":"2026-07-19 19:54:29"}
{"level":"info","message":"Created ChatMessage with id [HxzJRShTDIj8QyZn]","timestamp":"2026-07-19 19:54:37"}
{"level":"info","message":"Created ChatMessage with id [Ve1d9p5kYwJVmDMT]","timestamp":"2026-07-19 19:55:10"}
{"level":"info","message":"Created ChatMessage with id [yhqatsFHSXlJxd9y]","timestamp":"2026-07-19 19:55:59"}
{"level":"info","message":"Created ChatMessage with id [pc2XcJli1pqUKmoR]","timestamp":"2026-07-19 20:13:48"}
{"level":"info","message":"Created ChatMessage with id [hOAgLjTcXiAyvqKX]","timestamp":"2026-07-19 20:14:35"}
{"level":"info","message":"Created ChatMessage with id [sCdzZcjjhgzvCs1A]","timestamp":"2026-07-19 20:16:21"}
{"level":"info","message":"Created ChatMessage with id [gUbkqntLYwPy4Q2z]","timestamp":"2026-07-19 20:19:12"}
{"level":"info","message":"Dungeons & Dragons Fifth Edition update 5.3.3 is now available!","timestamp":"2026-07-19 20:19:22"}
{"level":"info","message":"Vended World data to User [YzL2W1htQr2gHsBA] in 477ms","timestamp":"2026-07-19 20:19:22"}
{"level":"info","message":"Created ChatMessage with id [XlnqohY8z3XRaIKo]","timestamp":"2026-07-19 20:22:28"}
{"level":"info","message":"Created ChatMessage with id [j4n6mqI3v01emuLb]","timestamp":"2026-07-19 20:23:34"}
{"level":"info","message":"Created ChatMessage with id [Gxu0TztELs2wPbRi]","timestamp":"2026-07-19 20:23:49"}
{"level":"info","message":"Reset 5 FogExploration documents for Scene t5xjgozQiEWk5aDN","timestamp":"2026-07-19 20:24:05"}
{"level":"info","message":"Created FogExploration with id [bAL50Ll8177BLNUB]","timestamp":"2026-07-19 20:24:07"}
{"level":"info","message":"Created FogExploration with id [lwByhfqztIbGB13E]","timestamp":"2026-07-19 20:24:07"}
{"level":"info","message":"Created FogExploration with id [Bhmim3ADTLWJA2lr]","timestamp":"2026-07-19 20:24:07"}
{"level":"info","message":"Created FogExploration with id [oNf8lCj9agclVc1y]","timestamp":"2026-07-19 20:24:07"}
{"level":"info","message":"Created FogExploration with id [rOTduDQ89XbcXW0X]","timestamp":"2026-07-19 20:24:14"}
{"level":"info","message":"Reset 5 FogExploration documents for Scene t5xjgozQiEWk5aDN","timestamp":"2026-07-19 20:25:13"}
{"level":"info","message":"Created FogExploration with id [A4NRkdoJcg47YYf8]","timestamp":"2026-07-19 20:25:20"}
{"level":"info","message":"Created FogExploration with id [cRzVMbKKmKJHbxAm]","timestamp":"2026-07-19 20:25:20"}
{"level":"info","message":"Created FogExploration with id [RJKdFk3j2QebzcSH]","timestamp":"2026-07-19 20:25:20"}
{"level":"info","message":"Reset 3 FogExploration documents for Scene t5xjgozQiEWk5aDN","timestamp":"2026-07-19 20:25:25"}
{"level":"info","message":"Created FogExploration with id [xISLTFg84qYi0roN]","timestamp":"2026-07-19 20:25:27"}
{"level":"info","message":"Created FogExploration with id [JfeSZH0bT6NPI8FX]","timestamp":"2026-07-19 20:25:28"}
{"level":"info","message":"Created FogExploration with id [3LZAHA3TMA7f89sL]","timestamp":"2026-07-19 20:25:28"}
{"level":"info","message":"Reset 3 FogExploration documents for Scene t5xjgozQiEWk5aDN","timestamp":"2026-07-19 20:25:33"}
{"level":"info","message":"Created FogExploration with id [9rcNnx9Iu2VbI3qt]","timestamp":"2026-07-19 20:25:54"}
{"level":"info","message":"Created FogExploration with id [4BXdDy3fa4SUYHlV]","timestamp":"2026-07-19 20:26:17"}
{"level":"info","message":"Created ChatMessage with id [HXkt9J3i7dThvzKL]","timestamp":"2026-07-19 20:26:33"}
{"level":"info","message":"Created ChatMessage with id [JkYq9oguROOPxC7e]","timestamp":"2026-07-19 20:26:49"}
{"level":"info","message":"Created client session 8ec1a57e48716cb5ecf7c431","timestamp":"2026-07-19 20:26:54"}
{"level":"info","message":"Created ChatMessage with id [6EEV0VMK6Smh8jd2]","timestamp":"2026-07-19 20:28:42"}
{"level":"info","message":"Created ChatMessage with id [JgB48vDbAmZDO9Mi]","timestamp":"2026-07-19 20:28:47"}
{"level":"info","message":"Created ChatMessage with id [XJ9qHQNxgXXE23z8]","timestamp":"2026-07-19 20:28:51"}
{"level":"info","message":"Dungeons & Dragons Fifth Edition update 5.3.3 is now available!","timestamp":"2026-07-19 20:28:57"}
{"level":"info","message":"Vended World data to User [y8opEFHvV7c7QIhq] in 561ms","timestamp":"2026-07-19 20:28:58"}
{"level":"info","message":"Created FogExploration with id [vBfdnpT8MFd9O7tp]","timestamp":"2026-07-19 20:29:09"}
{"level":"info","message":"Created ActiveEffect with id [dnd5eexhaustion0] in parent Actor [Mzp9Dcz9ff8SEHHD]","timestamp":"2026-07-19 20:29:13"}
{"level":"info","message":"Created FogExploration with id [qDLSJJ2fGOauxmEa]","timestamp":"2026-07-19 20:31:46"}
{"level":"info","message":"Created FogExploration with id [y1W7X97KeGHjuc7M]","timestamp":"2026-07-19 20:31:46"}
{"level":"info","message":"Created ChatMessage with id [KJdnhVHgQlOXLWU9]","timestamp":"2026-07-19 20:31:53"}
{"level":"info","message":"Created client session 9caa8bbb3db3af12e8aa5238","timestamp":"2026-07-19 20:31:54"}
{"level":"info","message":"Created client session 204e0538dc97aef691e4f768","timestamp":"2026-07-19 20:31:58"}
{"level":"info","message":"Dungeons & Dragons Fifth Edition update 5.3.3 is now available!","timestamp":"2026-07-19 20:31:58"}
{"level":"info","message":"Vended World data to User [YzL2W1htQr2gHsBA] in 522ms","timestamp":"2026-07-19 20:31:58"}
{"level":"info","message":"Created ChatMessage with id [5j15D8PG0IlEFOKS]","timestamp":"2026-07-19 20:32:57"}
{"level":"info","message":"Created ChatMessage with id [jeajXVMFDdbyQAVS]","timestamp":"2026-07-19 20:33:51"}
{"level":"info","message":"Created ChatMessage with id [nnsjYMVJrSX7jiTH]","timestamp":"2026-07-19 20:34:35"}
{"level":"info","message":"Deleted Token with id [aXTniH8FOVaDoKf1] in parent Scene [qbILv35hj17A2e2a]","timestamp":"2026-07-19 20:34:38"}
{"level":"info","message":"Deleted Combatant with id [HtXixZWPY2GBMNpk] in parent Combat [AFKpJdY6iM6AoRHz]","timestamp":"2026-07-19 20:34:38"}
{"level":"info","message":"Created ChatMessage with id [FLeS8PM7OjmiRTGU]","timestamp":"2026-07-19 20:34:39"}
{"level":"info","message":"Deleted Token with id [Mpcb3owLaC5LCrOu] in parent Scene [qbILv35hj17A2e2a]","timestamp":"2026-07-19 20:34:40"}
{"level":"info","message":"Created ChatMessage with id [9tjfXTKbgUrWsni0]","timestamp":"2026-07-19 20:34:40"}
{"level":"info","message":"Deleted Token with id [dv9u2wsbPNR2rbAX] in parent Scene [qbILv35hj17A2e2a]","timestamp":"2026-07-19 20:34:42"}
{"level":"info","message":"Deleted Combatant with id [1A2ukC2GhLhfc7GG] in parent Combat [AFKpJdY6iM6AoRHz]","timestamp":"2026-07-19 20:34:42"}
{"level":"info","message":"Deleted Token with id [wfctlynxfLSvQKF5] in parent Scene [qbILv35hj17A2e2a]","timestamp":"2026-07-19 20:34:44"}
{"level":"info","message":"Deleted Token with id [MX0nivETzxwqcrD0] in parent Scene [qbILv35hj17A2e2a]","timestamp":"2026-07-19 20:34:46"}
{"level":"info","message":"Deleted Combatant with id [gX8qL3Sj7Qy6S3sj] in parent Combat [AFKpJdY6iM6AoRHz]","timestamp":"2026-07-19 20:34:46"}
{"level":"info","message":"Created ChatMessage with id [IDSdH72aRlwULxMF]","timestamp":"2026-07-19 20:34:53"}
{"level":"info","message":"Created ChatMessage with id [4gsof4URb5fY3ip1]","timestamp":"2026-07-19 20:35:30"}
{"level":"info","message":"Created ChatMessage with id [T6pk500pK4kiDa31]","timestamp":"2026-07-19 20:35:31"}
{"level":"info","message":"Created ChatMessage with id [SQiZuMFc4odxYKxN]","timestamp":"2026-07-19 20:36:13"}
{"level":"info","message":"Created ChatMessage with id [y1EGP0opm6nAucGK]","timestamp":"2026-07-19 20:36:39"}
{"level":"info","message":"Created ChatMessage with id [X02N1GCzubFVqVGi]","timestamp":"2026-07-19 20:36:49"}
{"level":"info","message":"Created ChatMessage with id [I9J2ibvYevYGYmzC]","timestamp":"2026-07-19 20:36:59"}
{"level":"info","message":"Created ChatMessage with id [09CWY78kyIwGmV4L]","timestamp":"2026-07-19 20:37:03"}
{"level":"info","message":"Created ChatMessage with id [t0ZY6YZFWUtGcZBI]","timestamp":"2026-07-19 20:37:45"}
{"level":"info","message":"Dungeons & Dragons Fifth Edition update 5.3.3 is now available!","timestamp":"2026-07-19 20:38:04"}
{"level":"info","message":"Vended World data to User [YzL2W1htQr2gHsBA] in 512ms","timestamp":"2026-07-19 20:38:04"}
{"level":"info","message":"Created ChatMessage with id [w6C1wE7HxFS2c9Zo]","timestamp":"2026-07-19 20:38:06"}
{"level":"info","message":"Created ChatMessage with id [h0nYs1xYyMKz4vk7]","timestamp":"2026-07-19 20:38:16"}
{"level":"info","message":"Created ChatMessage with id [YJVNfih3R8RSKL67]","timestamp":"2026-07-19 20:40:49"}
{"level":"info","message":"Created ChatMessage with id [xHebdQaY1AUNC5KY]","timestamp":"2026-07-19 20:41:52"}
{"level":"info","message":"Created ChatMessage with id [i7H8evyXDYcVDNTC]","timestamp":"2026-07-19 20:43:31"}
{"level":"info","message":"Created ChatMessage with id [KkJoda0URk1JwQA2]","timestamp":"2026-07-19 20:44:33"}
{"level":"info","message":"Created ChatMessage with id [FIzbBv3xk4X8sh35]","timestamp":"2026-07-19 20:46:59"}
{"level":"info","message":"Created ChatMessage with id [XL8dC9YGeD4uKLhD]","timestamp":"2026-07-19 20:47:18"}
{"level":"info","message":"Dungeons & Dragons Fifth Edition update 5.3.3 is now available!","timestamp":"2026-07-19 20:47:20"}
{"level":"info","message":"Vended World data to User [YzL2W1htQr2gHsBA] in 519ms","timestamp":"2026-07-19 20:47:20"}
{"level":"info","message":"Created Actor with id [v9ZU31rByvgHfgQA]","timestamp":"2026-07-19 20:49:40"}
{"level":"info","message":"Created Token with id [mxRy6LlVjfpujsPu] in parent Scene [qbILv35hj17A2e2a]","timestamp":"2026-07-19 20:49:40"}
{"level":"info","message":"Created Token with id [vE866dyZsihFQCeg] in parent Scene [qbILv35hj17A2e2a]","timestamp":"2026-07-19 20:49:45"}
{"level":"info","message":"Created Token with id [pm1H7NRy6HmUn2OI] in parent Scene [qbILv35hj17A2e2a]","timestamp":"2026-07-19 20:49:46"}
{"level":"info","message":"Created client session 4e63f82df38d1bcc05a48dff","timestamp":"2026-07-19 20:52:11"}
{"level":"info","message":"Created Combat with id [6bRRCUhvPso3uhpG]","timestamp":"2026-07-19 20:54:05"}
{"level":"info","message":"Created Combatant with id [tQyl3cMPNZpZlIRt] in parent Combat [6bRRCUhvPso3uhpG]","timestamp":"2026-07-19 20:54:12"}
{"level":"info","message":"Created Combatant with id [RIA4n5qoKThdV1o1] in parent Combat [6bRRCUhvPso3uhpG]","timestamp":"2026-07-19 20:54:14"}
{"level":"info","message":"Created Combatant with id [rkQubwLEdGNS5WH8] in parent Combat [6bRRCUhvPso3uhpG]","timestamp":"2026-07-19 20:54:16"}
{"level":"info","message":"Created Combatant with id [H3mWa3bZ4A8XxMbO] in parent Combat [6bRRCUhvPso3uhpG]","timestamp":"2026-07-19 20:54:24"}
{"level":"info","message":"Created ActiveEffect with id [QOWJ0tTYFZMjOqDg] in parent Actor [Mzp9Dcz9ff8SEHHD]","timestamp":"2026-07-19 20:54:24"}
{"level":"info","message":"Created ChatMessage with id [XRhSc3h0bYMhIb0F]","timestamp":"2026-07-19 20:54:24"}
{"level":"info","message":"Created Combatant with id [R0ojUy5CsWIRud9X] in parent Combat [6bRRCUhvPso3uhpG]","timestamp":"2026-07-19 20:54:25"}
{"level":"info","message":"Created Combatant with id [RXACAMfFkCzCv7c9] in parent Combat [6bRRCUhvPso3uhpG]","timestamp":"2026-07-19 20:54:27"}
{"level":"info","message":"Created Region with id [XYfgpjT06NTQUYbo] in parent Scene [qbILv35hj17A2e2a]","timestamp":"2026-07-19 20:54:27"}
{"level":"info","message":"Created Combatant with id [JEUJbL9PuARLlhks] in parent Combat [6bRRCUhvPso3uhpG]","timestamp":"2026-07-19 20:54:29"}
{"level":"info","message":"Created ChatMessage with id [BzsdeOuw8Am9h6Aq]","timestamp":"2026-07-19 20:54:52"}
{"level":"info","message":"Created ChatMessage with id [EATXOAuYjBL5AO9A]","timestamp":"2026-07-19 20:54:53"}
{"level":"info","message":"Created ChatMessage with id [uLP4WuNFT5DjrgIJ]","timestamp":"2026-07-19 20:54:55"}
{"level":"info","message":"Created ChatMessage with id [hKyQSwA19rea8SbO]","timestamp":"2026-07-19 20:54:57"}
{"level":"info","message":"Created ChatMessage with id [Y9xcwSGeWj2DJKJ3]","timestamp":"2026-07-19 20:54:59"}
{"level":"info","message":"Created ChatMessage with id [D63D8socV7hsHLtO]","timestamp":"2026-07-19 20:55:01"}
{"level":"info","message":"Dungeons & Dragons Fifth Edition update 5.3.3 is now available!","timestamp":"2026-07-19 20:55:05"}
{"level":"info","message":"Vended World data to User [y8opEFHvV7c7QIhq] in 576ms","timestamp":"2026-07-19 20:55:05"}
{"level":"info","message":"Created ChatMessage with id [F9NTQLYuE0j2S8IC]","timestamp":"2026-07-19 20:55:07"}
{"level":"info","message":"Created ChatMessage with id [wq5JHY1bCaPDTAhC]","timestamp":"2026-07-19 20:58:11"}
{"level":"info","message":"Created ChatMessage with id [Qi82gBapTTv3j172]","timestamp":"2026-07-19 20:59:39"}
{"level":"info","message":"Created ChatMessage with id [UMOfPFYacfuylvtR]","timestamp":"2026-07-19 21:00:44"}
{"level":"info","message":"Dungeons & Dragons Fifth Edition update 5.3.3 is now available!","timestamp":"2026-07-19 21:00:52"}
{"level":"info","message":"Vended World data to User [YzL2W1htQr2gHsBA] in 486ms","timestamp":"2026-07-19 21:00:52"}
{"level":"info","message":"Deleted ActiveEffect with id [dnd5eexhaustion0] in parent Actor [PaW5YJwuaFlOREtj]","timestamp":"2026-07-19 21:01:59"}
{"level":"info","message":"Created ActiveEffect with id [dnd5eexhaustion0] in parent Actor [PaW5YJwuaFlOREtj]","timestamp":"2026-07-19 21:02:01"}
{"level":"info","message":"Created ChatMessage with id [2GuICfurM7yGpjH9]","timestamp":"2026-07-19 21:06:22"}
{"level":"info","message":"Created ChatMessage with id [H6NVoUMoyOura1mX]","timestamp":"2026-07-19 21:06:24"}
{"level":"info","message":"Created ChatMessage with id [pu9gy9r6E4vIWaxG]","timestamp":"2026-07-19 21:06:39"}
{"level":"info","message":"Created ActiveEffect with id [dnd5ebloodied000] in parent Actor [Mzp9Dcz9ff8SEHHD]","timestamp":"2026-07-19 21:06:54"}
{"level":"info","message":"Created ChatMessage with id [zQIq1iN1NRzQ53jc]","timestamp":"2026-07-19 21:06:54"}
{"level":"info","message":"Deleted ActiveEffect with id [QOWJ0tTYFZMjOqDg] in parent Actor [Mzp9Dcz9ff8SEHHD]","timestamp":"2026-07-19 21:08:00"}
{"level":"info","message":"Created ActiveEffect with id [dnd5econcentrati] in parent Actor [Mzp9Dcz9ff8SEHHD]","timestamp":"2026-07-19 21:08:15"}
{"level":"info","message":"Dungeons & Dragons Fifth Edition update 5.3.3 is now available!","timestamp":"2026-07-19 21:08:39"}
{"level":"info","message":"Vended World data to User [YzL2W1htQr2gHsBA] in 532ms","timestamp":"2026-07-19 21:08:40"}
{"level":"info","message":"Created client session 549f5729f76255286d4b9b84","timestamp":"2026-07-19 21:08:41"}
{"level":"info","message":"Dungeons & Dragons Fifth Edition update 5.3.3 is now available!","timestamp":"2026-07-19 21:08:43"}
{"level":"info","message":"Vended World data to User [7fNHm3YbN0rkIUxL] in 426ms","timestamp":"2026-07-19 21:08:43"}
{"level":"info","message":"Dungeons & Dragons Fifth Edition update 5.3.3 is now available!","timestamp":"2026-07-19 21:08:59"}
{"level":"info","message":"Vended World data to User [YzL2W1htQr2gHsBA] in 450ms","timestamp":"2026-07-19 21:08:59"}
{"level":"info","message":"Created ChatMessage with id [swnwE8MnI5VsDnu3]","timestamp":"2026-07-19 21:09:07"}
{"level":"info","message":"Created client session 32789f24dbdf494f62c7b0d9","timestamp":"2026-07-19 21:10:33"}
{"level":"info","message":"Created client session 70a14edc1238f7816b6e94a4","timestamp":"2026-07-19 21:10:33"}
{"level":"info","message":"Created ChatMessage with id [TEDxewHJAmYAG3y5]","timestamp":"2026-07-19 21:15:13"}
{"level":"info","message":"Created ChatMessage with id [PxDzAZ5DwRD0ICng]","timestamp":"2026-07-19 21:15:16"}
{"level":"info","message":"Created ChatMessage with id [w8pULsDDKGWFURxr]","timestamp":"2026-07-19 21:15:22"}
{"level":"info","message":"Created ChatMessage with id [0LnPOeweVkjHcc3a]","timestamp":"2026-07-19 21:15:55"}
{"level":"info","message":"Dungeons & Dragons Fifth Edition update 5.3.3 is now available!","timestamp":"2026-07-19 21:18:48"}
{"level":"info","message":"Vended World data to User [YzL2W1htQr2gHsBA] in 545ms","timestamp":"2026-07-19 21:18:48"}
{"level":"info","message":"Created ChatMessage with id [JV9zBMLix5bdcetE]","timestamp":"2026-07-19 21:19:19"}
{"level":"info","message":"Created ChatMessage with id [wOKn17KsEUlW5gQt]","timestamp":"2026-07-19 21:19:31"}
{"level":"info","message":"Created ChatMessage with id [pJr2zudzMC2IiVE0]","timestamp":"2026-07-19 21:24:41"}
{"level":"info","message":"Created ActiveEffect with id [dnd5eprone000000] in parent Actor [I4EU9sR5qy78aWKc]","timestamp":"2026-07-19 21:25:22"}
{"level":"info","message":"Created ChatMessage with id [dNPmr5KDQMKznxxR]","timestamp":"2026-07-19 21:26:32"}
{"level":"info","message":"Created ChatMessage with id [bslSEfWOK61zeMJu]","timestamp":"2026-07-19 21:26:43"}
{"level":"info","message":"Created ChatMessage with id [2dAsh9Qt3l2pjV2I]","timestamp":"2026-07-19 21:26:44"}
{"level":"info","message":"Dungeons & Dragons Fifth Edition update 5.3.3 is now available!","timestamp":"2026-07-19 21:26:50"}
{"level":"info","message":"Vended World data to User [YzL2W1htQr2gHsBA] in 514ms","timestamp":"2026-07-19 21:26:50"}
{"level":"info","message":"Created ChatMessage with id [XllHFZsoTvF2RKiG]","timestamp":"2026-07-19 21:27:16"}
{"level":"info","message":"Created ChatMessage with id [OmJPbK93bhamzc4X]","timestamp":"2026-07-19 21:27:18"}
{"level":"info","message":"Created ChatMessage with id [GV8evW5dbvwECaHI]","timestamp":"2026-07-19 21:31:25"}
{"level":"info","message":"Created ChatMessage with id [5q19CkuRgSNyFcG2]","timestamp":"2026-07-19 21:31:34"}
{"level":"info","message":"Created ChatMessage with id [CD00bGXtCc1mEzyQ]","timestamp":"2026-07-19 21:31:36"}
{"level":"info","message":"Created ChatMessage with id [CmmUnlbd4mbuF9Dn]","timestamp":"2026-07-19 21:31:55"}
{"level":"info","message":"Created ActiveEffect with id [dnd5ebloodied000] in parent Actor [Pfum2reDti6NVXIv]","timestamp":"2026-07-19 21:32:08"}
{"level":"info","message":"Created ChatMessage with id [wuHFlANF6fwSi4Lc]","timestamp":"2026-07-19 21:32:54"}
{"level":"info","message":"Created ChatMessage with id [kJuaoeC2k8hwpDzo]","timestamp":"2026-07-19 21:32:58"}
{"level":"info","message":"Created client session a4ffc2a1bfb619d1b6eba092","timestamp":"2026-07-19 21:33:33"}
{"level":"info","message":"Created ChatMessage with id [QBzp1p8SdhSt25su]","timestamp":"2026-07-19 21:36:54"}
{"level":"info","message":"Deleted Combat with id [6bRRCUhvPso3uhpG]","timestamp":"2026-07-19 21:37:37"}
{"level":"info","message":"Deleted Token with id [mxRy6LlVjfpujsPu] in parent Scene [qbILv35hj17A2e2a]","timestamp":"2026-07-19 21:37:41"}
{"level":"info","message":"Deleted Token with id [vE866dyZsihFQCeg] in parent Scene [qbILv35hj17A2e2a]","timestamp":"2026-07-19 21:37:42"}
{"level":"info","message":"Deleted Token with id [pm1H7NRy6HmUn2OI] in parent Scene [qbILv35hj17A2e2a]","timestamp":"2026-07-19 21:37:42"}
{"level":"info","message":"Deleted Region with id [XYfgpjT06NTQUYbo] in parent Scene [qbILv35hj17A2e2a]","timestamp":"2026-07-19 21:38:01"}
{"level":"info","message":"Deleted ActiveEffect with id [dnd5econcentrati] in parent Actor [Mzp9Dcz9ff8SEHHD]","timestamp":"2026-07-19 21:38:08"}
{"level":"info","message":"Created client session 83e45cdc27472af434791d48","timestamp":"2026-07-19 21:39:28"}
{"level":"info","message":"Created ChatMessage with id [mQARWXN3Cq8Y0DrH]","timestamp":"2026-07-19 21:39:33"}
{"level":"info","message":"Created ChatMessage with id [8BNndlwpKle4l3Js]","timestamp":"2026-07-19 21:39:35"}
{"level":"info","message":"Created ChatMessage with id [poI4nlRWBb6trJIk]","timestamp":"2026-07-19 21:39:36"}
{"level":"info","message":"Dungeons & Dragons Fifth Edition update 5.3.3 is now available!","timestamp":"2026-07-19 21:40:01"}
{"level":"info","message":"Vended World data to User [y8opEFHvV7c7QIhq] in 522ms","timestamp":"2026-07-19 21:40:02"}
{"level":"info","message":"Dungeons & Dragons Fifth Edition update 5.3.3 is now available!","timestamp":"2026-07-19 21:40:03"}
{"level":"info","message":"Vended World data to User [YzL2W1htQr2gHsBA] in 436ms","timestamp":"2026-07-19 21:40:03"}
{"level":"info","message":"Created ChatMessage with id [o4CLSTivzim8fAwc]","timestamp":"2026-07-19 21:40:31"}
{"level":"info","message":"Created client session 1b7346ed5c25d3807073489b","timestamp":"2026-07-19 21:43:35"}
{"level":"info","message":"Created client session 51165462ad7271c6f528b17b","timestamp":"2026-07-19 21:43:35"}
{"level":"info","message":"Created client session 2be221ddd6d62aa0a18987f8","timestamp":"2026-07-19 21:43:37"}
{"level":"info","message":"Created client session 2ac2ba0eecd0f0e7a8b48d9f","timestamp":"2026-07-19 21:43:39"}
{"level":"info","message":"Created client session edd5c0138a0de1248907d5c8","timestamp":"2026-07-19 21:43:41"}
{"level":"info","message":"Created client session 5a497f4447fe3c8c2d11255a","timestamp":"2026-07-19 21:43:43"}
{"level":"info","message":"Created client session 29c1ca5dadbfed045e8572c4","timestamp":"2026-07-19 21:43:45"}
{"level":"info","message":"Created client session 672a9e7344e3c6a99d928416","timestamp":"2026-07-19 21:43:47"}
{"level":"info","message":"Created client session 0cdb3c2a520596ecacbbd14b","timestamp":"2026-07-19 21:43:49"}
{"level":"info","message":"Created client session 4000da688eba8cba51afa59e","timestamp":"2026-07-19 21:43:50"}
{"level":"info","message":"Created client session cc42eb7224f0591bc0878a39","timestamp":"2026-07-19 21:43:52"}
{"level":"info","message":"Created client session c456646cc052738c6c23a212","timestamp":"2026-07-19 21:43:54"}
{"level":"info","message":"Created client session 75c9df2d53df9ee125996f56","timestamp":"2026-07-19 21:43:56"}
{"level":"info","message":"Created client session 4eeee66370d95cf1505efcdd","timestamp":"2026-07-19 21:43:58"}
{"level":"info","message":"Created client session 33120006cae5d0d96980a066","timestamp":"2026-07-19 21:44:00"}
{"level":"info","message":"Created client session 2fb259aafc26dc54e0069a5b","timestamp":"2026-07-19 21:44:02"}
{"level":"info","message":"Created client session 8c1d4fa456d8e6aa282c6c43","timestamp":"2026-07-19 21:44:04"}
{"level":"info","message":"Created client session bd0a25c500330e07ead75a6d","timestamp":"2026-07-19 21:44:06"}
{"level":"info","message":"Created ChatMessage with id [CZuHlSieeDX9ycGC]","timestamp":"2026-07-19 21:46:19"}
{"level":"info","message":"Created Region with id [IaP8otalESX0rFst] in parent Scene [qbILv35hj17A2e2a]","timestamp":"2026-07-19 21:46:21"}
{"level":"error","message":"The changed position {x: 1120, y: 1050, elevation: 0, width: 1, height: 1, depth: 1, shape: 4, level: defaultLevel0000} of Token [5A3HagM9TEHcBnBJ] in Scene [qbILv35hj17A2e2a] does not match the destination {x: 1120, y: 1120, elevation: 0, width: 1, height: 1, depth: 1, shape: 4, level: defaultLevel0000} of movement initiated by User [7fNHm3YbN0rkIUxL]. The movement of this Token has been prevented.","timestamp":"2026-07-19 21:48:24"}
{"level":"debug","message":"Token update prevented by _preUpdate","timestamp":"2026-07-19 21:48:24"}
{"level":"info","message":"Created Region with id [066pmteULoOAdeoJ] in parent Scene [qbILv35hj17A2e2a]","timestamp":"2026-07-19 21:48:28"}
{"level":"error","message":"The changed position {x: 1330, y: 1260, elevation: 0, width: 1, height: 1, depth: 1, shape: 4, level: defaultLevel0000} of Token [5A3HagM9TEHcBnBJ] in Scene [qbILv35hj17A2e2a] does not match the destination {x: 1330, y: 1330, elevation: 0, width: 1, height: 1, depth: 1, shape: 4, level: defaultLevel0000} of movement initiated by User [7fNHm3YbN0rkIUxL]. The movement of this Token has been prevented.","timestamp":"2026-07-19 21:48:37"}
{"level":"debug","message":"Token update prevented by _preUpdate","timestamp":"2026-07-19 21:48:37"}
{"level":"info","message":"Deleted Region with id [IaP8otalESX0rFst] in parent Scene [qbILv35hj17A2e2a]","timestamp":"2026-07-19 21:49:02"}
{"level":"info","message":"Created client session 17b1cfd9941989742cf5b3cd","timestamp":"2026-07-19 21:49:59"}
{"level":"info","message":"Created ChatMessage with id [X23rx8Wn9eSu77Fj]","timestamp":"2026-07-19 21:52:46"}
{"level":"info","message":"Deleted ChatMessage with id [X23rx8Wn9eSu77Fj]","timestamp":"2026-07-19 21:53:19"}
{"level":"info","message":"Created ChatMessage with id [T7yncz9JClenyzZI]","timestamp":"2026-07-19 21:53:41"}
{"level":"info","message":"Created client session de971ba4db43700a62444555","timestamp":"2026-07-19 22:04:05"}
{"level":"info","message":"Created Token with id [olW6GU4Z2uio9oBS] in parent Scene [qbILv35hj17A2e2a]","timestamp":"2026-07-19 22:06:59"}
{"level":"info","message":"Deleted Token with id [olW6GU4Z2uio9oBS] in parent Scene [qbILv35hj17A2e2a]","timestamp":"2026-07-19 22:07:18"}
{"level":"info","message":"Created Token with id [UnLLpotQDSLbuxrN] in parent Scene [qbILv35hj17A2e2a]","timestamp":"2026-07-19 22:07:23"}
{"level":"info","message":"Deleted Token with id [UnLLpotQDSLbuxrN] in parent Scene [qbILv35hj17A2e2a]","timestamp":"2026-07-19 22:09:44"}
{"level":"info","message":"Created ChatMessage with id [gz5c0o5g0lSBR01Q]","timestamp":"2026-07-19 22:11:47"}
{"level":"info","message":"Deleted ActiveEffect with id [dnd5eprone000000] in parent Actor [I4EU9sR5qy78aWKc]","timestamp":"2026-07-19 22:17:08"}
{"level":"info","message":"Created client session fd26f9afe8d87e6d73e80482","timestamp":"2026-07-19 22:17:32"}
{"level":"info","message":"Deleted ActiveEffect with id [dnd5ebloodied000] in parent Actor [Mzp9Dcz9ff8SEHHD]","timestamp":"2026-07-19 22:17:46"}
{"level":"info","message":"Created ChatMessage with id [GGrvCu6IFeJWSQFn]","timestamp":"2026-07-19 22:17:46"}
{"level":"info","message":"Deleted ActiveEffect with id [dnd5eexhaustion0] in parent Actor [Mzp9Dcz9ff8SEHHD]","timestamp":"2026-07-19 22:17:46"}
{"level":"info","message":"Created ChatMessage with id [KBpHlFlMn6a8MrdR]","timestamp":"2026-07-19 22:17:59"}
{"level":"info","message":"Created ChatMessage with id [vHryqWNT1Lu7KLdD]","timestamp":"2026-07-19 22:18:06"}
{"level":"info","message":"Deleted ActiveEffect with id [dnd5ebloodied000] in parent Actor [Pfum2reDti6NVXIv]","timestamp":"2026-07-19 22:18:10"}
{"level":"info","message":"Created ChatMessage with id [h3mCE5tF6cW5eu9W]","timestamp":"2026-07-19 22:18:10"}
{"level":"info","message":"Created client session 5c6844e8055ad9c4f934b6dd","timestamp":"2026-07-19 22:22:16"}
{"level":"info","message":"Created client session 50bc6944a5954ffd3ef3fa8a","timestamp":"2026-07-19 22:26:37"}
{"level":"info","message":"Created client session f7918c865175e111766e2f00","timestamp":"2026-07-19 22:26:38"}
{"level":"info","message":"Created client session 20c7d404846f812ae569a80d","timestamp":"2026-07-19 22:26:38"}
{"level":"info","message":"Created client session 65242268d709041281ab0870","timestamp":"2026-07-19 22:26:39"}
{"level":"info","message":"Created client session d96da7aec5cb5a2cf52ce9db","timestamp":"2026-07-19 22:26:39"}
{"level":"info","message":"Created client session 56a4702b3b39850e3c43d227","timestamp":"2026-07-19 22:26:40"}
{"level":"info","message":"Created client session f09c043c8b5870b790c00099","timestamp":"2026-07-19 22:26:40"}
{"level":"info","message":"Created client session e4bcbc816f362d1a4d2d9084","timestamp":"2026-07-19 22:26:40"}
{"level":"info","message":"Created client session 920bdccbc38149f499256167","timestamp":"2026-07-19 22:26:40"}
{"level":"info","message":"Created client session 432add066dbafa83a57a8e7b","timestamp":"2026-07-19 22:26:41"}
{"level":"info","message":"Created client session c243d962fc5a591204f1a33f","timestamp":"2026-07-19 22:26:41"}
{"level":"info","message":"Created client session 5c4b154c1a06408bf1092567","timestamp":"2026-07-19 22:26:41"}
{"level":"info","message":"Created client session 8e101e3c430664d78f46a00d","timestamp":"2026-07-19 22:26:42"}
{"level":"info","message":"Created client session 0c7a27f2eaeec9ba401b3c55","timestamp":"2026-07-19 22:26:42"}
{"level":"info","message":"Created client session c87675950402b168cbf6d269","timestamp":"2026-07-19 22:26:42"}
{"level":"info","message":"Created client session bc54146c4dec341a0b4b2da3","timestamp":"2026-07-19 22:26:42"}
{"level":"info","message":"Created client session 938d37f121201e40bc72748d","timestamp":"2026-07-19 22:26:43"}
{"level":"info","message":"Created client session 40464261f707412464af4c6c","timestamp":"2026-07-19 22:26:43"}
{"level":"info","message":"Created client session 16f71da83c6e5cffc2347961","timestamp":"2026-07-19 22:26:43"}
{"level":"info","message":"Created client session 9d249a73449463fa29f3a897","timestamp":"2026-07-19 22:26:44"}
{"level":"info","message":"Created client session e75aff148e017fa763ebe4d1","timestamp":"2026-07-19 22:26:44"}
{"level":"info","message":"Created client session b60c3e7c334433e556a635a2","timestamp":"2026-07-19 22:26:45"}
{"level":"info","message":"Created client session 8a6a659ec9affd3ff963cf96","timestamp":"2026-07-19 22:26:45"}
{"level":"info","message":"Created client session 94613cdb17822a915d2449bd","timestamp":"2026-07-19 22:26:45"}
{"level":"info","message":"Created client session 750288778860b48f68f9804f","timestamp":"2026-07-19 22:26:46"}
{"level":"info","message":"Created client session 845030f80aac75ed5a1c8c35","timestamp":"2026-07-19 22:26:46"}
{"level":"info","message":"Created client session fe544f65401cbf14d53c02bb","timestamp":"2026-07-19 22:26:47"}
{"level":"info","message":"Created client session 558037f1780dfef1fbe366c0","timestamp":"2026-07-19 22:26:47"}
{"level":"info","message":"Created client session e6e252a0fdeb1328eef0fc4f","timestamp":"2026-07-19 22:26:47"}
{"level":"info","message":"Created client session 3887cc2916ad36e7f31e4587","timestamp":"2026-07-19 22:26:48"}
{"level":"info","message":"Created client session d32eb5673221f92301a02f0f","timestamp":"2026-07-19 22:26:48"}
{"level":"info","message":"Created client session 4d61adc297d40bd31868e123","timestamp":"2026-07-19 22:26:48"}
{"level":"info","message":"Created client session 2f6272dd1901c6c7ba31d827","timestamp":"2026-07-19 22:26:49"}
{"level":"info","message":"Created client session e8d95b7961aeee2f457e649f","timestamp":"2026-07-19 22:26:49"}
{"level":"info","message":"Created client session 1f02faa15a84d9deb7013aad","timestamp":"2026-07-19 22:26:50"}
{"level":"info","message":"Created client session b8424b3912b7413285e24cc8","timestamp":"2026-07-19 22:26:50"}
{"level":"info","message":"Created client session a6024a808104eb8e7332be7f","timestamp":"2026-07-19 22:26:50"}
{"level":"info","message":"Created client session f278d821cc03b3024f5a8607","timestamp":"2026-07-19 22:26:51"}
{"level":"info","message":"Created client session df1a91f27f1aa244b170b5b6","timestamp":"2026-07-19 22:26:51"}
{"level":"info","message":"Created client session 270873bb53c0882de0513238","timestamp":"2026-07-19 22:26:51"}
{"level":"info","message":"Created client session 3e47126c091b93d13e2cd940","timestamp":"2026-07-19 22:26:52"}
{"level":"info","message":"Created client session 87b7e27277c53f571dbb9ac4","timestamp":"2026-07-19 22:26:52"}
{"level":"info","message":"Created client session 232d6e1f0c7c7606ff80a944","timestamp":"2026-07-19 22:26:52"}
{"level":"info","message":"Created client session ff5a33095318e378cb6b1878","timestamp":"2026-07-19 22:26:53"}
{"level":"info","message":"Created client session f8a5acfa67fdd7a2b235d5b8","timestamp":"2026-07-19 22:26:53"}
{"level":"info","message":"Created client session 38b8db79074f87b6cfbbdc80","timestamp":"2026-07-19 22:26:53"}
{"level":"info","message":"Created client session 20eb9c3f5147368ff8f4ae8b","timestamp":"2026-07-19 22:29:18"}
{"level":"info","message":"Dungeons & Dragons Fifth Edition update 5.3.3 is now available!","timestamp":"2026-07-19 22:38:46"}
{"level":"info","message":"Vended World data to User [YzL2W1htQr2gHsBA] in 520ms","timestamp":"2026-07-19 22:38:46"}
{"level":"info","message":"Logged user YzL2W1htQr2gHsBA out of active World","timestamp":"2026-07-19 22:38:50"}
{"level":"info","message":"Downloading package - 0%","timestamp":"2026-07-19 22:39:01"}
{"level":"info","message":"Downloading package - 1%","timestamp":"2026-07-19 22:39:01"}
{"level":"info","message":"Downloading package - 2%","timestamp":"2026-07-19 22:39:01"}
{"level":"info","message":"Downloading package - 3%","timestamp":"2026-07-19 22:39:01"}
{"level":"info","message":"Downloading package - 4%","timestamp":"2026-07-19 22:39:01"}
{"level":"info","message":"Downloading package - 5%","timestamp":"2026-07-19 22:39:01"}
{"level":"info","message":"Downloading package - 6%","timestamp":"2026-07-19 22:39:01"}
{"level":"info","message":"Downloading package - 7%","timestamp":"2026-07-19 22:39:01"}
{"level":"info","message":"Downloading package - 8%","timestamp":"2026-07-19 22:39:01"}
{"level":"info","message":"Downloading package - 9%","timestamp":"2026-07-19 22:39:01"}
{"level":"info","message":"Downloading package - 10%","timestamp":"2026-07-19 22:39:01"}
{"level":"info","message":"Downloading package - 11%","timestamp":"2026-07-19 22:39:01"}
{"level":"info","message":"Downloading package - 12%","timestamp":"2026-07-19 22:39:01"}
{"level":"info","message":"Downloading package - 13%","timestamp":"2026-07-19 22:39:01"}
{"level":"info","message":"Downloading package - 14%","timestamp":"2026-07-19 22:39:01"}
{"level":"info","message":"Downloading package - 15%","timestamp":"2026-07-19 22:39:01"}
{"level":"info","message":"Downloading package - 16%","timestamp":"2026-07-19 22:39:01"}
{"level":"info","message":"Downloading package - 17%","timestamp":"2026-07-19 22:39:01"}
{"level":"info","message":"Downloading package - 18%","timestamp":"2026-07-19 22:39:01"}
{"level":"info","message":"Downloading package - 19%","timestamp":"2026-07-19 22:39:01"}
{"level":"info","message":"Downloading package - 20%","timestamp":"2026-07-19 22:39:01"}
{"level":"info","message":"Downloading package - 21%","timestamp":"2026-07-19 22:39:01"}
{"level":"info","message":"Downloading package - 22%","timestamp":"2026-07-19 22:39:01"}
{"level":"info","message":"Downloading package - 23%","timestamp":"2026-07-19 22:39:01"}
{"level":"info","message":"Downloading package - 24%","timestamp":"2026-07-19 22:39:01"}
{"level":"info","message":"Downloading package - 25%","timestamp":"2026-07-19 22:39:01"}
{"level":"info","message":"Downloading package - 26%","timestamp":"2026-07-19 22:39:01"}
{"level":"info","message":"Downloading package - 27%","timestamp":"2026-07-19 22:39:01"}
{"level":"info","message":"Downloading package - 28%","timestamp":"2026-07-19 22:39:01"}
{"level":"info","message":"Downloading package - 29%","timestamp":"2026-07-19 22:39:01"}
{"level":"info","message":"Downloading package - 30%","timestamp":"2026-07-19 22:39:01"}
{"level":"info","message":"Downloading package - 31%","timestamp":"2026-07-19 22:39:01"}
{"level":"info","message":"Downloading package - 32%","timestamp":"2026-07-19 22:39:01"}
{"level":"info","message":"Downloading package - 33%","timestamp":"2026-07-19 22:39:01"}
{"level":"info","message":"Downloading package - 34%","timestamp":"2026-07-19 22:39:01"}
{"level":"info","message":"Downloading package - 35%","timestamp":"2026-07-19 22:39:01"}
{"level":"info","message":"Downloading package - 36%","timestamp":"2026-07-19 22:39:01"}
{"level":"info","message":"Downloading package - 37%","timestamp":"2026-07-19 22:39:01"}
{"level":"info","message":"Downloading package - 38%","timestamp":"2026-07-19 22:39:01"}
{"level":"info","message":"Downloading package - 39%","timestamp":"2026-07-19 22:39:01"}
{"level":"info","message":"Downloading package - 40%","timestamp":"2026-07-19 22:39:01"}
{"level":"info","message":"Downloading package - 41%","timestamp":"2026-07-19 22:39:01"}
{"level":"info","message":"Downloading package - 42%","timestamp":"2026-07-19 22:39:01"}
{"level":"info","message":"Downloading package - 43%","timestamp":"2026-07-19 22:39:01"}
{"level":"info","message":"Downloading package - 44%","timestamp":"2026-07-19 22:39:01"}
{"level":"info","message":"Downloading package - 45%","timestamp":"2026-07-19 22:39:01"}
{"level":"info","message":"Downloading package - 46%","timestamp":"2026-07-19 22:39:01"}
{"level":"info","message":"Downloading package - 47%","timestamp":"2026-07-19 22:39:01"}
{"level":"info","message":"Downloading package - 48%","timestamp":"2026-07-19 22:39:01"}
{"level":"info","message":"Downloading package - 49%","timestamp":"2026-07-19 22:39:01"}
{"level":"info","message":"Downloading package - 50%","timestamp":"2026-07-19 22:39:01"}
{"level":"info","message":"Downloading package - 51%","timestamp":"2026-07-19 22:39:01"}
{"level":"info","message":"Downloading package - 52%","timestamp":"2026-07-19 22:39:01"}
{"level":"info","message":"Downloading package - 53%","timestamp":"2026-07-19 22:39:01"}
{"level":"info","message":"Downloading package - 54%","timestamp":"2026-07-19 22:39:01"}
{"level":"info","message":"Downloading package - 55%","timestamp":"2026-07-19 22:39:01"}
{"level":"info","message":"Downloading package - 56%","timestamp":"2026-07-19 22:39:01"}
{"level":"info","message":"Downloading package - 57%","timestamp":"2026-07-19 22:39:01"}
{"level":"info","message":"Downloading package - 58%","timestamp":"2026-07-19 22:39:01"}
{"level":"info","message":"Downloading package - 59%","timestamp":"2026-07-19 22:39:01"}
{"level":"info","message":"Downloading package - 60%","timestamp":"2026-07-19 22:39:01"}
{"level":"info","message":"Downloading package - 61%","timestamp":"2026-07-19 22:39:01"}
{"level":"info","message":"Downloading package - 62%","timestamp":"2026-07-19 22:39:01"}
{"level":"info","message":"Downloading package - 63%","timestamp":"2026-07-19 22:39:01"}
{"level":"info","message":"Downloading package - 64%","timestamp":"2026-07-19 22:39:01"}
{"level":"info","message":"Downloading package - 65%","timestamp":"2026-07-19 22:39:01"}
{"level":"info","message":"Downloading package - 66%","timestamp":"2026-07-19 22:39:01"}
{"level":"info","message":"Downloading package - 67%","timestamp":"2026-07-19 22:39:01"}
{"level":"info","message":"Downloading package - 68%","timestamp":"2026-07-19 22:39:01"}
{"level":"info","message":"Downloading package - 69%","timestamp":"2026-07-19 22:39:01"}
{"level":"info","message":"Downloading package - 70%","timestamp":"2026-07-19 22:39:01"}
{"level":"info","message":"Downloading package - 71%","timestamp":"2026-07-19 22:39:01"}
{"level":"info","message":"Downloading package - 72%","timestamp":"2026-07-19 22:39:01"}
{"level":"info","message":"Downloading package - 73%","timestamp":"2026-07-19 22:39:01"}
{"level":"info","message":"Downloading package - 74%","timestamp":"2026-07-19 22:39:01"}
{"level":"info","message":"Downloading package - 75%","timestamp":"2026-07-19 22:39:01"}
{"level":"info","message":"Downloading package - 76%","timestamp":"2026-07-19 22:39:01"}
{"level":"info","message":"Downloading package - 77%","timestamp":"2026-07-19 22:39:01"}
{"level":"info","message":"Downloading package - 78%","timestamp":"2026-07-19 22:39:01"}
{"level":"info","message":"Downloading package - 79%","timestamp":"2026-07-19 22:39:01"}
{"level":"info","message":"Downloading package - 80%","timestamp":"2026-07-19 22:39:01"}
{"level":"info","message":"Downloading package - 81%","timestamp":"2026-07-19 22:39:01"}
{"level":"info","message":"Downloading package - 82%","timestamp":"2026-07-19 22:39:01"}
{"level":"info","message":"Downloading package - 83%","timestamp":"2026-07-19 22:39:01"}
{"level":"info","message":"Downloading package - 84%","timestamp":"2026-07-19 22:39:01"}
{"level":"info","message":"Downloading package - 85%","timestamp":"2026-07-19 22:39:01"}
{"level":"info","message":"Downloading package - 86%","timestamp":"2026-07-19 22:39:01"}
{"level":"info","message":"Downloading package - 87%","timestamp":"2026-07-19 22:39:01"}
{"level":"info","message":"Downloading package - 88%","timestamp":"2026-07-19 22:39:01"}
{"level":"info","message":"Downloading package - 89%","timestamp":"2026-07-19 22:39:01"}
{"level":"info","message":"Downloading package - 90%","timestamp":"2026-07-19 22:39:01"}
{"level":"info","message":"Downloading package - 91%","timestamp":"2026-07-19 22:39:01"}
{"level":"info","message":"Downloading package - 92%","timestamp":"2026-07-19 22:39:01"}
{"level":"info","message":"Downloading package - 93%","timestamp":"2026-07-19 22:39:01"}
{"level":"info","message":"Downloading package - 94%","timestamp":"2026-07-19 22:39:01"}
{"level":"info","message":"Downloading package - 95%","timestamp":"2026-07-19 22:39:01"}
{"level":"info","message":"Downloading package - 96%","timestamp":"2026-07-19 22:39:01"}
{"level":"info","message":"Downloading package - 97%","timestamp":"2026-07-19 22:39:01"}
{"level":"info","message":"Downloading package - 98%","timestamp":"2026-07-19 22:39:01"}
{"level":"info","message":"Downloading package - 99%","timestamp":"2026-07-19 22:39:01"}
{"level":"info","message":"Downloading package - 100%","timestamp":"2026-07-19 22:39:01"}
{"level":"info","message":"Installing package - 0%","timestamp":"2026-07-19 22:39:01"}
{"level":"info","message":"Installing package - 1%","timestamp":"2026-07-19 22:39:01"}
{"level":"info","message":"Installing package - 2%","timestamp":"2026-07-19 22:39:01"}
{"level":"info","message":"Installing package - 3%","timestamp":"2026-07-19 22:39:01"}
{"level":"info","message":"Installing package - 4%","timestamp":"2026-07-19 22:39:01"}
{"level":"info","message":"Installing package - 5%","timestamp":"2026-07-19 22:39:01"}
{"level":"info","message":"Installing package - 6%","timestamp":"2026-07-19 22:39:01"}
{"level":"info","message":"Installing package - 7%","timestamp":"2026-07-19 22:39:01"}
{"level":"info","message":"Installing package - 8%","timestamp":"2026-07-19 22:39:01"}
{"level":"info","message":"Installing package - 9%","timestamp":"2026-07-19 22:39:01"}
{"level":"info","message":"Installing package - 10%","timestamp":"2026-07-19 22:39:01"}
{"level":"info","message":"Installing package - 11%","timestamp":"2026-07-19 22:39:01"}
{"level":"info","message":"Installing package - 12%","timestamp":"2026-07-19 22:39:01"}
{"level":"info","message":"Installing package - 13%","timestamp":"2026-07-19 22:39:01"}
{"level":"info","message":"Installing package - 14%","timestamp":"2026-07-19 22:39:01"}
{"level":"info","message":"Installing package - 15%","timestamp":"2026-07-19 22:39:01"}
{"level":"info","message":"Installing package - 16%","timestamp":"2026-07-19 22:39:01"}
{"level":"info","message":"Installing package - 17%","timestamp":"2026-07-19 22:39:01"}
{"level":"info","message":"Installing package - 18%","timestamp":"2026-07-19 22:39:01"}
{"level":"info","message":"Installing package - 19%","timestamp":"2026-07-19 22:39:01"}
{"level":"info","message":"Installing package - 20%","timestamp":"2026-07-19 22:39:01"}
{"level":"info","message":"Installing package - 21%","timestamp":"2026-07-19 22:39:01"}
{"level":"info","message":"Installing package - 22%","timestamp":"2026-07-19 22:39:01"}
{"level":"info","message":"Installing package - 23%","timestamp":"2026-07-19 22:39:01"}
{"level":"info","message":"Installing package - 24%","timestamp":"2026-07-19 22:39:01"}
{"level":"info","message":"Installing package - 25%","timestamp":"2026-07-19 22:39:01"}
{"level":"info","message":"Installing package - 26%","timestamp":"2026-07-19 22:39:01"}
{"level":"info","message":"Installing package - 27%","timestamp":"2026-07-19 22:39:01"}
{"level":"info","message":"Installing package - 28%","timestamp":"2026-07-19 22:39:01"}
{"level":"info","message":"Installing package - 29%","timestamp":"2026-07-19 22:39:01"}
{"level":"info","message":"Installing package - 30%","timestamp":"2026-07-19 22:39:01"}
{"level":"info","message":"Installing package - 31%","timestamp":"2026-07-19 22:39:01"}
{"level":"info","message":"Installing package - 32%","timestamp":"2026-07-19 22:39:01"}
{"level":"info","message":"Installing package - 33%","timestamp":"2026-07-19 22:39:01"}
{"level":"info","message":"Installing package - 34%","timestamp":"2026-07-19 22:39:01"}
{"level":"info","message":"Installing package - 35%","timestamp":"2026-07-19 22:39:01"}
{"level":"info","message":"Installing package - 36%","timestamp":"2026-07-19 22:39:01"}
{"level":"info","message":"Installing package - 37%","timestamp":"2026-07-19 22:39:01"}
{"level":"info","message":"Installing package - 38%","timestamp":"2026-07-19 22:39:01"}
{"level":"info","message":"Installing package - 39%","timestamp":"2026-07-19 22:39:01"}
{"level":"info","message":"Installing package - 40%","timestamp":"2026-07-19 22:39:01"}
{"level":"info","message":"Installing package - 41%","timestamp":"2026-07-19 22:39:01"}
{"level":"info","message":"Installing package - 42%","timestamp":"2026-07-19 22:39:01"}
{"level":"info","message":"Installing package - 43%","timestamp":"2026-07-19 22:39:01"}
{"level":"info","message":"Installing package - 44%","timestamp":"2026-07-19 22:39:01"}
{"level":"info","message":"Installing package - 45%","timestamp":"2026-07-19 22:39:01"}
{"level":"info","message":"Installing package - 46%","timestamp":"2026-07-19 22:39:01"}
{"level":"info","message":"Installing package - 47%","timestamp":"2026-07-19 22:39:01"}
{"level":"info","message":"Installing package - 48%","timestamp":"2026-07-19 22:39:01"}
{"level":"info","message":"Installing package - 49%","timestamp":"2026-07-19 22:39:02"}
{"level":"info","message":"Installing package - 50%","timestamp":"2026-07-19 22:39:02"}
{"level":"info","message":"Installing package - 51%","timestamp":"2026-07-19 22:39:02"}
{"level":"info","message":"Installing package - 52%","timestamp":"2026-07-19 22:39:02"}
{"level":"info","message":"Installing package - 53%","timestamp":"2026-07-19 22:39:02"}
{"level":"info","message":"Installing package - 54%","timestamp":"2026-07-19 22:39:02"}
{"level":"info","message":"Installing package - 55%","timestamp":"2026-07-19 22:39:02"}
{"level":"info","message":"Installing package - 56%","timestamp":"2026-07-19 22:39:02"}
{"level":"info","message":"Installing package - 57%","timestamp":"2026-07-19 22:39:02"}
{"level":"info","message":"Installing package - 58%","timestamp":"2026-07-19 22:39:02"}
{"level":"info","message":"Installing package - 59%","timestamp":"2026-07-19 22:39:02"}
{"level":"info","message":"Installing package - 60%","timestamp":"2026-07-19 22:39:02"}
{"level":"info","message":"Installing package - 61%","timestamp":"2026-07-19 22:39:02"}
{"level":"info","message":"Installing package - 62%","timestamp":"2026-07-19 22:39:02"}
{"level":"info","message":"Installing package - 63%","timestamp":"2026-07-19 22:39:02"}
{"level":"info","message":"Installing package - 64%","timestamp":"2026-07-19 22:39:02"}
{"level":"info","message":"Installing package - 65%","timestamp":"2026-07-19 22:39:02"}
{"level":"info","message":"Installing package - 66%","timestamp":"2026-07-19 22:39:02"}
{"level":"info","message":"Installing package - 67%","timestamp":"2026-07-19 22:39:02"}
{"level":"info","message":"Installing package - 68%","timestamp":"2026-07-19 22:39:02"}
{"level":"info","message":"Installing package - 69%","timestamp":"2026-07-19 22:39:02"}
{"level":"info","message":"Installing package - 70%","timestamp":"2026-07-19 22:39:02"}
{"level":"info","message":"Installing package - 71%","timestamp":"2026-07-19 22:39:02"}
{"level":"info","message":"Installing package - 72%","timestamp":"2026-07-19 22:39:02"}
{"level":"info","message":"Installing package - 73%","timestamp":"2026-07-19 22:39:02"}
{"level":"info","message":"Installing package - 74%","timestamp":"2026-07-19 22:39:02"}
{"level":"info","message":"Installing package - 75%","timestamp":"2026-07-19 22:39:02"}
{"level":"info","message":"Installing package - 76%","timestamp":"2026-07-19 22:39:02"}
{"level":"info","message":"Installing package - 77%","timestamp":"2026-07-19 22:39:02"}
{"level":"info","message":"Installing package - 78%","timestamp":"2026-07-19 22:39:02"}
{"level":"info","message":"Installing package - 79%","timestamp":"2026-07-19 22:39:02"}
{"level":"info","message":"Installing package - 80%","timestamp":"2026-07-19 22:39:02"}
{"level":"info","message":"Installing package - 81%","timestamp":"2026-07-19 22:39:02"}
{"level":"info","message":"Installing package - 82%","timestamp":"2026-07-19 22:39:02"}
{"level":"info","message":"Installing package - 83%","timestamp":"2026-07-19 22:39:02"}
{"level":"info","message":"Installing package - 84%","timestamp":"2026-07-19 22:39:02"}
{"level":"info","message":"Installing package - 85%","timestamp":"2026-07-19 22:39:02"}
{"level":"info","message":"Installing package - 86%","timestamp":"2026-07-19 22:39:02"}
{"level":"info","message":"Installing package - 87%","timestamp":"2026-07-19 22:39:02"}
{"level":"info","message":"Installing package - 88%","timestamp":"2026-07-19 22:39:02"}
{"level":"info","message":"Installing package - 89%","timestamp":"2026-07-19 22:39:02"}
{"level":"info","message":"Installing package - 90%","timestamp":"2026-07-19 22:39:02"}
{"level":"info","message":"Installing package - 91%","timestamp":"2026-07-19 22:39:02"}
{"level":"info","message":"Installing package - 92%","timestamp":"2026-07-19 22:39:02"}
{"level":"info","message":"Installing package - 93%","timestamp":"2026-07-19 22:39:02"}
{"level":"info","message":"Installing package - 94%","timestamp":"2026-07-19 22:39:02"}
{"level":"info","message":"Installing package - 95%","timestamp":"2026-07-19 22:39:02"}
{"level":"info","message":"Installing package - 96%","timestamp":"2026-07-19 22:39:02"}
{"level":"info","message":"Installing package - 97%","timestamp":"2026-07-19 22:39:02"}
{"level":"info","message":"Installing package - 98%","timestamp":"2026-07-19 22:39:02"}
{"level":"info","message":"Installing package - 99%","timestamp":"2026-07-19 22:39:02"}
{"level":"info","message":"Installing package - 100%","timestamp":"2026-07-19 22:39:02"}
{"level":"info","message":"Installed system dnd5e","timestamp":"2026-07-19 22:39:02"}
{"level":"info","message":"complete - 100%","timestamp":"2026-07-19 22:39:02"}
{"level":"info","message":"Applied sidegrade metadata updates to module ddb-importer","timestamp":"2026-07-19 22:39:15"}
{"level":"info","message":"Downloading package - 0%","timestamp":"2026-07-19 22:39:15"}
{"level":"info","message":"Downloading package - 1%","timestamp":"2026-07-19 22:39:15"}
{"level":"info","message":"Downloading package - 2%","timestamp":"2026-07-19 22:39:15"}
{"level":"info","message":"Downloading package - 3%","timestamp":"2026-07-19 22:39:15"}
{"level":"info","message":"Downloading package - 4%","timestamp":"2026-07-19 22:39:15"}
{"level":"info","message":"Downloading package - 5%","timestamp":"2026-07-19 22:39:15"}
{"level":"info","message":"Downloading package - 6%","timestamp":"2026-07-19 22:39:15"}
{"level":"info","message":"Downloading package - 7%","timestamp":"2026-07-19 22:39:15"}
{"level":"info","message":"Downloading package - 8%","timestamp":"2026-07-19 22:39:15"}
{"level":"info","message":"Downloading package - 9%","timestamp":"2026-07-19 22:39:15"}
{"level":"info","message":"Downloading package - 10%","timestamp":"2026-07-19 22:39:15"}
{"level":"info","message":"Downloading package - 11%","timestamp":"2026-07-19 22:39:15"}
{"level":"info","message":"Downloading package - 12%","timestamp":"2026-07-19 22:39:15"}
{"level":"info","message":"Downloading package - 13%","timestamp":"2026-07-19 22:39:15"}
{"level":"info","message":"Downloading package - 14%","timestamp":"2026-07-19 22:39:15"}
{"level":"info","message":"Downloading package - 15%","timestamp":"2026-07-19 22:39:15"}
{"level":"info","message":"Downloading package - 16%","timestamp":"2026-07-19 22:39:15"}
{"level":"info","message":"Downloading package - 17%","timestamp":"2026-07-19 22:39:15"}
{"level":"info","message":"Downloading package - 18%","timestamp":"2026-07-19 22:39:15"}
{"level":"info","message":"Downloading package - 19%","timestamp":"2026-07-19 22:39:15"}
{"level":"info","message":"Downloading package - 20%","timestamp":"2026-07-19 22:39:15"}
{"level":"info","message":"Downloading package - 21%","timestamp":"2026-07-19 22:39:15"}
{"level":"info","message":"Downloading package - 22%","timestamp":"2026-07-19 22:39:15"}
{"level":"info","message":"Downloading package - 23%","timestamp":"2026-07-19 22:39:15"}
{"level":"info","message":"Downloading package - 24%","timestamp":"2026-07-19 22:39:15"}
{"level":"info","message":"Downloading package - 25%","timestamp":"2026-07-19 22:39:15"}
{"level":"info","message":"Downloading package - 26%","timestamp":"2026-07-19 22:39:15"}
{"level":"info","message":"Downloading package - 27%","timestamp":"2026-07-19 22:39:15"}
{"level":"info","message":"Downloading package - 28%","timestamp":"2026-07-19 22:39:15"}
{"level":"info","message":"Downloading package - 29%","timestamp":"2026-07-19 22:39:15"}
{"level":"info","message":"Downloading package - 30%","timestamp":"2026-07-19 22:39:15"}
{"level":"info","message":"Downloading package - 31%","timestamp":"2026-07-19 22:39:15"}
{"level":"info","message":"Downloading package - 32%","timestamp":"2026-07-19 22:39:15"}
{"level":"info","message":"Downloading package - 33%","timestamp":"2026-07-19 22:39:15"}
{"level":"info","message":"Downloading package - 34%","timestamp":"2026-07-19 22:39:15"}
{"level":"info","message":"Downloading package - 35%","timestamp":"2026-07-19 22:39:15"}
{"level":"info","message":"Downloading package - 36%","timestamp":"2026-07-19 22:39:15"}
{"level":"info","message":"Downloading package - 37%","timestamp":"2026-07-19 22:39:15"}
{"level":"info","message":"Downloading package - 38%","timestamp":"2026-07-19 22:39:15"}
{"level":"info","message":"Downloading package - 39%","timestamp":"2026-07-19 22:39:15"}
{"level":"info","message":"Downloading package - 40%","timestamp":"2026-07-19 22:39:15"}
{"level":"info","message":"Downloading package - 41%","timestamp":"2026-07-19 22:39:15"}
{"level":"info","message":"Downloading package - 42%","timestamp":"2026-07-19 22:39:15"}
{"level":"info","message":"Downloading package - 43%","timestamp":"2026-07-19 22:39:15"}
{"level":"info","message":"Downloading package - 44%","timestamp":"2026-07-19 22:39:15"}
{"level":"info","message":"Downloading package - 45%","timestamp":"2026-07-19 22:39:15"}
{"level":"info","message":"Downloading package - 46%","timestamp":"2026-07-19 22:39:15"}
{"level":"info","message":"Downloading package - 47%","timestamp":"2026-07-19 22:39:15"}
{"level":"info","message":"Downloading package - 48%","timestamp":"2026-07-19 22:39:15"}
{"level":"info","message":"Downloading package - 49%","timestamp":"2026-07-19 22:39:15"}
{"level":"info","message":"Downloading package - 50%","timestamp":"2026-07-19 22:39:15"}
{"level":"info","message":"Downloading package - 51%","timestamp":"2026-07-19 22:39:15"}
{"level":"info","message":"Downloading package - 52%","timestamp":"2026-07-19 22:39:15"}
{"level":"info","message":"Downloading package - 53%","timestamp":"2026-07-19 22:39:15"}
{"level":"info","message":"Downloading package - 54%","timestamp":"2026-07-19 22:39:15"}
{"level":"info","message":"Downloading package - 55%","timestamp":"2026-07-19 22:39:15"}
{"level":"info","message":"Downloading package - 56%","timestamp":"2026-07-19 22:39:15"}
{"level":"info","message":"Downloading package - 57%","timestamp":"2026-07-19 22:39:15"}
{"level":"info","message":"Downloading package - 58%","timestamp":"2026-07-19 22:39:15"}
{"level":"info","message":"Downloading package - 59%","timestamp":"2026-07-19 22:39:15"}
{"level":"info","message":"Downloading package - 60%","timestamp":"2026-07-19 22:39:15"}
{"level":"info","message":"Downloading package - 61%","timestamp":"2026-07-19 22:39:15"}
{"level":"info","message":"Downloading package - 62%","timestamp":"2026-07-19 22:39:15"}
{"level":"info","message":"Downloading package - 63%","timestamp":"2026-07-19 22:39:15"}
{"level":"info","message":"Downloading package - 64%","timestamp":"2026-07-19 22:39:15"}
{"level":"info","message":"Downloading package - 65%","timestamp":"2026-07-19 22:39:15"}
{"level":"info","message":"Downloading package - 66%","timestamp":"2026-07-19 22:39:15"}
{"level":"info","message":"Downloading package - 67%","timestamp":"2026-07-19 22:39:15"}
{"level":"info","message":"Downloading package - 68%","timestamp":"2026-07-19 22:39:15"}
{"level":"info","message":"Downloading package - 69%","timestamp":"2026-07-19 22:39:15"}
{"level":"info","message":"Downloading package - 70%","timestamp":"2026-07-19 22:39:15"}
{"level":"info","message":"Downloading package - 71%","timestamp":"2026-07-19 22:39:15"}
{"level":"info","message":"Downloading package - 72%","timestamp":"2026-07-19 22:39:15"}
{"level":"info","message":"Downloading package - 73%","timestamp":"2026-07-19 22:39:15"}
{"level":"info","message":"Downloading package - 74%","timestamp":"2026-07-19 22:39:15"}
{"level":"info","message":"Downloading package - 75%","timestamp":"2026-07-19 22:39:15"}
{"level":"info","message":"Downloading package - 76%","timestamp":"2026-07-19 22:39:15"}
{"level":"info","message":"Downloading package - 77%","timestamp":"2026-07-19 22:39:15"}
{"level":"info","message":"Downloading package - 78%","timestamp":"2026-07-19 22:39:15"}
{"level":"info","message":"Downloading package - 79%","timestamp":"2026-07-19 22:39:15"}
{"level":"info","message":"Downloading package - 80%","timestamp":"2026-07-19 22:39:15"}
{"level":"info","message":"Downloading package - 81%","timestamp":"2026-07-19 22:39:15"}
{"level":"info","message":"Downloading package - 82%","timestamp":"2026-07-19 22:39:15"}
{"level":"info","message":"Downloading package - 83%","timestamp":"2026-07-19 22:39:15"}
{"level":"info","message":"Downloading package - 84%","timestamp":"2026-07-19 22:39:15"}
{"level":"info","message":"Downloading package - 85%","timestamp":"2026-07-19 22:39:15"}
{"level":"info","message":"Downloading package - 86%","timestamp":"2026-07-19 22:39:15"}
{"level":"info","message":"Downloading package - 87%","timestamp":"2026-07-19 22:39:15"}
{"level":"info","message":"Downloading package - 88%","timestamp":"2026-07-19 22:39:15"}
{"level":"info","message":"Downloading package - 89%","timestamp":"2026-07-19 22:39:15"}
{"level":"info","message":"Downloading package - 90%","timestamp":"2026-07-19 22:39:15"}
{"level":"info","message":"Downloading package - 91%","timestamp":"2026-07-19 22:39:15"}
{"level":"info","message":"Downloading package - 92%","timestamp":"2026-07-19 22:39:15"}
{"level":"info","message":"Downloading package - 93%","timestamp":"2026-07-19 22:39:15"}
{"level":"info","message":"Downloading package - 94%","timestamp":"2026-07-19 22:39:15"}
{"level":"info","message":"Downloading package - 95%","timestamp":"2026-07-19 22:39:15"}
{"level":"info","message":"Downloading package - 96%","timestamp":"2026-07-19 22:39:15"}
{"level":"info","message":"Downloading package - 97%","timestamp":"2026-07-19 22:39:15"}
{"level":"info","message":"Downloading package - 98%","timestamp":"2026-07-19 22:39:15"}
{"level":"info","message":"Downloading package - 99%","timestamp":"2026-07-19 22:39:15"}
{"level":"info","message":"Downloading package - 100%","timestamp":"2026-07-19 22:39:15"}
{"level":"info","message":"Installing package - 0%","timestamp":"2026-07-19 22:39:15"}
{"level":"info","message":"Installing package - 1%","timestamp":"2026-07-19 22:39:15"}
{"level":"info","message":"Installing package - 2%","timestamp":"2026-07-19 22:39:16"}
{"level":"info","message":"Installing package - 3%","timestamp":"2026-07-19 22:39:16"}
{"level":"info","message":"Installing package - 4%","timestamp":"2026-07-19 22:39:16"}
{"level":"info","message":"Installing package - 5%","timestamp":"2026-07-19 22:39:16"}
{"level":"info","message":"Installing package - 6%","timestamp":"2026-07-19 22:39:16"}
{"level":"info","message":"Installing package - 7%","timestamp":"2026-07-19 22:39:16"}
{"level":"info","message":"Installing package - 8%","timestamp":"2026-07-19 22:39:16"}
{"level":"info","message":"Installing package - 9%","timestamp":"2026-07-19 22:39:16"}
{"level":"info","message":"Installing package - 10%","timestamp":"2026-07-19 22:39:16"}
{"level":"info","message":"Installing package - 11%","timestamp":"2026-07-19 22:39:16"}
{"level":"info","message":"Installing package - 12%","timestamp":"2026-07-19 22:39:16"}
{"level":"info","message":"Installing package - 13%","timestamp":"2026-07-19 22:39:16"}
{"level":"info","message":"Installing package - 14%","timestamp":"2026-07-19 22:39:16"}
{"level":"info","message":"Installing package - 15%","timestamp":"2026-07-19 22:39:16"}
{"level":"info","message":"Installing package - 16%","timestamp":"2026-07-19 22:39:16"}
{"level":"info","message":"Installing package - 17%","timestamp":"2026-07-19 22:39:16"}
{"level":"info","message":"Installing package - 18%","timestamp":"2026-07-19 22:39:16"}
{"level":"info","message":"Installing package - 19%","timestamp":"2026-07-19 22:39:16"}
{"level":"info","message":"Installing package - 20%","timestamp":"2026-07-19 22:39:16"}
{"level":"info","message":"Installing package - 21%","timestamp":"2026-07-19 22:39:16"}
{"level":"info","message":"Installing package - 22%","timestamp":"2026-07-19 22:39:16"}
{"level":"info","message":"Installing package - 23%","timestamp":"2026-07-19 22:39:16"}
{"level":"info","message":"Installing package - 24%","timestamp":"2026-07-19 22:39:16"}
{"level":"info","message":"Installing package - 25%","timestamp":"2026-07-19 22:39:16"}
{"level":"info","message":"Installing package - 26%","timestamp":"2026-07-19 22:39:16"}
{"level":"info","message":"Installing package - 27%","timestamp":"2026-07-19 22:39:16"}
{"level":"info","message":"Installing package - 28%","timestamp":"2026-07-19 22:39:16"}
{"level":"info","message":"Installing package - 29%","timestamp":"2026-07-19 22:39:16"}
{"level":"info","message":"Installing package - 30%","timestamp":"2026-07-19 22:39:16"}
{"level":"info","message":"Installing package - 31%","timestamp":"2026-07-19 22:39:16"}
{"level":"info","message":"Installing package - 32%","timestamp":"2026-07-19 22:39:16"}
{"level":"info","message":"Installing package - 33%","timestamp":"2026-07-19 22:39:16"}
{"level":"info","message":"Installing package - 34%","timestamp":"2026-07-19 22:39:16"}
{"level":"info","message":"Installing package - 35%","timestamp":"2026-07-19 22:39:16"}
{"level":"info","message":"Installing package - 36%","timestamp":"2026-07-19 22:39:16"}
{"level":"info","message":"Installing package - 37%","timestamp":"2026-07-19 22:39:16"}
{"level":"info","message":"Installing package - 38%","timestamp":"2026-07-19 22:39:16"}
{"level":"info","message":"Installing package - 39%","timestamp":"2026-07-19 22:39:16"}
{"level":"info","message":"Installing package - 40%","timestamp":"2026-07-19 22:39:16"}
{"level":"info","message":"Installing package - 41%","timestamp":"2026-07-19 22:39:16"}
{"level":"info","message":"Installing package - 42%","timestamp":"2026-07-19 22:39:16"}
{"level":"info","message":"Installing package - 43%","timestamp":"2026-07-19 22:39:16"}
{"level":"info","message":"Installing package - 44%","timestamp":"2026-07-19 22:39:16"}
{"level":"info","message":"Installing package - 45%","timestamp":"2026-07-19 22:39:16"}
{"level":"info","message":"Installing package - 46%","timestamp":"2026-07-19 22:39:16"}
{"level":"info","message":"Installing package - 47%","timestamp":"2026-07-19 22:39:16"}
{"level":"info","message":"Installing package - 48%","timestamp":"2026-07-19 22:39:16"}
{"level":"info","message":"Installing package - 49%","timestamp":"2026-07-19 22:39:16"}
{"level":"info","message":"Installing package - 50%","timestamp":"2026-07-19 22:39:16"}
{"level":"info","message":"Installing package - 51%","timestamp":"2026-07-19 22:39:16"}
{"level":"info","message":"Installing package - 52%","timestamp":"2026-07-19 22:39:16"}
{"level":"info","message":"Installing package - 53%","timestamp":"2026-07-19 22:39:16"}
{"level":"info","message":"Installing package - 54%","timestamp":"2026-07-19 22:39:16"}
{"level":"info","message":"Installing package - 55%","timestamp":"2026-07-19 22:39:16"}
{"level":"info","message":"Installing package - 56%","timestamp":"2026-07-19 22:39:16"}
{"level":"info","message":"Installing package - 57%","timestamp":"2026-07-19 22:39:16"}
{"level":"info","message":"Installing package - 58%","timestamp":"2026-07-19 22:39:16"}
{"level":"info","message":"Installing package - 59%","timestamp":"2026-07-19 22:39:16"}
{"level":"info","message":"Installing package - 60%","timestamp":"2026-07-19 22:39:16"}
{"level":"info","message":"Installing package - 61%","timestamp":"2026-07-19 22:39:16"}
{"level":"info","message":"Installing package - 62%","timestamp":"2026-07-19 22:39:16"}
{"level":"info","message":"Installing package - 63%","timestamp":"2026-07-19 22:39:16"}
{"level":"info","message":"Installing package - 64%","timestamp":"2026-07-19 22:39:16"}
{"level":"info","message":"Installing package - 65%","timestamp":"2026-07-19 22:39:16"}
{"level":"info","message":"Installing package - 66%","timestamp":"2026-07-19 22:39:16"}
{"level":"info","message":"Installing package - 67%","timestamp":"2026-07-19 22:39:16"}
{"level":"info","message":"Installing package - 68%","timestamp":"2026-07-19 22:39:16"}
{"level":"info","message":"Installing package - 69%","timestamp":"2026-07-19 22:39:16"}
{"level":"info","message":"Installing package - 70%","timestamp":"2026-07-19 22:39:16"}
{"level":"info","message":"Installing package - 71%","timestamp":"2026-07-19 22:39:16"}
{"level":"info","message":"Installing package - 72%","timestamp":"2026-07-19 22:39:16"}
{"level":"info","message":"Installing package - 73%","timestamp":"2026-07-19 22:39:16"}
{"level":"info","message":"Installing package - 74%","timestamp":"2026-07-19 22:39:16"}
{"level":"info","message":"Installing package - 75%","timestamp":"2026-07-19 22:39:16"}
{"level":"info","message":"Installing package - 76%","timestamp":"2026-07-19 22:39:16"}
{"level":"info","message":"Installing package - 77%","timestamp":"2026-07-19 22:39:16"}
{"level":"info","message":"Installing package - 78%","timestamp":"2026-07-19 22:39:16"}
{"level":"info","message":"Installing package - 79%","timestamp":"2026-07-19 22:39:16"}
{"level":"info","message":"Installing package - 80%","timestamp":"2026-07-19 22:39:16"}
{"level":"info","message":"Installing package - 81%","timestamp":"2026-07-19 22:39:16"}
{"level":"info","message":"Installing package - 82%","timestamp":"2026-07-19 22:39:16"}
{"level":"info","message":"Installing package - 83%","timestamp":"2026-07-19 22:39:16"}
{"level":"info","message":"Installing package - 84%","timestamp":"2026-07-19 22:39:16"}
{"level":"info","message":"Installing package - 85%","timestamp":"2026-07-19 22:39:16"}
{"level":"info","message":"Installing package - 86%","timestamp":"2026-07-19 22:39:16"}
{"level":"info","message":"Installing package - 87%","timestamp":"2026-07-19 22:39:16"}
{"level":"info","message":"Installing package - 88%","timestamp":"2026-07-19 22:39:16"}
{"level":"info","message":"Installing package - 89%","timestamp":"2026-07-19 22:39:16"}
{"level":"info","message":"Installing package - 90%","timestamp":"2026-07-19 22:39:16"}
{"level":"info","message":"Installing package - 91%","timestamp":"2026-07-19 22:39:16"}
{"level":"info","message":"Installing package - 92%","timestamp":"2026-07-19 22:39:16"}
{"level":"info","message":"Installing package - 93%","timestamp":"2026-07-19 22:39:16"}
{"level":"info","message":"Installing package - 94%","timestamp":"2026-07-19 22:39:16"}
{"level":"info","message":"Installing package - 95%","timestamp":"2026-07-19 22:39:16"}
{"level":"info","message":"Installing package - 96%","timestamp":"2026-07-19 22:39:16"}
{"level":"info","message":"Installing package - 97%","timestamp":"2026-07-19 22:39:16"}
{"level":"info","message":"Installing package - 98%","timestamp":"2026-07-19 22:39:16"}
{"level":"info","message":"Installing package - 99%","timestamp":"2026-07-19 22:39:16"}
{"level":"info","message":"Installing package - 100%","timestamp":"2026-07-19 22:39:16"}
{"level":"info","message":"Installed module ddb-importer","timestamp":"2026-07-19 22:39:16"}
{"level":"info","message":"complete - 100%","timestamp":"2026-07-19 22:39:16"}
{"level":"info","message":"Downloading package - 0%","timestamp":"2026-07-19 22:39:16"}
{"level":"info","message":"Downloading package - 1%","timestamp":"2026-07-19 22:39:16"}
{"level":"info","message":"Downloading package - 2%","timestamp":"2026-07-19 22:39:16"}
{"level":"info","message":"Downloading package - 3%","timestamp":"2026-07-19 22:39:16"}
{"level":"info","message":"Downloading package - 4%","timestamp":"2026-07-19 22:39:16"}
{"level":"info","message":"Downloading package - 5%","timestamp":"2026-07-19 22:39:16"}
{"level":"info","message":"Downloading package - 6%","timestamp":"2026-07-19 22:39:16"}
{"level":"info","message":"Downloading package - 7%","timestamp":"2026-07-19 22:39:16"}
{"level":"info","message":"Downloading package - 8%","timestamp":"2026-07-19 22:39:16"}
{"level":"info","message":"Downloading package - 9%","timestamp":"2026-07-19 22:39:16"}
{"level":"info","message":"Downloading package - 10%","timestamp":"2026-07-19 22:39:16"}
{"level":"info","message":"Downloading package - 11%","timestamp":"2026-07-19 22:39:16"}
{"level":"info","message":"Downloading package - 12%","timestamp":"2026-07-19 22:39:16"}
{"level":"info","message":"Downloading package - 13%","timestamp":"2026-07-19 22:39:16"}
{"level":"info","message":"Downloading package - 14%","timestamp":"2026-07-19 22:39:16"}
{"level":"info","message":"Downloading package - 15%","timestamp":"2026-07-19 22:39:16"}
{"level":"info","message":"Downloading package - 16%","timestamp":"2026-07-19 22:39:16"}
{"level":"info","message":"Downloading package - 17%","timestamp":"2026-07-19 22:39:16"}
{"level":"info","message":"Downloading package - 18%","timestamp":"2026-07-19 22:39:16"}
{"level":"info","message":"Downloading package - 19%","timestamp":"2026-07-19 22:39:16"}
{"level":"info","message":"Downloading package - 20%","timestamp":"2026-07-19 22:39:16"}
{"level":"info","message":"Downloading package - 21%","timestamp":"2026-07-19 22:39:16"}
{"level":"info","message":"Downloading package - 22%","timestamp":"2026-07-19 22:39:16"}
{"level":"info","message":"Downloading package - 23%","timestamp":"2026-07-19 22:39:16"}
{"level":"info","message":"Downloading package - 24%","timestamp":"2026-07-19 22:39:16"}
{"level":"info","message":"Downloading package - 25%","timestamp":"2026-07-19 22:39:16"}
{"level":"info","message":"Downloading package - 26%","timestamp":"2026-07-19 22:39:16"}
{"level":"info","message":"Downloading package - 27%","timestamp":"2026-07-19 22:39:16"}
{"level":"info","message":"Downloading package - 28%","timestamp":"2026-07-19 22:39:16"}
{"level":"info","message":"Downloading package - 29%","timestamp":"2026-07-19 22:39:16"}
{"level":"info","message":"Downloading package - 30%","timestamp":"2026-07-19 22:39:16"}
{"level":"info","message":"Downloading package - 31%","timestamp":"2026-07-19 22:39:16"}
{"level":"info","message":"Downloading package - 32%","timestamp":"2026-07-19 22:39:16"}
{"level":"info","message":"Downloading package - 33%","timestamp":"2026-07-19 22:39:16"}
{"level":"info","message":"Downloading package - 34%","timestamp":"2026-07-19 22:39:16"}
{"level":"info","message":"Downloading package - 35%","timestamp":"2026-07-19 22:39:16"}
{"level":"info","message":"Downloading package - 36%","timestamp":"2026-07-19 22:39:16"}
{"level":"info","message":"Downloading package - 37%","timestamp":"2026-07-19 22:39:16"}
{"level":"info","message":"Downloading package - 38%","timestamp":"2026-07-19 22:39:16"}
{"level":"info","message":"Downloading package - 39%","timestamp":"2026-07-19 22:39:16"}
{"level":"info","message":"Downloading package - 40%","timestamp":"2026-07-19 22:39:16"}
{"level":"info","message":"Downloading package - 43%","timestamp":"2026-07-19 22:39:16"}
{"level":"info","message":"Downloading package - 46%","timestamp":"2026-07-19 22:39:16"}
{"level":"info","message":"Downloading package - 48%","timestamp":"2026-07-19 22:39:16"}
{"level":"info","message":"Downloading package - 51%","timestamp":"2026-07-19 22:39:16"}
{"level":"info","message":"Downloading package - 54%","timestamp":"2026-07-19 22:39:16"}
{"level":"info","message":"Downloading package - 57%","timestamp":"2026-07-19 22:39:16"}
{"level":"info","message":"Downloading package - 60%","timestamp":"2026-07-19 22:39:16"}
{"level":"info","message":"Downloading package - 63%","timestamp":"2026-07-19 22:39:16"}
{"level":"info","message":"Downloading package - 66%","timestamp":"2026-07-19 22:39:16"}
{"level":"info","message":"Downloading package - 69%","timestamp":"2026-07-19 22:39:16"}
{"level":"info","message":"Downloading package - 72%","timestamp":"2026-07-19 22:39:16"}
{"level":"info","message":"Downloading package - 75%","timestamp":"2026-07-19 22:39:16"}
{"level":"info","message":"Downloading package - 78%","timestamp":"2026-07-19 22:39:16"}
{"level":"info","message":"Downloading package - 81%","timestamp":"2026-07-19 22:39:16"}
{"level":"info","message":"Downloading package - 84%","timestamp":"2026-07-19 22:39:16"}
{"level":"info","message":"Downloading package - 87%","timestamp":"2026-07-19 22:39:16"}
{"level":"info","message":"Downloading package - 90%","timestamp":"2026-07-19 22:39:16"}
{"level":"info","message":"Downloading package - 93%","timestamp":"2026-07-19 22:39:16"}
{"level":"info","message":"Downloading package - 96%","timestamp":"2026-07-19 22:39:16"}
{"level":"info","message":"Downloading package - 99%","timestamp":"2026-07-19 22:39:16"}
{"level":"info","message":"Downloading package - 100%","timestamp":"2026-07-19 22:39:16"}
{"level":"info","message":"Installing package - 1%","timestamp":"2026-07-19 22:39:16"}
{"level":"info","message":"Installing package - 2%","timestamp":"2026-07-19 22:39:16"}
{"level":"info","message":"Installing package - 3%","timestamp":"2026-07-19 22:39:16"}
{"level":"info","message":"Installing package - 4%","timestamp":"2026-07-19 22:39:16"}
{"level":"info","message":"Installing package - 5%","timestamp":"2026-07-19 22:39:16"}
{"level":"info","message":"Installing package - 7%","timestamp":"2026-07-19 22:39:16"}
{"level":"info","message":"Installing package - 8%","timestamp":"2026-07-19 22:39:16"}
{"level":"info","message":"Installing package - 9%","timestamp":"2026-07-19 22:39:16"}
{"level":"info","message":"Installing package - 10%","timestamp":"2026-07-19 22:39:16"}
{"level":"info","message":"Installing package - 11%","timestamp":"2026-07-19 22:39:16"}
{"level":"info","message":"Installing package - 12%","timestamp":"2026-07-19 22:39:16"}
{"level":"info","message":"Installing package - 13%","timestamp":"2026-07-19 22:39:16"}
{"level":"info","message":"Installing package - 14%","timestamp":"2026-07-19 22:39:16"}
{"level":"info","message":"Installing package - 15%","timestamp":"2026-07-19 22:39:16"}
{"level":"info","message":"Installing package - 16%","timestamp":"2026-07-19 22:39:16"}
{"level":"info","message":"Installing package - 18%","timestamp":"2026-07-19 22:39:16"}
{"level":"info","message":"Installing package - 19%","timestamp":"2026-07-19 22:39:16"}
{"level":"info","message":"Installing package - 20%","timestamp":"2026-07-19 22:39:16"}
{"level":"info","message":"Installing package - 21%","timestamp":"2026-07-19 22:39:16"}
{"level":"info","message":"Installing package - 22%","timestamp":"2026-07-19 22:39:16"}
{"level":"info","message":"Installing package - 23%","timestamp":"2026-07-19 22:39:16"}
{"level":"info","message":"Installing package - 24%","timestamp":"2026-07-19 22:39:16"}
{"level":"info","message":"Installing package - 25%","timestamp":"2026-07-19 22:39:16"}
{"level":"info","message":"Installing package - 26%","timestamp":"2026-07-19 22:39:16"}
{"level":"info","message":"Installing package - 27%","timestamp":"2026-07-19 22:39:16"}
{"level":"info","message":"Installing package - 29%","timestamp":"2026-07-19 22:39:16"}
{"level":"info","message":"Installing package - 30%","timestamp":"2026-07-19 22:39:16"}
{"level":"info","message":"Installing package - 31%","timestamp":"2026-07-19 22:39:16"}
{"level":"info","message":"Installing package - 32%","timestamp":"2026-07-19 22:39:16"}
{"level":"info","message":"Installing package - 33%","timestamp":"2026-07-19 22:39:16"}
{"level":"info","message":"Installing package - 34%","timestamp":"2026-07-19 22:39:16"}
{"level":"info","message":"Installing package - 35%","timestamp":"2026-07-19 22:39:16"}
{"level":"info","message":"Installing package - 36%","timestamp":"2026-07-19 22:39:16"}
{"level":"info","message":"Installing package - 37%","timestamp":"2026-07-19 22:39:16"}
{"level":"info","message":"Installing package - 38%","timestamp":"2026-07-19 22:39:16"}
{"level":"info","message":"Installing package - 40%","timestamp":"2026-07-19 22:39:16"}
{"level":"info","message":"Installing package - 41%","timestamp":"2026-07-19 22:39:16"}
{"level":"info","message":"Installing package - 42%","timestamp":"2026-07-19 22:39:16"}
{"level":"info","message":"Installing package - 43%","timestamp":"2026-07-19 22:39:16"}
{"level":"info","message":"Installing package - 44%","timestamp":"2026-07-19 22:39:16"}
{"level":"info","message":"Installing package - 45%","timestamp":"2026-07-19 22:39:16"}
{"level":"info","message":"Installing package - 46%","timestamp":"2026-07-19 22:39:16"}
{"level":"info","message":"Installing package - 47%","timestamp":"2026-07-19 22:39:16"}
{"level":"info","message":"Installing package - 48%","timestamp":"2026-07-19 22:39:16"}
{"level":"info","message":"Installing package - 49%","timestamp":"2026-07-19 22:39:16"}
{"level":"info","message":"Installing package - 51%","timestamp":"2026-07-19 22:39:16"}
{"level":"info","message":"Installing package - 52%","timestamp":"2026-07-19 22:39:16"}
{"level":"info","message":"Installing package - 53%","timestamp":"2026-07-19 22:39:16"}
{"level":"info","message":"Installing package - 54%","timestamp":"2026-07-19 22:39:16"}
{"level":"info","message":"Installing package - 55%","timestamp":"2026-07-19 22:39:16"}
{"level":"info","message":"Installing package - 56%","timestamp":"2026-07-19 22:39:16"}
{"level":"info","message":"Installing package - 57%","timestamp":"2026-07-19 22:39:16"}
{"level":"info","message":"Installing package - 58%","timestamp":"2026-07-19 22:39:16"}
{"level":"info","message":"Installing package - 59%","timestamp":"2026-07-19 22:39:16"}
{"level":"info","message":"Installing package - 60%","timestamp":"2026-07-19 22:39:16"}
{"level":"info","message":"Installing package - 62%","timestamp":"2026-07-19 22:39:16"}
{"level":"info","message":"Installing package - 63%","timestamp":"2026-07-19 22:39:16"}
{"level":"info","message":"Installing package - 64%","timestamp":"2026-07-19 22:39:16"}
{"level":"info","message":"Installing package - 65%","timestamp":"2026-07-19 22:39:16"}
{"level":"info","message":"Installing package - 66%","timestamp":"2026-07-19 22:39:16"}
{"level":"info","message":"Installing package - 67%","timestamp":"2026-07-19 22:39:16"}
{"level":"info","message":"Installing package - 68%","timestamp":"2026-07-19 22:39:16"}
{"level":"info","message":"Installing package - 69%","timestamp":"2026-07-19 22:39:16"}
{"level":"info","message":"Installing package - 70%","timestamp":"2026-07-19 22:39:16"}
{"level":"info","message":"Installing package - 71%","timestamp":"2026-07-19 22:39:16"}
{"level":"info","message":"Installing package - 73%","timestamp":"2026-07-19 22:39:16"}
{"level":"info","message":"Installing package - 74%","timestamp":"2026-07-19 22:39:16"}
{"level":"info","message":"Installing package - 75%","timestamp":"2026-07-19 22:39:16"}
{"level":"info","message":"Installing package - 76%","timestamp":"2026-07-19 22:39:16"}
{"level":"info","message":"Installing package - 77%","timestamp":"2026-07-19 22:39:16"}
{"level":"info","message":"Installing package - 78%","timestamp":"2026-07-19 22:39:16"}
{"level":"info","message":"Installing package - 79%","timestamp":"2026-07-19 22:39:16"}
{"level":"info","message":"Installing package - 80%","timestamp":"2026-07-19 22:39:16"}
{"level":"info","message":"Installing package - 81%","timestamp":"2026-07-19 22:39:16"}
{"level":"info","message":"Installing package - 82%","timestamp":"2026-07-19 22:39:16"}
{"level":"info","message":"Installing package - 84%","timestamp":"2026-07-19 22:39:16"}
{"level":"info","message":"Installing package - 85%","timestamp":"2026-07-19 22:39:16"}
{"level":"info","message":"Installing package - 86%","timestamp":"2026-07-19 22:39:16"}
{"level":"info","message":"Installing package - 87%","timestamp":"2026-07-19 22:39:16"}
{"level":"info","message":"Installing package - 88%","timestamp":"2026-07-19 22:39:16"}
{"level":"info","message":"Installing package - 89%","timestamp":"2026-07-19 22:39:16"}
{"level":"info","message":"Installing package - 90%","timestamp":"2026-07-19 22:39:16"}
{"level":"info","message":"Installing package - 91%","timestamp":"2026-07-19 22:39:16"}
{"level":"info","message":"Installing package - 92%","timestamp":"2026-07-19 22:39:16"}
{"level":"info","message":"Installing package - 93%","timestamp":"2026-07-19 22:39:16"}
{"level":"info","message":"Installing package - 95%","timestamp":"2026-07-19 22:39:16"}
{"level":"info","message":"Installing package - 96%","timestamp":"2026-07-19 22:39:16"}
{"level":"info","message":"Installing package - 97%","timestamp":"2026-07-19 22:39:16"}
{"level":"info","message":"Installing package - 98%","timestamp":"2026-07-19 22:39:16"}
{"level":"info","message":"Installing package - 99%","timestamp":"2026-07-19 22:39:16"}
{"level":"info","message":"Installing package - 100%","timestamp":"2026-07-19 22:39:16"}
{"level":"info","message":"Installed module babele","timestamp":"2026-07-19 22:39:16"}
{"level":"info","message":"complete - 100%","timestamp":"2026-07-19 22:39:16"}
{"level":"info","message":"Downloading package - 15%","timestamp":"2026-07-19 22:39:16"}
{"level":"info","message":"Downloading package - 30%","timestamp":"2026-07-19 22:39:16"}
{"level":"info","message":"Downloading package - 45%","timestamp":"2026-07-19 22:39:16"}
{"level":"info","message":"Downloading package - 57%","timestamp":"2026-07-19 22:39:16"}
{"level":"info","message":"Downloading package - 72%","timestamp":"2026-07-19 22:39:16"}
{"level":"info","message":"Downloading package - 87%","timestamp":"2026-07-19 22:39:16"}
{"level":"info","message":"Downloading package - 100%","timestamp":"2026-07-19 22:39:16"}
{"level":"info","message":"Installing package - 3%","timestamp":"2026-07-19 22:39:16"}
{"level":"info","message":"Installing package - 6%","timestamp":"2026-07-19 22:39:16"}
{"level":"info","message":"Installing package - 10%","timestamp":"2026-07-19 22:39:16"}
{"level":"info","message":"Installing package - 13%","timestamp":"2026-07-19 22:39:16"}
{"level":"info","message":"Installing package - 16%","timestamp":"2026-07-19 22:39:16"}
{"level":"info","message":"Installing package - 19%","timestamp":"2026-07-19 22:39:16"}
{"level":"info","message":"Installing package - 23%","timestamp":"2026-07-19 22:39:16"}
{"level":"info","message":"Installing package - 26%","timestamp":"2026-07-19 22:39:16"}
{"level":"info","message":"Installing package - 29%","timestamp":"2026-07-19 22:39:16"}
{"level":"info","message":"Installing package - 32%","timestamp":"2026-07-19 22:39:16"}
{"level":"info","message":"Installing package - 35%","timestamp":"2026-07-19 22:39:16"}
{"level":"info","message":"Installing package - 39%","timestamp":"2026-07-19 22:39:16"}
{"level":"info","message":"Installing package - 42%","timestamp":"2026-07-19 22:39:16"}
{"level":"info","message":"Installing package - 45%","timestamp":"2026-07-19 22:39:16"}
{"level":"info","message":"Installing package - 48%","timestamp":"2026-07-19 22:39:16"}
{"level":"info","message":"Installing package - 52%","timestamp":"2026-07-19 22:39:16"}
{"level":"info","message":"Installing package - 55%","timestamp":"2026-07-19 22:39:16"}
{"level":"info","message":"Installing package - 58%","timestamp":"2026-07-19 22:39:16"}
{"level":"info","message":"Installing package - 61%","timestamp":"2026-07-19 22:39:16"}
{"level":"info","message":"Installing package - 65%","timestamp":"2026-07-19 22:39:16"}
{"level":"info","message":"Installing package - 68%","timestamp":"2026-07-19 22:39:16"}
{"level":"info","message":"Installing package - 71%","timestamp":"2026-07-19 22:39:16"}
{"level":"info","message":"Installing package - 74%","timestamp":"2026-07-19 22:39:16"}
{"level":"info","message":"Installing package - 77%","timestamp":"2026-07-19 22:39:16"}
{"level":"info","message":"Installing package - 81%","timestamp":"2026-07-19 22:39:16"}
{"level":"info","message":"Installing package - 84%","timestamp":"2026-07-19 22:39:16"}
{"level":"info","message":"Installing package - 87%","timestamp":"2026-07-19 22:39:16"}
{"level":"info","message":"Installing package - 90%","timestamp":"2026-07-19 22:39:16"}
{"level":"info","message":"Installing package - 94%","timestamp":"2026-07-19 22:39:16"}
{"level":"info","message":"Installing package - 97%","timestamp":"2026-07-19 22:39:16"}
{"level":"info","message":"Installing package - 100%","timestamp":"2026-07-19 22:39:16"}
{"level":"info","message":"Installed module dice-calculator","timestamp":"2026-07-19 22:39:16"}
{"level":"info","message":"complete - 100%","timestamp":"2026-07-19 22:39:16"}
{"level":"info","message":"Downloading package - 0%","timestamp":"2026-07-19 22:39:16"}
{"level":"info","message":"Downloading package - 1%","timestamp":"2026-07-19 22:39:16"}
{"level":"info","message":"Downloading package - 2%","timestamp":"2026-07-19 22:39:16"}
{"level":"info","message":"Downloading package - 3%","timestamp":"2026-07-19 22:39:16"}
{"level":"info","message":"Downloading package - 4%","timestamp":"2026-07-19 22:39:16"}
{"level":"info","message":"Downloading package - 5%","timestamp":"2026-07-19 22:39:16"}
{"level":"info","message":"Downloading package - 6%","timestamp":"2026-07-19 22:39:16"}
{"level":"info","message":"Downloading package - 7%","timestamp":"2026-07-19 22:39:16"}
{"level":"info","message":"Downloading package - 8%","timestamp":"2026-07-19 22:39:16"}
{"level":"info","message":"Downloading package - 9%","timestamp":"2026-07-19 22:39:16"}
{"level":"info","message":"Downloading package - 10%","timestamp":"2026-07-19 22:39:16"}
{"level":"info","message":"Downloading package - 11%","timestamp":"2026-07-19 22:39:16"}
{"level":"info","message":"Downloading package - 12%","timestamp":"2026-07-19 22:39:16"}
{"level":"info","message":"Downloading package - 13%","timestamp":"2026-07-19 22:39:16"}
{"level":"info","message":"Downloading package - 14%","timestamp":"2026-07-19 22:39:16"}
{"level":"info","message":"Downloading package - 15%","timestamp":"2026-07-19 22:39:16"}
{"level":"info","message":"Downloading package - 16%","timestamp":"2026-07-19 22:39:16"}
{"level":"info","message":"Downloading package - 17%","timestamp":"2026-07-19 22:39:16"}
{"level":"info","message":"Downloading package - 18%","timestamp":"2026-07-19 22:39:16"}
{"level":"info","message":"Downloading package - 19%","timestamp":"2026-07-19 22:39:16"}
{"level":"info","message":"Downloading package - 20%","timestamp":"2026-07-19 22:39:16"}
{"level":"info","message":"Downloading package - 21%","timestamp":"2026-07-19 22:39:16"}
{"level":"info","message":"Downloading package - 22%","timestamp":"2026-07-19 22:39:16"}
{"level":"info","message":"Downloading package - 23%","timestamp":"2026-07-19 22:39:16"}
{"level":"info","message":"Downloading package - 24%","timestamp":"2026-07-19 22:39:16"}
{"level":"info","message":"Downloading package - 25%","timestamp":"2026-07-19 22:39:16"}
{"level":"info","message":"Downloading package - 26%","timestamp":"2026-07-19 22:39:16"}
{"level":"info","message":"Downloading package - 27%","timestamp":"2026-07-19 22:39:16"}
{"level":"info","message":"Downloading package - 28%","timestamp":"2026-07-19 22:39:16"}
{"level":"info","message":"Downloading package - 29%","timestamp":"2026-07-19 22:39:16"}
{"level":"info","message":"Downloading package - 30%","timestamp":"2026-07-19 22:39:16"}
{"level":"info","message":"Downloading package - 31%","timestamp":"2026-07-19 22:39:16"}
{"level":"info","message":"Downloading package - 32%","timestamp":"2026-07-19 22:39:16"}
{"level":"info","message":"Downloading package - 33%","timestamp":"2026-07-19 22:39:16"}
{"level":"info","message":"Downloading package - 34%","timestamp":"2026-07-19 22:39:16"}
{"level":"info","message":"Downloading package - 35%","timestamp":"2026-07-19 22:39:16"}
{"level":"info","message":"Downloading package - 36%","timestamp":"2026-07-19 22:39:16"}
{"level":"info","message":"Downloading package - 37%","timestamp":"2026-07-19 22:39:16"}
{"level":"info","message":"Downloading package - 38%","timestamp":"2026-07-19 22:39:16"}
{"level":"info","message":"Downloading package - 39%","timestamp":"2026-07-19 22:39:16"}
{"level":"info","message":"Downloading package - 40%","timestamp":"2026-07-19 22:39:16"}
{"level":"info","message":"Downloading package - 41%","timestamp":"2026-07-19 22:39:16"}
{"level":"info","message":"Downloading package - 42%","timestamp":"2026-07-19 22:39:16"}
{"level":"info","message":"Downloading package - 43%","timestamp":"2026-07-19 22:39:16"}
{"level":"info","message":"Downloading package - 44%","timestamp":"2026-07-19 22:39:16"}
{"level":"info","message":"Downloading package - 45%","timestamp":"2026-07-19 22:39:16"}
{"level":"info","message":"Downloading package - 0%","timestamp":"2026-07-19 22:39:16"}
{"level":"info","message":"Downloading package - 46%","timestamp":"2026-07-19 22:39:16"}
{"level":"info","message":"Downloading package - 47%","timestamp":"2026-07-19 22:39:16"}
{"level":"info","message":"Downloading package - 48%","timestamp":"2026-07-19 22:39:16"}
{"level":"info","message":"Downloading package - 49%","timestamp":"2026-07-19 22:39:16"}
{"level":"info","message":"Downloading package - 50%","timestamp":"2026-07-19 22:39:16"}
{"level":"info","message":"Downloading package - 1%","timestamp":"2026-07-19 22:39:16"}
{"level":"info","message":"Downloading package - 51%","timestamp":"2026-07-19 22:39:16"}
{"level":"info","message":"Downloading package - 52%","timestamp":"2026-07-19 22:39:16"}
{"level":"info","message":"Downloading package - 53%","timestamp":"2026-07-19 22:39:16"}
{"level":"info","message":"Downloading package - 2%","timestamp":"2026-07-19 22:39:16"}
{"level":"info","message":"Downloading package - 54%","timestamp":"2026-07-19 22:39:16"}
{"level":"info","message":"Downloading package - 55%","timestamp":"2026-07-19 22:39:16"}
{"level":"info","message":"Downloading package - 56%","timestamp":"2026-07-19 22:39:16"}
{"level":"info","message":"Downloading package - 57%","timestamp":"2026-07-19 22:39:16"}
{"level":"info","message":"Downloading package - 58%","timestamp":"2026-07-19 22:39:16"}
{"level":"info","message":"Downloading package - 59%","timestamp":"2026-07-19 22:39:16"}
{"level":"info","message":"Downloading package - 60%","timestamp":"2026-07-19 22:39:16"}
{"level":"info","message":"Downloading package - 61%","timestamp":"2026-07-19 22:39:16"}
{"level":"info","message":"Downloading package - 62%","timestamp":"2026-07-19 22:39:16"}
{"level":"info","message":"Downloading package - 63%","timestamp":"2026-07-19 22:39:16"}
{"level":"info","message":"Downloading package - 64%","timestamp":"2026-07-19 22:39:16"}
{"level":"info","message":"Downloading package - 65%","timestamp":"2026-07-19 22:39:16"}
{"level":"info","message":"Downloading package - 66%","timestamp":"2026-07-19 22:39:16"}
{"level":"info","message":"Downloading package - 67%","timestamp":"2026-07-19 22:39:16"}
{"level":"info","message":"Downloading package - 68%","timestamp":"2026-07-19 22:39:16"}
{"level":"info","message":"Downloading package - 69%","timestamp":"2026-07-19 22:39:16"}
{"level":"info","message":"Downloading package - 70%","timestamp":"2026-07-19 22:39:16"}
{"level":"info","message":"Downloading package - 3%","timestamp":"2026-07-19 22:39:16"}
{"level":"info","message":"Downloading package - 71%","timestamp":"2026-07-19 22:39:16"}
{"level":"info","message":"Downloading package - 72%","timestamp":"2026-07-19 22:39:16"}
{"level":"info","message":"Downloading package - 73%","timestamp":"2026-07-19 22:39:16"}
{"level":"info","message":"Downloading package - 4%","timestamp":"2026-07-19 22:39:16"}
{"level":"info","message":"Downloading package - 74%","timestamp":"2026-07-19 22:39:17"}
{"level":"info","message":"Downloading package - 75%","timestamp":"2026-07-19 22:39:17"}
{"level":"info","message":"Downloading package - 5%","timestamp":"2026-07-19 22:39:17"}
{"level":"info","message":"Downloading package - 76%","timestamp":"2026-07-19 22:39:17"}
{"level":"info","message":"Downloading package - 77%","timestamp":"2026-07-19 22:39:17"}
{"level":"info","message":"Downloading package - 78%","timestamp":"2026-07-19 22:39:17"}
{"level":"info","message":"Downloading package - 79%","timestamp":"2026-07-19 22:39:17"}
{"level":"info","message":"Downloading package - 80%","timestamp":"2026-07-19 22:39:17"}
{"level":"info","message":"Downloading package - 81%","timestamp":"2026-07-19 22:39:17"}
{"level":"info","message":"Downloading package - 82%","timestamp":"2026-07-19 22:39:17"}
{"level":"info","message":"Downloading package - 83%","timestamp":"2026-07-19 22:39:17"}
{"level":"info","message":"Downloading package - 84%","timestamp":"2026-07-19 22:39:17"}
{"level":"info","message":"Downloading package - 85%","timestamp":"2026-07-19 22:39:17"}
{"level":"info","message":"Downloading package - 86%","timestamp":"2026-07-19 22:39:17"}
{"level":"info","message":"Downloading package - 87%","timestamp":"2026-07-19 22:39:17"}
{"level":"info","message":"Downloading package - 88%","timestamp":"2026-07-19 22:39:17"}
{"level":"info","message":"Downloading package - 89%","timestamp":"2026-07-19 22:39:17"}
{"level":"info","message":"Downloading package - 90%","timestamp":"2026-07-19 22:39:17"}
{"level":"info","message":"Downloading package - 91%","timestamp":"2026-07-19 22:39:17"}
{"level":"info","message":"Downloading package - 92%","timestamp":"2026-07-19 22:39:17"}
{"level":"info","message":"Downloading package - 6%","timestamp":"2026-07-19 22:39:17"}
{"level":"info","message":"Downloading package - 93%","timestamp":"2026-07-19 22:39:17"}
{"level":"info","message":"Downloading package - 94%","timestamp":"2026-07-19 22:39:17"}
{"level":"info","message":"Downloading package - 95%","timestamp":"2026-07-19 22:39:17"}
{"level":"info","message":"Downloading package - 96%","timestamp":"2026-07-19 22:39:17"}
{"level":"info","message":"Downloading package - 97%","timestamp":"2026-07-19 22:39:17"}
{"level":"info","message":"Downloading package - 98%","timestamp":"2026-07-19 22:39:17"}
{"level":"info","message":"Downloading package - 99%","timestamp":"2026-07-19 22:39:17"}
{"level":"info","message":"Downloading package - 100%","timestamp":"2026-07-19 22:39:17"}
{"level":"info","message":"Downloading package - 7%","timestamp":"2026-07-19 22:39:17"}
{"level":"info","message":"Installing package - 0%","timestamp":"2026-07-19 22:39:17"}
{"level":"info","message":"Installing package - 1%","timestamp":"2026-07-19 22:39:17"}
{"level":"info","message":"Installing package - 2%","timestamp":"2026-07-19 22:39:17"}
{"level":"info","message":"Installing package - 3%","timestamp":"2026-07-19 22:39:17"}
{"level":"info","message":"Downloading package - 8%","timestamp":"2026-07-19 22:39:17"}
{"level":"info","message":"Downloading package - 9%","timestamp":"2026-07-19 22:39:17"}
{"level":"info","message":"Downloading package - 10%","timestamp":"2026-07-19 22:39:17"}
{"level":"info","message":"Downloading package - 11%","timestamp":"2026-07-19 22:39:17"}
{"level":"info","message":"Downloading package - 12%","timestamp":"2026-07-19 22:39:17"}
{"level":"info","message":"Downloading package - 13%","timestamp":"2026-07-19 22:39:17"}
{"level":"info","message":"Downloading package - 14%","timestamp":"2026-07-19 22:39:17"}
{"level":"info","message":"Installing package - 4%","timestamp":"2026-07-19 22:39:17"}
{"level":"info","message":"Downloading package - 15%","timestamp":"2026-07-19 22:39:17"}
{"level":"info","message":"Downloading package - 16%","timestamp":"2026-07-19 22:39:17"}
{"level":"info","message":"Downloading package - 17%","timestamp":"2026-07-19 22:39:17"}
{"level":"info","message":"Downloading package - 18%","timestamp":"2026-07-19 22:39:17"}
{"level":"info","message":"Downloading package - 19%","timestamp":"2026-07-19 22:39:17"}
{"level":"info","message":"Installing package - 5%","timestamp":"2026-07-19 22:39:17"}
{"level":"info","message":"Downloading package - 20%","timestamp":"2026-07-19 22:39:17"}
{"level":"info","message":"Downloading package - 21%","timestamp":"2026-07-19 22:39:17"}
{"level":"info","message":"Downloading package - 1%","timestamp":"2026-07-19 22:39:17"}
{"level":"info","message":"Downloading package - 2%","timestamp":"2026-07-19 22:39:17"}
{"level":"info","message":"Downloading package - 3%","timestamp":"2026-07-19 22:39:17"}
{"level":"info","message":"Downloading package - 5%","timestamp":"2026-07-19 22:39:17"}
{"level":"info","message":"Downloading package - 6%","timestamp":"2026-07-19 22:39:17"}
{"level":"info","message":"Downloading package - 7%","timestamp":"2026-07-19 22:39:17"}
{"level":"info","message":"Downloading package - 8%","timestamp":"2026-07-19 22:39:17"}
{"level":"info","message":"Downloading package - 9%","timestamp":"2026-07-19 22:39:17"}
{"level":"info","message":"Downloading package - 10%","timestamp":"2026-07-19 22:39:17"}
{"level":"info","message":"Downloading package - 12%","timestamp":"2026-07-19 22:39:17"}
{"level":"info","message":"Downloading package - 13%","timestamp":"2026-07-19 22:39:17"}
{"level":"info","message":"Downloading package - 14%","timestamp":"2026-07-19 22:39:17"}
{"level":"info","message":"Downloading package - 15%","timestamp":"2026-07-19 22:39:17"}
{"level":"info","message":"Downloading package - 16%","timestamp":"2026-07-19 22:39:17"}
{"level":"info","message":"Downloading package - 17%","timestamp":"2026-07-19 22:39:17"}
{"level":"info","message":"Downloading package - 19%","timestamp":"2026-07-19 22:39:17"}
{"level":"info","message":"Downloading package - 20%","timestamp":"2026-07-19 22:39:17"}
{"level":"info","message":"Downloading package - 21%","timestamp":"2026-07-19 22:39:17"}
{"level":"info","message":"Downloading package - 22%","timestamp":"2026-07-19 22:39:17"}
{"level":"info","message":"Downloading package - 23%","timestamp":"2026-07-19 22:39:17"}
{"level":"info","message":"Downloading package - 24%","timestamp":"2026-07-19 22:39:17"}
{"level":"info","message":"Downloading package - 25%","timestamp":"2026-07-19 22:39:17"}
{"level":"info","message":"Downloading package - 27%","timestamp":"2026-07-19 22:39:17"}
{"level":"info","message":"Downloading package - 28%","timestamp":"2026-07-19 22:39:17"}
{"level":"info","message":"Downloading package - 29%","timestamp":"2026-07-19 22:39:17"}
{"level":"info","message":"Downloading package - 30%","timestamp":"2026-07-19 22:39:17"}
{"level":"info","message":"Downloading package - 31%","timestamp":"2026-07-19 22:39:17"}
{"level":"info","message":"Downloading package - 32%","timestamp":"2026-07-19 22:39:17"}
{"level":"info","message":"Downloading package - 34%","timestamp":"2026-07-19 22:39:17"}
{"level":"info","message":"Downloading package - 35%","timestamp":"2026-07-19 22:39:17"}
{"level":"info","message":"Downloading package - 36%","timestamp":"2026-07-19 22:39:17"}
{"level":"info","message":"Downloading package - 37%","timestamp":"2026-07-19 22:39:17"}
{"level":"info","message":"Downloading package - 38%","timestamp":"2026-07-19 22:39:17"}
{"level":"info","message":"Downloading package - 39%","timestamp":"2026-07-19 22:39:17"}
{"level":"info","message":"Downloading package - 41%","timestamp":"2026-07-19 22:39:17"}
{"level":"info","message":"Downloading package - 42%","timestamp":"2026-07-19 22:39:17"}
{"level":"info","message":"Downloading package - 43%","timestamp":"2026-07-19 22:39:17"}
{"level":"info","message":"Downloading package - 44%","timestamp":"2026-07-19 22:39:17"}
{"level":"info","message":"Downloading package - 45%","timestamp":"2026-07-19 22:39:17"}
{"level":"info","message":"Downloading package - 46%","timestamp":"2026-07-19 22:39:17"}
{"level":"info","message":"Downloading package - 47%","timestamp":"2026-07-19 22:39:17"}
{"level":"info","message":"Downloading package - 49%","timestamp":"2026-07-19 22:39:17"}
{"level":"info","message":"Downloading package - 50%","timestamp":"2026-07-19 22:39:17"}
{"level":"info","message":"Downloading package - 51%","timestamp":"2026-07-19 22:39:17"}
{"level":"info","message":"Downloading package - 52%","timestamp":"2026-07-19 22:39:17"}
{"level":"info","message":"Downloading package - 53%","timestamp":"2026-07-19 22:39:17"}
{"level":"info","message":"Downloading package - 54%","timestamp":"2026-07-19 22:39:17"}
{"level":"info","message":"Downloading package - 56%","timestamp":"2026-07-19 22:39:17"}
{"level":"info","message":"Downloading package - 57%","timestamp":"2026-07-19 22:39:17"}
{"level":"info","message":"Downloading package - 58%","timestamp":"2026-07-19 22:39:17"}
{"level":"info","message":"Downloading package - 59%","timestamp":"2026-07-19 22:39:17"}
{"level":"info","message":"Downloading package - 60%","timestamp":"2026-07-19 22:39:17"}
{"level":"info","message":"Downloading package - 61%","timestamp":"2026-07-19 22:39:17"}
{"level":"info","message":"Downloading package - 63%","timestamp":"2026-07-19 22:39:17"}
{"level":"info","message":"Downloading package - 64%","timestamp":"2026-07-19 22:39:17"}
{"level":"info","message":"Downloading package - 65%","timestamp":"2026-07-19 22:39:17"}
{"level":"info","message":"Downloading package - 66%","timestamp":"2026-07-19 22:39:17"}
{"level":"info","message":"Downloading package - 67%","timestamp":"2026-07-19 22:39:17"}
{"level":"info","message":"Downloading package - 68%","timestamp":"2026-07-19 22:39:17"}
{"level":"info","message":"Downloading package - 70%","timestamp":"2026-07-19 22:39:17"}
{"level":"info","message":"Downloading package - 71%","timestamp":"2026-07-19 22:39:17"}
{"level":"info","message":"Downloading package - 72%","timestamp":"2026-07-19 22:39:17"}
{"level":"info","message":"Downloading package - 73%","timestamp":"2026-07-19 22:39:17"}
{"level":"info","message":"Downloading package - 74%","timestamp":"2026-07-19 22:39:17"}
{"level":"info","message":"Downloading package - 75%","timestamp":"2026-07-19 22:39:17"}
{"level":"info","message":"Downloading package - 76%","timestamp":"2026-07-19 22:39:17"}
{"level":"info","message":"Downloading package - 78%","timestamp":"2026-07-19 22:39:17"}
{"level":"info","message":"Downloading package - 79%","timestamp":"2026-07-19 22:39:17"}
{"level":"info","message":"Downloading package - 80%","timestamp":"2026-07-19 22:39:17"}
{"level":"info","message":"Downloading package - 81%","timestamp":"2026-07-19 22:39:17"}
{"level":"info","message":"Downloading package - 82%","timestamp":"2026-07-19 22:39:17"}
{"level":"info","message":"Downloading package - 83%","timestamp":"2026-07-19 22:39:17"}
{"level":"info","message":"Downloading package - 85%","timestamp":"2026-07-19 22:39:17"}
{"level":"info","message":"Downloading package - 86%","timestamp":"2026-07-19 22:39:17"}
{"level":"info","message":"Downloading package - 87%","timestamp":"2026-07-19 22:39:17"}
{"level":"info","message":"Downloading package - 88%","timestamp":"2026-07-19 22:39:17"}
{"level":"info","message":"Downloading package - 89%","timestamp":"2026-07-19 22:39:17"}
{"level":"info","message":"Downloading package - 90%","timestamp":"2026-07-19 22:39:17"}
{"level":"info","message":"Downloading package - 92%","timestamp":"2026-07-19 22:39:17"}
{"level":"info","message":"Downloading package - 93%","timestamp":"2026-07-19 22:39:17"}
{"level":"info","message":"Downloading package - 94%","timestamp":"2026-07-19 22:39:17"}
{"level":"info","message":"Downloading package - 95%","timestamp":"2026-07-19 22:39:17"}
{"level":"info","message":"Downloading package - 96%","timestamp":"2026-07-19 22:39:17"}
{"level":"info","message":"Downloading package - 97%","timestamp":"2026-07-19 22:39:17"}
{"level":"info","message":"Downloading package - 98%","timestamp":"2026-07-19 22:39:17"}
{"level":"info","message":"Downloading package - 100%","timestamp":"2026-07-19 22:39:17"}
{"level":"info","message":"Downloading package - 22%","timestamp":"2026-07-19 22:39:17"}
{"level":"info","message":"Downloading package - 23%","timestamp":"2026-07-19 22:39:17"}
{"level":"info","message":"Installing package - 4%","timestamp":"2026-07-19 22:39:17"}
{"level":"info","message":"Installing package - 7%","timestamp":"2026-07-19 22:39:17"}
{"level":"info","message":"Installing package - 11%","timestamp":"2026-07-19 22:39:17"}
{"level":"info","message":"Downloading package - 24%","timestamp":"2026-07-19 22:39:17"}
{"level":"info","message":"Downloading package - 25%","timestamp":"2026-07-19 22:39:17"}
{"level":"info","message":"Downloading package - 26%","timestamp":"2026-07-19 22:39:17"}
{"level":"info","message":"Downloading package - 27%","timestamp":"2026-07-19 22:39:17"}
{"level":"info","message":"Downloading package - 28%","timestamp":"2026-07-19 22:39:17"}
{"level":"info","message":"Downloading package - 29%","timestamp":"2026-07-19 22:39:17"}
{"level":"info","message":"Downloading package - 30%","timestamp":"2026-07-19 22:39:17"}
{"level":"info","message":"Installing package - 15%","timestamp":"2026-07-19 22:39:17"}
{"level":"info","message":"Downloading package - 31%","timestamp":"2026-07-19 22:39:17"}
{"level":"info","message":"Downloading package - 32%","timestamp":"2026-07-19 22:39:17"}
{"level":"info","message":"Downloading package - 33%","timestamp":"2026-07-19 22:39:17"}
{"level":"info","message":"Installing package - 19%","timestamp":"2026-07-19 22:39:17"}
{"level":"info","message":"Downloading package - 34%","timestamp":"2026-07-19 22:39:17"}
{"level":"info","message":"Downloading package - 35%","timestamp":"2026-07-19 22:39:17"}
{"level":"info","message":"Downloading package - 36%","timestamp":"2026-07-19 22:39:17"}
{"level":"info","message":"Downloading package - 37%","timestamp":"2026-07-19 22:39:17"}
{"level":"info","message":"Downloading package - 38%","timestamp":"2026-07-19 22:39:17"}
{"level":"info","message":"Installing package - 22%","timestamp":"2026-07-19 22:39:17"}
{"level":"info","message":"Installing package - 26%","timestamp":"2026-07-19 22:39:17"}
{"level":"info","message":"Installing package - 30%","timestamp":"2026-07-19 22:39:17"}
{"level":"info","message":"Installing package - 33%","timestamp":"2026-07-19 22:39:17"}
{"level":"info","message":"Downloading package - 39%","timestamp":"2026-07-19 22:39:17"}
{"level":"info","message":"Installing package - 37%","timestamp":"2026-07-19 22:39:17"}
{"level":"info","message":"Installing package - 41%","timestamp":"2026-07-19 22:39:17"}
{"level":"info","message":"Installing package - 44%","timestamp":"2026-07-19 22:39:17"}
{"level":"info","message":"Installing package - 48%","timestamp":"2026-07-19 22:39:17"}
{"level":"info","message":"Installing package - 52%","timestamp":"2026-07-19 22:39:17"}
{"level":"info","message":"Installing package - 56%","timestamp":"2026-07-19 22:39:17"}
{"level":"info","message":"Installing package - 59%","timestamp":"2026-07-19 22:39:17"}
{"level":"info","message":"Downloading package - 40%","timestamp":"2026-07-19 22:39:17"}
{"level":"info","message":"Installing package - 63%","timestamp":"2026-07-19 22:39:17"}
{"level":"info","message":"Installing package - 67%","timestamp":"2026-07-19 22:39:17"}
{"level":"info","message":"Installing package - 70%","timestamp":"2026-07-19 22:39:17"}
{"level":"info","message":"Installing package - 74%","timestamp":"2026-07-19 22:39:17"}
{"level":"info","message":"Downloading package - 41%","timestamp":"2026-07-19 22:39:17"}
{"level":"info","message":"Installing package - 78%","timestamp":"2026-07-19 22:39:17"}
{"level":"info","message":"Installing package - 81%","timestamp":"2026-07-19 22:39:17"}
{"level":"info","message":"Downloading package - 42%","timestamp":"2026-07-19 22:39:17"}
{"level":"info","message":"Installing package - 85%","timestamp":"2026-07-19 22:39:17"}
{"level":"info","message":"Installing package - 89%","timestamp":"2026-07-19 22:39:17"}
{"level":"info","message":"Installing package - 93%","timestamp":"2026-07-19 22:39:17"}
{"level":"info","message":"Installing package - 96%","timestamp":"2026-07-19 22:39:17"}
{"level":"info","message":"Downloading package - 43%","timestamp":"2026-07-19 22:39:17"}
{"level":"info","message":"Installing package - 100%","timestamp":"2026-07-19 22:39:17"}
{"level":"info","message":"Installed module item-piles","timestamp":"2026-07-19 22:39:17"}
{"level":"info","message":"complete - 100%","timestamp":"2026-07-19 22:39:17"}
{"level":"info","message":"Downloading package - 44%","timestamp":"2026-07-19 22:39:17"}
{"level":"info","message":"Installing package - 6%","timestamp":"2026-07-19 22:39:17"}
{"level":"info","message":"Installing package - 7%","timestamp":"2026-07-19 22:39:17"}
{"level":"info","message":"Installing package - 8%","timestamp":"2026-07-19 22:39:17"}
{"level":"info","message":"Installing package - 9%","timestamp":"2026-07-19 22:39:17"}
{"level":"info","message":"Installing package - 10%","timestamp":"2026-07-19 22:39:17"}
{"level":"info","message":"Installing package - 11%","timestamp":"2026-07-19 22:39:17"}
{"level":"info","message":"Downloading package - 45%","timestamp":"2026-07-19 22:39:17"}
{"level":"info","message":"Installing package - 12%","timestamp":"2026-07-19 22:39:17"}
{"level":"info","message":"Installing package - 13%","timestamp":"2026-07-19 22:39:17"}
{"level":"info","message":"Installing package - 14%","timestamp":"2026-07-19 22:39:17"}
{"level":"info","message":"Downloading package - 46%","timestamp":"2026-07-19 22:39:17"}
{"level":"info","message":"Installing package - 15%","timestamp":"2026-07-19 22:39:17"}
{"level":"info","message":"Installing package - 16%","timestamp":"2026-07-19 22:39:17"}
{"level":"info","message":"Installing package - 17%","timestamp":"2026-07-19 22:39:17"}
{"level":"info","message":"Downloading package - 47%","timestamp":"2026-07-19 22:39:17"}
{"level":"info","message":"Downloading package - 48%","timestamp":"2026-07-19 22:39:17"}
{"level":"info","message":"Installing package - 18%","timestamp":"2026-07-19 22:39:17"}
{"level":"info","message":"Downloading package - 49%","timestamp":"2026-07-19 22:39:17"}
{"level":"info","message":"Downloading package - 50%","timestamp":"2026-07-19 22:39:17"}
{"level":"info","message":"Installing package - 19%","timestamp":"2026-07-19 22:39:17"}
{"level":"info","message":"Downloading package - 51%","timestamp":"2026-07-19 22:39:17"}
{"level":"info","message":"Installing package - 20%","timestamp":"2026-07-19 22:39:17"}
{"level":"info","message":"Downloading package - 52%","timestamp":"2026-07-19 22:39:17"}
{"level":"info","message":"Installing package - 21%","timestamp":"2026-07-19 22:39:17"}
{"level":"info","message":"Downloading package - 53%","timestamp":"2026-07-19 22:39:17"}
{"level":"info","message":"Downloading package - 54%","timestamp":"2026-07-19 22:39:17"}
{"level":"info","message":"Downloading package - 55%","timestamp":"2026-07-19 22:39:17"}
{"level":"info","message":"Installing package - 22%","timestamp":"2026-07-19 22:39:17"}
{"level":"info","message":"Downloading package - 56%","timestamp":"2026-07-19 22:39:17"}
{"level":"info","message":"Installing package - 23%","timestamp":"2026-07-19 22:39:17"}
{"level":"info","message":"Installing package - 24%","timestamp":"2026-07-19 22:39:17"}
{"level":"info","message":"Installing package - 25%","timestamp":"2026-07-19 22:39:17"}
{"level":"info","message":"Downloading package - 57%","timestamp":"2026-07-19 22:39:17"}
{"level":"info","message":"Installing package - 26%","timestamp":"2026-07-19 22:39:17"}
{"level":"info","message":"Downloading package - 58%","timestamp":"2026-07-19 22:39:17"}
{"level":"info","message":"Downloading package - 59%","timestamp":"2026-07-19 22:39:17"}
{"level":"info","message":"Downloading package - 60%","timestamp":"2026-07-19 22:39:17"}
{"level":"info","message":"Installing package - 27%","timestamp":"2026-07-19 22:39:17"}
{"level":"info","message":"Downloading package - 61%","timestamp":"2026-07-19 22:39:17"}
{"level":"info","message":"Installing package - 28%","timestamp":"2026-07-19 22:39:17"}
{"level":"info","message":"Downloading package - 62%","timestamp":"2026-07-19 22:39:17"}
{"level":"info","message":"Installing package - 29%","timestamp":"2026-07-19 22:39:17"}
{"level":"info","message":"Downloading package - 63%","timestamp":"2026-07-19 22:39:17"}
{"level":"info","message":"Installing package - 30%","timestamp":"2026-07-19 22:39:17"}
{"level":"info","message":"Installing package - 31%","timestamp":"2026-07-19 22:39:17"}
{"level":"info","message":"Downloading package - 64%","timestamp":"2026-07-19 22:39:17"}
{"level":"info","message":"Installing package - 32%","timestamp":"2026-07-19 22:39:17"}
{"level":"info","message":"Installing package - 33%","timestamp":"2026-07-19 22:39:17"}
{"level":"info","message":"Installing package - 34%","timestamp":"2026-07-19 22:39:17"}
{"level":"info","message":"Installing package - 35%","timestamp":"2026-07-19 22:39:17"}
{"level":"info","message":"Downloading package - 65%","timestamp":"2026-07-19 22:39:17"}
{"level":"info","message":"Installing package - 36%","timestamp":"2026-07-19 22:39:17"}
{"level":"info","message":"Installing package - 37%","timestamp":"2026-07-19 22:39:17"}
{"level":"info","message":"Installing package - 38%","timestamp":"2026-07-19 22:39:17"}
{"level":"info","message":"Downloading package - 66%","timestamp":"2026-07-19 22:39:17"}
{"level":"info","message":"Installing package - 39%","timestamp":"2026-07-19 22:39:17"}
{"level":"info","message":"Installing package - 40%","timestamp":"2026-07-19 22:39:17"}
{"level":"info","message":"Installing package - 41%","timestamp":"2026-07-19 22:39:17"}
{"level":"info","message":"Installing package - 42%","timestamp":"2026-07-19 22:39:17"}
{"level":"info","message":"Installing package - 43%","timestamp":"2026-07-19 22:39:17"}
{"level":"info","message":"Downloading package - 67%","timestamp":"2026-07-19 22:39:17"}
{"level":"info","message":"Installing package - 44%","timestamp":"2026-07-19 22:39:17"}
{"level":"info","message":"Installing package - 45%","timestamp":"2026-07-19 22:39:17"}
{"level":"info","message":"Downloading package - 68%","timestamp":"2026-07-19 22:39:17"}
{"level":"info","message":"Downloading package - 69%","timestamp":"2026-07-19 22:39:17"}
{"level":"info","message":"Installing package - 46%","timestamp":"2026-07-19 22:39:17"}
{"level":"info","message":"Downloading package - 70%","timestamp":"2026-07-19 22:39:17"}
{"level":"info","message":"Installing package - 47%","timestamp":"2026-07-19 22:39:17"}
{"level":"info","message":"Installing package - 48%","timestamp":"2026-07-19 22:39:17"}
{"level":"info","message":"Installing package - 49%","timestamp":"2026-07-19 22:39:17"}
{"level":"info","message":"Downloading package - 71%","timestamp":"2026-07-19 22:39:17"}
{"level":"info","message":"Installing package - 50%","timestamp":"2026-07-19 22:39:17"}
{"level":"info","message":"Installing package - 51%","timestamp":"2026-07-19 22:39:17"}
{"level":"info","message":"Installing package - 52%","timestamp":"2026-07-19 22:39:17"}
{"level":"info","message":"Installing package - 53%","timestamp":"2026-07-19 22:39:17"}
{"level":"info","message":"Installing package - 54%","timestamp":"2026-07-19 22:39:17"}
{"level":"info","message":"Downloading package - 72%","timestamp":"2026-07-19 22:39:17"}
{"level":"info","message":"Downloading package - 73%","timestamp":"2026-07-19 22:39:17"}
{"level":"info","message":"Downloading package - 74%","timestamp":"2026-07-19 22:39:17"}
{"level":"info","message":"Installing package - 55%","timestamp":"2026-07-19 22:39:17"}
{"level":"info","message":"Downloading package - 75%","timestamp":"2026-07-19 22:39:17"}
{"level":"info","message":"Installing package - 56%","timestamp":"2026-07-19 22:39:17"}
{"level":"info","message":"Downloading package - 76%","timestamp":"2026-07-19 22:39:17"}
{"level":"info","message":"Installing package - 57%","timestamp":"2026-07-19 22:39:17"}
{"level":"info","message":"Installing package - 58%","timestamp":"2026-07-19 22:39:17"}
{"level":"info","message":"Downloading package - 77%","timestamp":"2026-07-19 22:39:17"}
{"level":"info","message":"Installing package - 59%","timestamp":"2026-07-19 22:39:17"}
{"level":"info","message":"Downloading package - 78%","timestamp":"2026-07-19 22:39:17"}
{"level":"info","message":"Installing package - 60%","timestamp":"2026-07-19 22:39:17"}
{"level":"info","message":"Installing package - 61%","timestamp":"2026-07-19 22:39:17"}
{"level":"info","message":"Downloading package - 79%","timestamp":"2026-07-19 22:39:17"}
{"level":"info","message":"Downloading package - 80%","timestamp":"2026-07-19 22:39:17"}
{"level":"info","message":"Downloading package - 81%","timestamp":"2026-07-19 22:39:17"}
{"level":"info","message":"Downloading package - 82%","timestamp":"2026-07-19 22:39:17"}
{"level":"info","message":"Downloading package - 83%","timestamp":"2026-07-19 22:39:17"}
{"level":"info","message":"Downloading package - 84%","timestamp":"2026-07-19 22:39:17"}
{"level":"info","message":"Downloading package - 85%","timestamp":"2026-07-19 22:39:17"}
{"level":"info","message":"Installing package - 62%","timestamp":"2026-07-19 22:39:17"}
{"level":"info","message":"Downloading package - 86%","timestamp":"2026-07-19 22:39:17"}
{"level":"info","message":"Downloading package - 87%","timestamp":"2026-07-19 22:39:17"}
{"level":"info","message":"Downloading package - 88%","timestamp":"2026-07-19 22:39:17"}
{"level":"info","message":"Downloading package - 89%","timestamp":"2026-07-19 22:39:17"}
{"level":"info","message":"Downloading package - 90%","timestamp":"2026-07-19 22:39:17"}
{"level":"info","message":"Downloading package - 91%","timestamp":"2026-07-19 22:39:17"}
{"level":"info","message":"Downloading package - 92%","timestamp":"2026-07-19 22:39:17"}
{"level":"info","message":"Downloading package - 93%","timestamp":"2026-07-19 22:39:17"}
{"level":"info","message":"Downloading package - 94%","timestamp":"2026-07-19 22:39:17"}
{"level":"info","message":"Downloading package - 95%","timestamp":"2026-07-19 22:39:17"}
{"level":"info","message":"Downloading package - 96%","timestamp":"2026-07-19 22:39:17"}
{"level":"info","message":"Downloading package - 97%","timestamp":"2026-07-19 22:39:17"}
{"level":"info","message":"Downloading package - 98%","timestamp":"2026-07-19 22:39:17"}
{"level":"info","message":"Downloading package - 99%","timestamp":"2026-07-19 22:39:17"}
{"level":"info","message":"Downloading package - 100%","timestamp":"2026-07-19 22:39:17"}
{"level":"info","message":"Downloading package - 0%","timestamp":"2026-07-19 22:39:17"}
{"level":"info","message":"Installing package - 63%","timestamp":"2026-07-19 22:39:17"}
{"level":"info","message":"Installing package - 64%","timestamp":"2026-07-19 22:39:17"}
{"level":"info","message":"Installing package - 65%","timestamp":"2026-07-19 22:39:17"}
{"level":"info","message":"Installing package - 66%","timestamp":"2026-07-19 22:39:17"}
{"level":"info","message":"Installing package - 67%","timestamp":"2026-07-19 22:39:17"}
{"level":"info","message":"Installing package - 1%","timestamp":"2026-07-19 22:39:17"}
{"level":"info","message":"Installing package - 2%","timestamp":"2026-07-19 22:39:17"}
{"level":"info","message":"Installing package - 3%","timestamp":"2026-07-19 22:39:17"}
{"level":"info","message":"Installing package - 4%","timestamp":"2026-07-19 22:39:17"}
{"level":"info","message":"Installing package - 68%","timestamp":"2026-07-19 22:39:17"}
{"level":"info","message":"Installing package - 5%","timestamp":"2026-07-19 22:39:17"}
{"level":"info","message":"Installing package - 69%","timestamp":"2026-07-19 22:39:17"}
{"level":"info","message":"Installing package - 6%","timestamp":"2026-07-19 22:39:17"}
{"level":"info","message":"Installing package - 7%","timestamp":"2026-07-19 22:39:17"}
{"level":"info","message":"Installing package - 70%","timestamp":"2026-07-19 22:39:17"}
{"level":"info","message":"Installing package - 8%","timestamp":"2026-07-19 22:39:17"}
{"level":"info","message":"Installing package - 71%","timestamp":"2026-07-19 22:39:17"}
{"level":"info","message":"Installing package - 9%","timestamp":"2026-07-19 22:39:17"}
{"level":"info","message":"Installing package - 10%","timestamp":"2026-07-19 22:39:17"}
{"level":"info","message":"Installing package - 72%","timestamp":"2026-07-19 22:39:17"}
{"level":"info","message":"Installing package - 11%","timestamp":"2026-07-19 22:39:17"}
{"level":"info","message":"Installing package - 12%","timestamp":"2026-07-19 22:39:17"}
{"level":"info","message":"Installing package - 73%","timestamp":"2026-07-19 22:39:17"}
{"level":"info","message":"Installing package - 13%","timestamp":"2026-07-19 22:39:17"}
{"level":"info","message":"Installing package - 14%","timestamp":"2026-07-19 22:39:17"}
{"level":"info","message":"Installing package - 74%","timestamp":"2026-07-19 22:39:17"}
{"level":"info","message":"Installing package - 15%","timestamp":"2026-07-19 22:39:17"}
{"level":"info","message":"Installing package - 75%","timestamp":"2026-07-19 22:39:17"}
{"level":"info","message":"Installing package - 16%","timestamp":"2026-07-19 22:39:17"}
{"level":"info","message":"Installing package - 17%","timestamp":"2026-07-19 22:39:17"}
{"level":"info","message":"Installing package - 76%","timestamp":"2026-07-19 22:39:17"}
{"level":"info","message":"Installing package - 18%","timestamp":"2026-07-19 22:39:17"}
{"level":"info","message":"Installing package - 19%","timestamp":"2026-07-19 22:39:17"}
{"level":"info","message":"Installing package - 77%","timestamp":"2026-07-19 22:39:17"}
{"level":"info","message":"Installing package - 78%","timestamp":"2026-07-19 22:39:17"}
{"level":"info","message":"Installing package - 79%","timestamp":"2026-07-19 22:39:17"}
{"level":"info","message":"Installing package - 80%","timestamp":"2026-07-19 22:39:17"}
{"level":"info","message":"Installing package - 81%","timestamp":"2026-07-19 22:39:17"}
{"level":"info","message":"Installing package - 3%","timestamp":"2026-07-19 22:39:17"}
{"level":"info","message":"Installing package - 7%","timestamp":"2026-07-19 22:39:17"}
{"level":"info","message":"Installing package - 10%","timestamp":"2026-07-19 22:39:17"}
{"level":"info","message":"Installing package - 13%","timestamp":"2026-07-19 22:39:17"}
{"level":"info","message":"Installing package - 17%","timestamp":"2026-07-19 22:39:17"}
{"level":"info","message":"Installing package - 20%","timestamp":"2026-07-19 22:39:17"}
{"level":"info","message":"Installing package - 23%","timestamp":"2026-07-19 22:39:17"}
{"level":"info","message":"Installing package - 27%","timestamp":"2026-07-19 22:39:17"}
{"level":"info","message":"Installing package - 30%","timestamp":"2026-07-19 22:39:17"}
{"level":"info","message":"Installing package - 33%","timestamp":"2026-07-19 22:39:17"}
{"level":"info","message":"Installing package - 37%","timestamp":"2026-07-19 22:39:17"}
{"level":"info","message":"Installing package - 40%","timestamp":"2026-07-19 22:39:17"}
{"level":"info","message":"Installing package - 43%","timestamp":"2026-07-19 22:39:17"}
{"level":"info","message":"Installing package - 47%","timestamp":"2026-07-19 22:39:17"}
{"level":"info","message":"Installing package - 50%","timestamp":"2026-07-19 22:39:17"}
{"level":"info","message":"Installing package - 82%","timestamp":"2026-07-19 22:39:17"}
{"level":"info","message":"Installing package - 53%","timestamp":"2026-07-19 22:39:17"}
{"level":"info","message":"Installing package - 57%","timestamp":"2026-07-19 22:39:17"}
{"level":"info","message":"Installing package - 60%","timestamp":"2026-07-19 22:39:17"}
{"level":"info","message":"Installing package - 20%","timestamp":"2026-07-19 22:39:17"}
{"level":"info","message":"Installing package - 63%","timestamp":"2026-07-19 22:39:17"}
{"level":"info","message":"Installing package - 67%","timestamp":"2026-07-19 22:39:17"}
{"level":"info","message":"Installing package - 70%","timestamp":"2026-07-19 22:39:17"}
{"level":"info","message":"Installing package - 73%","timestamp":"2026-07-19 22:39:17"}
{"level":"info","message":"Installing package - 77%","timestamp":"2026-07-19 22:39:17"}
{"level":"info","message":"Installing package - 80%","timestamp":"2026-07-19 22:39:17"}
{"level":"info","message":"Installing package - 83%","timestamp":"2026-07-19 22:39:17"}
{"level":"info","message":"Installing package - 87%","timestamp":"2026-07-19 22:39:17"}
{"level":"info","message":"Installing package - 90%","timestamp":"2026-07-19 22:39:17"}
{"level":"info","message":"Installing package - 93%","timestamp":"2026-07-19 22:39:17"}
{"level":"info","message":"Installing package - 97%","timestamp":"2026-07-19 22:39:17"}
{"level":"info","message":"Installing package - 100%","timestamp":"2026-07-19 22:39:17"}
{"level":"info","message":"Installed module lang-de","timestamp":"2026-07-19 22:39:17"}
{"level":"info","message":"complete - 100%","timestamp":"2026-07-19 22:39:17"}
{"level":"info","message":"Installing package - 83%","timestamp":"2026-07-19 22:39:17"}
{"level":"info","message":"Installing package - 84%","timestamp":"2026-07-19 22:39:17"}
{"level":"info","message":"Installing package - 85%","timestamp":"2026-07-19 22:39:17"}
{"level":"info","message":"Installing package - 86%","timestamp":"2026-07-19 22:39:17"}
{"level":"info","message":"Installing package - 87%","timestamp":"2026-07-19 22:39:17"}
{"level":"info","message":"Installing package - 88%","timestamp":"2026-07-19 22:39:17"}
{"level":"info","message":"Installing package - 89%","timestamp":"2026-07-19 22:39:17"}
{"level":"info","message":"Installing package - 90%","timestamp":"2026-07-19 22:39:17"}
{"level":"info","message":"Installing package - 91%","timestamp":"2026-07-19 22:39:17"}
{"level":"info","message":"Installing package - 92%","timestamp":"2026-07-19 22:39:17"}
{"level":"info","message":"Installing package - 93%","timestamp":"2026-07-19 22:39:17"}
{"level":"info","message":"Installing package - 94%","timestamp":"2026-07-19 22:39:17"}
{"level":"info","message":"Installing package - 95%","timestamp":"2026-07-19 22:39:17"}
{"level":"info","message":"Installing package - 96%","timestamp":"2026-07-19 22:39:17"}
{"level":"info","message":"Installing package - 97%","timestamp":"2026-07-19 22:39:17"}
{"level":"info","message":"Installing package - 98%","timestamp":"2026-07-19 22:39:17"}
{"level":"info","message":"Installing package - 99%","timestamp":"2026-07-19 22:39:17"}
{"level":"info","message":"Installing package - 100%","timestamp":"2026-07-19 22:39:17"}
{"level":"info","message":"Installed module fxmaster","timestamp":"2026-07-19 22:39:17"}
{"level":"info","message":"complete - 100%","timestamp":"2026-07-19 22:39:17"}
{"level":"info","message":"Installing package - 21%","timestamp":"2026-07-19 22:39:17"}
{"level":"info","message":"Installing package - 22%","timestamp":"2026-07-19 22:39:17"}
{"level":"info","message":"Installing package - 23%","timestamp":"2026-07-19 22:39:17"}
{"level":"info","message":"Installing package - 24%","timestamp":"2026-07-19 22:39:17"}
{"level":"info","message":"Installing package - 25%","timestamp":"2026-07-19 22:39:17"}
{"level":"info","message":"Installing package - 26%","timestamp":"2026-07-19 22:39:17"}
{"level":"info","message":"Installing package - 27%","timestamp":"2026-07-19 22:39:17"}
{"level":"info","message":"Installing package - 28%","timestamp":"2026-07-19 22:39:17"}
{"level":"info","message":"Installing package - 29%","timestamp":"2026-07-19 22:39:17"}
{"level":"info","message":"Installing package - 30%","timestamp":"2026-07-19 22:39:17"}
{"level":"info","message":"Installing package - 31%","timestamp":"2026-07-19 22:39:17"}
{"level":"info","message":"Installing package - 32%","timestamp":"2026-07-19 22:39:17"}
{"level":"info","message":"Installing package - 33%","timestamp":"2026-07-19 22:39:17"}
{"level":"info","message":"Installing package - 34%","timestamp":"2026-07-19 22:39:17"}
{"level":"info","message":"Installing package - 35%","timestamp":"2026-07-19 22:39:17"}
{"level":"info","message":"Installing package - 36%","timestamp":"2026-07-19 22:39:17"}
{"level":"info","message":"Installing package - 37%","timestamp":"2026-07-19 22:39:17"}
{"level":"info","message":"Installing package - 38%","timestamp":"2026-07-19 22:39:17"}
{"level":"info","message":"Installing package - 39%","timestamp":"2026-07-19 22:39:17"}
{"level":"info","message":"Installing package - 40%","timestamp":"2026-07-19 22:39:17"}
{"level":"info","message":"Installing package - 41%","timestamp":"2026-07-19 22:39:17"}
{"level":"info","message":"Installing package - 42%","timestamp":"2026-07-19 22:39:17"}
{"level":"info","message":"Installing package - 43%","timestamp":"2026-07-19 22:39:17"}
{"level":"info","message":"Installing package - 44%","timestamp":"2026-07-19 22:39:17"}
{"level":"info","message":"Installing package - 45%","timestamp":"2026-07-19 22:39:17"}
{"level":"info","message":"Installing package - 46%","timestamp":"2026-07-19 22:39:17"}
{"level":"info","message":"Installing package - 47%","timestamp":"2026-07-19 22:39:17"}
{"level":"info","message":"Installing package - 48%","timestamp":"2026-07-19 22:39:17"}
{"level":"info","message":"Installing package - 49%","timestamp":"2026-07-19 22:39:17"}
{"level":"info","message":"Installing package - 50%","timestamp":"2026-07-19 22:39:17"}
{"level":"info","message":"Installing package - 51%","timestamp":"2026-07-19 22:39:17"}
{"level":"info","message":"Installing package - 52%","timestamp":"2026-07-19 22:39:17"}
{"level":"info","message":"Installing package - 53%","timestamp":"2026-07-19 22:39:17"}
{"level":"info","message":"Installing package - 54%","timestamp":"2026-07-19 22:39:17"}
{"level":"info","message":"Installing package - 55%","timestamp":"2026-07-19 22:39:17"}
{"level":"info","message":"Installing package - 56%","timestamp":"2026-07-19 22:39:17"}
{"level":"info","message":"Installing package - 57%","timestamp":"2026-07-19 22:39:17"}
{"level":"info","message":"Installing package - 58%","timestamp":"2026-07-19 22:39:17"}
{"level":"info","message":"Installing package - 59%","timestamp":"2026-07-19 22:39:17"}
{"level":"info","message":"Installing package - 60%","timestamp":"2026-07-19 22:39:17"}
{"level":"info","message":"Installing package - 61%","timestamp":"2026-07-19 22:39:17"}
{"level":"info","message":"Installing package - 62%","timestamp":"2026-07-19 22:39:17"}
{"level":"info","message":"Installing package - 63%","timestamp":"2026-07-19 22:39:17"}
{"level":"info","message":"Installing package - 64%","timestamp":"2026-07-19 22:39:17"}
{"level":"info","message":"Installing package - 65%","timestamp":"2026-07-19 22:39:17"}
{"level":"info","message":"Installing package - 66%","timestamp":"2026-07-19 22:39:17"}
{"level":"info","message":"Installing package - 67%","timestamp":"2026-07-19 22:39:17"}
{"level":"info","message":"Installing package - 68%","timestamp":"2026-07-19 22:39:17"}
{"level":"info","message":"Installing package - 69%","timestamp":"2026-07-19 22:39:17"}
{"level":"info","message":"Installing package - 70%","timestamp":"2026-07-19 22:39:17"}
{"level":"info","message":"Installing package - 71%","timestamp":"2026-07-19 22:39:17"}
{"level":"info","message":"Installing package - 72%","timestamp":"2026-07-19 22:39:17"}
{"level":"info","message":"Installing package - 73%","timestamp":"2026-07-19 22:39:17"}
{"level":"info","message":"Installing package - 74%","timestamp":"2026-07-19 22:39:17"}
{"level":"info","message":"Installing package - 75%","timestamp":"2026-07-19 22:39:17"}
{"level":"info","message":"Installing package - 76%","timestamp":"2026-07-19 22:39:17"}
{"level":"info","message":"Installing package - 77%","timestamp":"2026-07-19 22:39:17"}
{"level":"info","message":"Installing package - 78%","timestamp":"2026-07-19 22:39:17"}
{"level":"info","message":"Installing package - 79%","timestamp":"2026-07-19 22:39:17"}
{"level":"info","message":"Installing package - 80%","timestamp":"2026-07-19 22:39:17"}
{"level":"info","message":"Installing package - 81%","timestamp":"2026-07-19 22:39:17"}
{"level":"info","message":"Installing package - 82%","timestamp":"2026-07-19 22:39:17"}
{"level":"info","message":"Installing package - 83%","timestamp":"2026-07-19 22:39:17"}
{"level":"info","message":"Installing package - 84%","timestamp":"2026-07-19 22:39:17"}
{"level":"info","message":"Installing package - 85%","timestamp":"2026-07-19 22:39:17"}
{"level":"info","message":"Installing package - 86%","timestamp":"2026-07-19 22:39:17"}
{"level":"info","message":"Installing package - 87%","timestamp":"2026-07-19 22:39:17"}
{"level":"info","message":"Installing package - 88%","timestamp":"2026-07-19 22:39:17"}
{"level":"info","message":"Installing package - 89%","timestamp":"2026-07-19 22:39:17"}
{"level":"info","message":"Installing package - 90%","timestamp":"2026-07-19 22:39:17"}
{"level":"info","message":"Installing package - 91%","timestamp":"2026-07-19 22:39:17"}
{"level":"info","message":"Installing package - 92%","timestamp":"2026-07-19 22:39:17"}
{"level":"info","message":"Installing package - 93%","timestamp":"2026-07-19 22:39:17"}
{"level":"info","message":"Installing package - 94%","timestamp":"2026-07-19 22:39:17"}
{"level":"info","message":"Installing package - 95%","timestamp":"2026-07-19 22:39:17"}
{"level":"info","message":"Installing package - 96%","timestamp":"2026-07-19 22:39:17"}
{"level":"info","message":"Installing package - 97%","timestamp":"2026-07-19 22:39:17"}
{"level":"info","message":"Installing package - 98%","timestamp":"2026-07-19 22:39:17"}
{"level":"info","message":"Installing package - 99%","timestamp":"2026-07-19 22:39:17"}
{"level":"info","message":"Installing package - 100%","timestamp":"2026-07-19 22:39:17"}
{"level":"info","message":"Installed module dice-so-nice","timestamp":"2026-07-19 22:39:17"}
{"level":"info","message":"complete - 100%","timestamp":"2026-07-19 22:39:17"}
{"level":"info","message":"Downloading package - 0%","timestamp":"2026-07-19 22:39:17"}
{"level":"info","message":"Downloading package - 1%","timestamp":"2026-07-19 22:39:17"}
{"level":"info","message":"Downloading package - 2%","timestamp":"2026-07-19 22:39:17"}
{"level":"info","message":"Downloading package - 3%","timestamp":"2026-07-19 22:39:17"}
{"level":"info","message":"Downloading package - 4%","timestamp":"2026-07-19 22:39:17"}
{"level":"info","message":"Downloading package - 5%","timestamp":"2026-07-19 22:39:17"}
{"level":"info","message":"Downloading package - 6%","timestamp":"2026-07-19 22:39:17"}
{"level":"info","message":"Downloading package - 7%","timestamp":"2026-07-19 22:39:17"}
{"level":"info","message":"Downloading package - 8%","timestamp":"2026-07-19 22:39:17"}
{"level":"info","message":"Downloading package - 9%","timestamp":"2026-07-19 22:39:17"}
{"level":"info","message":"Downloading package - 10%","timestamp":"2026-07-19 22:39:17"}
{"level":"info","message":"Downloading package - 11%","timestamp":"2026-07-19 22:39:17"}
{"level":"info","message":"Downloading package - 12%","timestamp":"2026-07-19 22:39:17"}
{"level":"info","message":"Downloading package - 13%","timestamp":"2026-07-19 22:39:17"}
{"level":"info","message":"Downloading package - 14%","timestamp":"2026-07-19 22:39:17"}
{"level":"info","message":"Downloading package - 15%","timestamp":"2026-07-19 22:39:17"}
{"level":"info","message":"Downloading package - 16%","timestamp":"2026-07-19 22:39:17"}
{"level":"info","message":"Downloading package - 17%","timestamp":"2026-07-19 22:39:17"}
{"level":"info","message":"Downloading package - 18%","timestamp":"2026-07-19 22:39:17"}
{"level":"info","message":"Downloading package - 19%","timestamp":"2026-07-19 22:39:17"}
{"level":"info","message":"Downloading package - 20%","timestamp":"2026-07-19 22:39:17"}
{"level":"info","message":"Downloading package - 21%","timestamp":"2026-07-19 22:39:17"}
{"level":"info","message":"Downloading package - 22%","timestamp":"2026-07-19 22:39:17"}
{"level":"info","message":"Downloading package - 23%","timestamp":"2026-07-19 22:39:17"}
{"level":"info","message":"Downloading package - 24%","timestamp":"2026-07-19 22:39:17"}
{"level":"info","message":"Downloading package - 25%","timestamp":"2026-07-19 22:39:17"}
{"level":"info","message":"Downloading package - 26%","timestamp":"2026-07-19 22:39:17"}
{"level":"info","message":"Downloading package - 27%","timestamp":"2026-07-19 22:39:18"}
{"level":"info","message":"Downloading package - 28%","timestamp":"2026-07-19 22:39:18"}
{"level":"info","message":"Downloading package - 29%","timestamp":"2026-07-19 22:39:18"}
{"level":"info","message":"Downloading package - 30%","timestamp":"2026-07-19 22:39:18"}
{"level":"info","message":"Downloading package - 31%","timestamp":"2026-07-19 22:39:18"}
{"level":"info","message":"Downloading package - 32%","timestamp":"2026-07-19 22:39:18"}
{"level":"info","message":"Downloading package - 33%","timestamp":"2026-07-19 22:39:18"}
{"level":"info","message":"Downloading package - 34%","timestamp":"2026-07-19 22:39:18"}
{"level":"info","message":"Downloading package - 35%","timestamp":"2026-07-19 22:39:18"}
{"level":"info","message":"Downloading package - 36%","timestamp":"2026-07-19 22:39:18"}
{"level":"info","message":"Downloading package - 37%","timestamp":"2026-07-19 22:39:18"}
{"level":"info","message":"Downloading package - 38%","timestamp":"2026-07-19 22:39:18"}
{"level":"info","message":"Downloading package - 39%","timestamp":"2026-07-19 22:39:18"}
{"level":"info","message":"Downloading package - 40%","timestamp":"2026-07-19 22:39:18"}
{"level":"info","message":"Downloading package - 41%","timestamp":"2026-07-19 22:39:18"}
{"level":"info","message":"Downloading package - 42%","timestamp":"2026-07-19 22:39:18"}
{"level":"info","message":"Downloading package - 43%","timestamp":"2026-07-19 22:39:18"}
{"level":"info","message":"Downloading package - 44%","timestamp":"2026-07-19 22:39:18"}
{"level":"info","message":"Downloading package - 45%","timestamp":"2026-07-19 22:39:18"}
{"level":"info","message":"Downloading package - 46%","timestamp":"2026-07-19 22:39:18"}
{"level":"info","message":"Downloading package - 47%","timestamp":"2026-07-19 22:39:18"}
{"level":"info","message":"Downloading package - 48%","timestamp":"2026-07-19 22:39:18"}
{"level":"info","message":"Downloading package - 49%","timestamp":"2026-07-19 22:39:18"}
{"level":"info","message":"Downloading package - 50%","timestamp":"2026-07-19 22:39:18"}
{"level":"info","message":"Downloading package - 51%","timestamp":"2026-07-19 22:39:18"}
{"level":"info","message":"Downloading package - 52%","timestamp":"2026-07-19 22:39:18"}
{"level":"info","message":"Downloading package - 53%","timestamp":"2026-07-19 22:39:18"}
{"level":"info","message":"Downloading package - 54%","timestamp":"2026-07-19 22:39:18"}
{"level":"info","message":"Downloading package - 55%","timestamp":"2026-07-19 22:39:18"}
{"level":"info","message":"Downloading package - 56%","timestamp":"2026-07-19 22:39:18"}
{"level":"info","message":"Downloading package - 57%","timestamp":"2026-07-19 22:39:18"}
{"level":"info","message":"Downloading package - 58%","timestamp":"2026-07-19 22:39:18"}
{"level":"info","message":"Downloading package - 59%","timestamp":"2026-07-19 22:39:18"}
{"level":"info","message":"Downloading package - 60%","timestamp":"2026-07-19 22:39:18"}
{"level":"info","message":"Downloading package - 61%","timestamp":"2026-07-19 22:39:18"}
{"level":"info","message":"Downloading package - 62%","timestamp":"2026-07-19 22:39:18"}
{"level":"info","message":"Downloading package - 63%","timestamp":"2026-07-19 22:39:18"}
{"level":"info","message":"Downloading package - 64%","timestamp":"2026-07-19 22:39:18"}
{"level":"info","message":"Downloading package - 65%","timestamp":"2026-07-19 22:39:18"}
{"level":"info","message":"Downloading package - 66%","timestamp":"2026-07-19 22:39:18"}
{"level":"info","message":"Downloading package - 67%","timestamp":"2026-07-19 22:39:18"}
{"level":"info","message":"Downloading package - 68%","timestamp":"2026-07-19 22:39:18"}
{"level":"info","message":"Downloading package - 69%","timestamp":"2026-07-19 22:39:18"}
{"level":"info","message":"Downloading package - 70%","timestamp":"2026-07-19 22:39:18"}
{"level":"info","message":"Downloading package - 71%","timestamp":"2026-07-19 22:39:18"}
{"level":"info","message":"Downloading package - 72%","timestamp":"2026-07-19 22:39:18"}
{"level":"info","message":"Downloading package - 73%","timestamp":"2026-07-19 22:39:18"}
{"level":"info","message":"Downloading package - 74%","timestamp":"2026-07-19 22:39:18"}
{"level":"info","message":"Downloading package - 75%","timestamp":"2026-07-19 22:39:18"}
{"level":"info","message":"Downloading package - 76%","timestamp":"2026-07-19 22:39:18"}
{"level":"info","message":"Downloading package - 77%","timestamp":"2026-07-19 22:39:18"}
{"level":"info","message":"Downloading package - 78%","timestamp":"2026-07-19 22:39:18"}
{"level":"info","message":"Downloading package - 79%","timestamp":"2026-07-19 22:39:18"}
{"level":"info","message":"Downloading package - 80%","timestamp":"2026-07-19 22:39:18"}
{"level":"info","message":"Downloading package - 81%","timestamp":"2026-07-19 22:39:18"}
{"level":"info","message":"Downloading package - 82%","timestamp":"2026-07-19 22:39:18"}
{"level":"info","message":"Downloading package - 83%","timestamp":"2026-07-19 22:39:18"}
{"level":"info","message":"Downloading package - 84%","timestamp":"2026-07-19 22:39:18"}
{"level":"info","message":"Downloading package - 85%","timestamp":"2026-07-19 22:39:18"}
{"level":"info","message":"Downloading package - 86%","timestamp":"2026-07-19 22:39:18"}
{"level":"info","message":"Downloading package - 87%","timestamp":"2026-07-19 22:39:18"}
{"level":"info","message":"Downloading package - 88%","timestamp":"2026-07-19 22:39:18"}
{"level":"info","message":"Downloading package - 89%","timestamp":"2026-07-19 22:39:18"}
{"level":"info","message":"Downloading package - 90%","timestamp":"2026-07-19 22:39:18"}
{"level":"info","message":"Downloading package - 91%","timestamp":"2026-07-19 22:39:18"}
{"level":"info","message":"Downloading package - 92%","timestamp":"2026-07-19 22:39:18"}
{"level":"info","message":"Downloading package - 93%","timestamp":"2026-07-19 22:39:18"}
{"level":"info","message":"Downloading package - 94%","timestamp":"2026-07-19 22:39:18"}
{"level":"info","message":"Downloading package - 95%","timestamp":"2026-07-19 22:39:18"}
{"level":"info","message":"Downloading package - 96%","timestamp":"2026-07-19 22:39:18"}
{"level":"info","message":"Downloading package - 97%","timestamp":"2026-07-19 22:39:18"}
{"level":"info","message":"Downloading package - 98%","timestamp":"2026-07-19 22:39:18"}
{"level":"info","message":"Downloading package - 99%","timestamp":"2026-07-19 22:39:18"}
{"level":"info","message":"Downloading package - 100%","timestamp":"2026-07-19 22:39:18"}
{"level":"info","message":"Installing package - 2%","timestamp":"2026-07-19 22:39:18"}
{"level":"info","message":"Installing package - 5%","timestamp":"2026-07-19 22:39:18"}
{"level":"info","message":"Installing package - 7%","timestamp":"2026-07-19 22:39:18"}
{"level":"info","message":"Installing package - 10%","timestamp":"2026-07-19 22:39:18"}
{"level":"info","message":"Installing package - 12%","timestamp":"2026-07-19 22:39:18"}
{"level":"info","message":"Installing package - 14%","timestamp":"2026-07-19 22:39:18"}
{"level":"info","message":"Installing package - 17%","timestamp":"2026-07-19 22:39:18"}
{"level":"info","message":"Installing package - 19%","timestamp":"2026-07-19 22:39:18"}
{"level":"info","message":"Installing package - 21%","timestamp":"2026-07-19 22:39:18"}
{"level":"info","message":"Installing package - 24%","timestamp":"2026-07-19 22:39:18"}
{"level":"info","message":"Installing package - 26%","timestamp":"2026-07-19 22:39:18"}
{"level":"info","message":"Installing package - 29%","timestamp":"2026-07-19 22:39:18"}
{"level":"info","message":"Installing package - 31%","timestamp":"2026-07-19 22:39:18"}
{"level":"info","message":"Installing package - 33%","timestamp":"2026-07-19 22:39:18"}
{"level":"info","message":"Installing package - 36%","timestamp":"2026-07-19 22:39:18"}
{"level":"info","message":"Installing package - 38%","timestamp":"2026-07-19 22:39:18"}
{"level":"info","message":"Installing package - 40%","timestamp":"2026-07-19 22:39:18"}
{"level":"info","message":"Installing package - 43%","timestamp":"2026-07-19 22:39:18"}
{"level":"info","message":"Installing package - 45%","timestamp":"2026-07-19 22:39:18"}
{"level":"info","message":"Installing package - 48%","timestamp":"2026-07-19 22:39:18"}
{"level":"info","message":"Installing package - 50%","timestamp":"2026-07-19 22:39:18"}
{"level":"info","message":"Installing package - 52%","timestamp":"2026-07-19 22:39:18"}
{"level":"info","message":"Installing package - 55%","timestamp":"2026-07-19 22:39:18"}
{"level":"info","message":"Installing package - 57%","timestamp":"2026-07-19 22:39:18"}
{"level":"info","message":"Installing package - 60%","timestamp":"2026-07-19 22:39:18"}
{"level":"info","message":"Installing package - 62%","timestamp":"2026-07-19 22:39:18"}
{"level":"info","message":"Installing package - 64%","timestamp":"2026-07-19 22:39:18"}
{"level":"info","message":"Installing package - 67%","timestamp":"2026-07-19 22:39:18"}
{"level":"info","message":"Installing package - 69%","timestamp":"2026-07-19 22:39:18"}
{"level":"info","message":"Installing package - 71%","timestamp":"2026-07-19 22:39:18"}
{"level":"info","message":"Installing package - 74%","timestamp":"2026-07-19 22:39:18"}
{"level":"info","message":"Installing package - 76%","timestamp":"2026-07-19 22:39:18"}
{"level":"info","message":"Installing package - 79%","timestamp":"2026-07-19 22:39:18"}
{"level":"info","message":"Installing package - 81%","timestamp":"2026-07-19 22:39:18"}
{"level":"info","message":"Installing package - 83%","timestamp":"2026-07-19 22:39:18"}
{"level":"info","message":"Installing package - 86%","timestamp":"2026-07-19 22:39:18"}
{"level":"info","message":"Installing package - 88%","timestamp":"2026-07-19 22:39:18"}
{"level":"info","message":"Installing package - 90%","timestamp":"2026-07-19 22:39:18"}
{"level":"info","message":"Installing package - 93%","timestamp":"2026-07-19 22:39:18"}
{"level":"info","message":"Installing package - 95%","timestamp":"2026-07-19 22:39:18"}
{"level":"info","message":"Installing package - 98%","timestamp":"2026-07-19 22:39:18"}
{"level":"info","message":"Installing package - 100%","timestamp":"2026-07-19 22:39:18"}
{"level":"info","message":"Installed module levels","timestamp":"2026-07-19 22:39:18"}
{"level":"info","message":"complete - 100%","timestamp":"2026-07-19 22:39:18"}
{"level":"info","message":"Downloading package - 4%","timestamp":"2026-07-19 22:39:18"}
{"level":"info","message":"Downloading package - 7%","timestamp":"2026-07-19 22:39:18"}
{"level":"info","message":"Downloading package - 11%","timestamp":"2026-07-19 22:39:18"}
{"level":"info","message":"Downloading package - 14%","timestamp":"2026-07-19 22:39:18"}
{"level":"info","message":"Downloading package - 18%","timestamp":"2026-07-19 22:39:18"}
{"level":"info","message":"Downloading package - 22%","timestamp":"2026-07-19 22:39:18"}
{"level":"info","message":"Downloading package - 25%","timestamp":"2026-07-19 22:39:18"}
{"level":"info","message":"Downloading package - 29%","timestamp":"2026-07-19 22:39:18"}
{"level":"info","message":"Downloading package - 33%","timestamp":"2026-07-19 22:39:18"}
{"level":"info","message":"Downloading package - 36%","timestamp":"2026-07-19 22:39:18"}
{"level":"info","message":"Downloading package - 40%","timestamp":"2026-07-19 22:39:18"}
{"level":"info","message":"Downloading package - 43%","timestamp":"2026-07-19 22:39:18"}
{"level":"info","message":"Downloading package - 47%","timestamp":"2026-07-19 22:39:18"}
{"level":"info","message":"Downloading package - 51%","timestamp":"2026-07-19 22:39:18"}
{"level":"info","message":"Downloading package - 54%","timestamp":"2026-07-19 22:39:18"}
{"level":"info","message":"Downloading package - 58%","timestamp":"2026-07-19 22:39:18"}
{"level":"info","message":"Downloading package - 62%","timestamp":"2026-07-19 22:39:18"}
{"level":"info","message":"Downloading package - 65%","timestamp":"2026-07-19 22:39:18"}
{"level":"info","message":"Downloading package - 69%","timestamp":"2026-07-19 22:39:18"}
{"level":"info","message":"Downloading package - 73%","timestamp":"2026-07-19 22:39:18"}
{"level":"info","message":"Downloading package - 76%","timestamp":"2026-07-19 22:39:18"}
{"level":"info","message":"Downloading package - 80%","timestamp":"2026-07-19 22:39:18"}
{"level":"info","message":"Downloading package - 84%","timestamp":"2026-07-19 22:39:18"}
{"level":"info","message":"Downloading package - 87%","timestamp":"2026-07-19 22:39:18"}
{"level":"info","message":"Downloading package - 91%","timestamp":"2026-07-19 22:39:18"}
{"level":"info","message":"Downloading package - 95%","timestamp":"2026-07-19 22:39:18"}
{"level":"info","message":"Downloading package - 98%","timestamp":"2026-07-19 22:39:18"}
{"level":"info","message":"Downloading package - 100%","timestamp":"2026-07-19 22:39:18"}
{"level":"info","message":"Installing package - 5%","timestamp":"2026-07-19 22:39:18"}
{"level":"info","message":"Installing package - 10%","timestamp":"2026-07-19 22:39:18"}
{"level":"info","message":"Installing package - 15%","timestamp":"2026-07-19 22:39:18"}
{"level":"info","message":"Installing package - 20%","timestamp":"2026-07-19 22:39:18"}
{"level":"info","message":"Installing package - 25%","timestamp":"2026-07-19 22:39:18"}
{"level":"info","message":"Installing package - 30%","timestamp":"2026-07-19 22:39:18"}
{"level":"info","message":"Installing package - 35%","timestamp":"2026-07-19 22:39:18"}
{"level":"info","message":"Installing package - 40%","timestamp":"2026-07-19 22:39:18"}
{"level":"info","message":"Installing package - 45%","timestamp":"2026-07-19 22:39:18"}
{"level":"info","message":"Installing package - 50%","timestamp":"2026-07-19 22:39:18"}
{"level":"info","message":"Installing package - 55%","timestamp":"2026-07-19 22:39:18"}
{"level":"info","message":"Installing package - 60%","timestamp":"2026-07-19 22:39:18"}
{"level":"info","message":"Installing package - 65%","timestamp":"2026-07-19 22:39:18"}
{"level":"info","message":"Installing package - 70%","timestamp":"2026-07-19 22:39:18"}
{"level":"info","message":"Installing package - 75%","timestamp":"2026-07-19 22:39:18"}
{"level":"info","message":"Installing package - 80%","timestamp":"2026-07-19 22:39:18"}
{"level":"info","message":"Installing package - 85%","timestamp":"2026-07-19 22:39:18"}
{"level":"info","message":"Installing package - 90%","timestamp":"2026-07-19 22:39:18"}
{"level":"info","message":"Installing package - 95%","timestamp":"2026-07-19 22:39:18"}
{"level":"info","message":"Installing package - 100%","timestamp":"2026-07-19 22:39:18"}
{"level":"info","message":"Installed module lib-wrapper","timestamp":"2026-07-19 22:39:18"}
{"level":"info","message":"complete - 100%","timestamp":"2026-07-19 22:39:18"}
{"level":"info","message":"Downloading package - 0%","timestamp":"2026-07-19 22:39:18"}
{"level":"info","message":"Downloading package - 1%","timestamp":"2026-07-19 22:39:18"}
{"level":"info","message":"Downloading package - 2%","timestamp":"2026-07-19 22:39:18"}
{"level":"info","message":"Downloading package - 3%","timestamp":"2026-07-19 22:39:18"}
{"level":"info","message":"Downloading package - 4%","timestamp":"2026-07-19 22:39:18"}
{"level":"info","message":"Downloading package - 5%","timestamp":"2026-07-19 22:39:18"}
{"level":"info","message":"Downloading package - 6%","timestamp":"2026-07-19 22:39:18"}
{"level":"info","message":"Downloading package - 7%","timestamp":"2026-07-19 22:39:18"}
{"level":"info","message":"Downloading package - 8%","timestamp":"2026-07-19 22:39:18"}
{"level":"info","message":"Downloading package - 9%","timestamp":"2026-07-19 22:39:18"}
{"level":"info","message":"Downloading package - 10%","timestamp":"2026-07-19 22:39:18"}
{"level":"info","message":"Downloading package - 11%","timestamp":"2026-07-19 22:39:18"}
{"level":"info","message":"Downloading package - 12%","timestamp":"2026-07-19 22:39:18"}
{"level":"info","message":"Downloading package - 13%","timestamp":"2026-07-19 22:39:18"}
{"level":"info","message":"Downloading package - 14%","timestamp":"2026-07-19 22:39:18"}
{"level":"info","message":"Downloading package - 15%","timestamp":"2026-07-19 22:39:18"}
{"level":"info","message":"Downloading package - 16%","timestamp":"2026-07-19 22:39:18"}
{"level":"info","message":"Downloading package - 17%","timestamp":"2026-07-19 22:39:18"}
{"level":"info","message":"Downloading package - 18%","timestamp":"2026-07-19 22:39:18"}
{"level":"info","message":"Downloading package - 19%","timestamp":"2026-07-19 22:39:18"}
{"level":"info","message":"Downloading package - 20%","timestamp":"2026-07-19 22:39:18"}
{"level":"info","message":"Downloading package - 21%","timestamp":"2026-07-19 22:39:18"}
{"level":"info","message":"Downloading package - 22%","timestamp":"2026-07-19 22:39:18"}
{"level":"info","message":"Downloading package - 23%","timestamp":"2026-07-19 22:39:18"}
{"level":"info","message":"Downloading package - 24%","timestamp":"2026-07-19 22:39:18"}
{"level":"info","message":"Downloading package - 25%","timestamp":"2026-07-19 22:39:18"}
{"level":"info","message":"Downloading package - 26%","timestamp":"2026-07-19 22:39:18"}
{"level":"info","message":"Downloading package - 27%","timestamp":"2026-07-19 22:39:18"}
{"level":"info","message":"Downloading package - 28%","timestamp":"2026-07-19 22:39:18"}
{"level":"info","message":"Downloading package - 29%","timestamp":"2026-07-19 22:39:18"}
{"level":"info","message":"Downloading package - 30%","timestamp":"2026-07-19 22:39:18"}
{"level":"info","message":"Downloading package - 31%","timestamp":"2026-07-19 22:39:18"}
{"level":"info","message":"Downloading package - 32%","timestamp":"2026-07-19 22:39:18"}
{"level":"info","message":"Downloading package - 33%","timestamp":"2026-07-19 22:39:18"}
{"level":"info","message":"Downloading package - 34%","timestamp":"2026-07-19 22:39:18"}
{"level":"info","message":"Downloading package - 35%","timestamp":"2026-07-19 22:39:18"}
{"level":"info","message":"Downloading package - 36%","timestamp":"2026-07-19 22:39:18"}
{"level":"info","message":"Downloading package - 37%","timestamp":"2026-07-19 22:39:18"}
{"level":"info","message":"Downloading package - 38%","timestamp":"2026-07-19 22:39:18"}
{"level":"info","message":"Downloading package - 39%","timestamp":"2026-07-19 22:39:18"}
{"level":"info","message":"Downloading package - 40%","timestamp":"2026-07-19 22:39:18"}
{"level":"info","message":"Downloading package - 41%","timestamp":"2026-07-19 22:39:18"}
{"level":"info","message":"Downloading package - 42%","timestamp":"2026-07-19 22:39:18"}
{"level":"info","message":"Downloading package - 43%","timestamp":"2026-07-19 22:39:18"}
{"level":"info","message":"Downloading package - 44%","timestamp":"2026-07-19 22:39:18"}
{"level":"info","message":"Downloading package - 45%","timestamp":"2026-07-19 22:39:18"}
{"level":"info","message":"Downloading package - 46%","timestamp":"2026-07-19 22:39:18"}
{"level":"info","message":"Downloading package - 47%","timestamp":"2026-07-19 22:39:18"}
{"level":"info","message":"Downloading package - 48%","timestamp":"2026-07-19 22:39:18"}
{"level":"info","message":"Downloading package - 49%","timestamp":"2026-07-19 22:39:18"}
{"level":"info","message":"Downloading package - 50%","timestamp":"2026-07-19 22:39:18"}
{"level":"info","message":"Downloading package - 51%","timestamp":"2026-07-19 22:39:18"}
{"level":"info","message":"Downloading package - 52%","timestamp":"2026-07-19 22:39:18"}
{"level":"info","message":"Downloading package - 53%","timestamp":"2026-07-19 22:39:18"}
{"level":"info","message":"Downloading package - 54%","timestamp":"2026-07-19 22:39:18"}
{"level":"info","message":"Downloading package - 55%","timestamp":"2026-07-19 22:39:18"}
{"level":"info","message":"Downloading package - 56%","timestamp":"2026-07-19 22:39:18"}
{"level":"info","message":"Downloading package - 57%","timestamp":"2026-07-19 22:39:18"}
{"level":"info","message":"Downloading package - 58%","timestamp":"2026-07-19 22:39:18"}
{"level":"info","message":"Downloading package - 59%","timestamp":"2026-07-19 22:39:18"}
{"level":"info","message":"Downloading package - 60%","timestamp":"2026-07-19 22:39:18"}
{"level":"info","message":"Downloading package - 61%","timestamp":"2026-07-19 22:39:18"}
{"level":"info","message":"Downloading package - 62%","timestamp":"2026-07-19 22:39:18"}
{"level":"info","message":"Downloading package - 63%","timestamp":"2026-07-19 22:39:18"}
{"level":"info","message":"Downloading package - 64%","timestamp":"2026-07-19 22:39:18"}
{"level":"info","message":"Downloading package - 65%","timestamp":"2026-07-19 22:39:18"}
{"level":"info","message":"Downloading package - 66%","timestamp":"2026-07-19 22:39:18"}
{"level":"info","message":"Downloading package - 67%","timestamp":"2026-07-19 22:39:18"}
{"level":"info","message":"Downloading package - 68%","timestamp":"2026-07-19 22:39:18"}
{"level":"info","message":"Downloading package - 69%","timestamp":"2026-07-19 22:39:18"}
{"level":"info","message":"Downloading package - 70%","timestamp":"2026-07-19 22:39:18"}
{"level":"info","message":"Downloading package - 71%","timestamp":"2026-07-19 22:39:18"}
{"level":"info","message":"Downloading package - 72%","timestamp":"2026-07-19 22:39:18"}
{"level":"info","message":"Downloading package - 73%","timestamp":"2026-07-19 22:39:18"}
{"level":"info","message":"Downloading package - 74%","timestamp":"2026-07-19 22:39:18"}
{"level":"info","message":"Downloading package - 75%","timestamp":"2026-07-19 22:39:18"}
{"level":"info","message":"Downloading package - 76%","timestamp":"2026-07-19 22:39:18"}
{"level":"info","message":"Downloading package - 77%","timestamp":"2026-07-19 22:39:18"}
{"level":"info","message":"Downloading package - 78%","timestamp":"2026-07-19 22:39:18"}
{"level":"info","message":"Downloading package - 79%","timestamp":"2026-07-19 22:39:18"}
{"level":"info","message":"Downloading package - 0%","timestamp":"2026-07-19 22:39:18"}
{"level":"info","message":"Installing package - 5%","timestamp":"2026-07-19 22:39:18"}
{"level":"info","message":"Installing package - 10%","timestamp":"2026-07-19 22:39:18"}
{"level":"info","message":"Installing package - 14%","timestamp":"2026-07-19 22:39:18"}
{"level":"info","message":"Installing package - 19%","timestamp":"2026-07-19 22:39:18"}
{"level":"info","message":"Installing package - 24%","timestamp":"2026-07-19 22:39:18"}
{"level":"info","message":"Installing package - 29%","timestamp":"2026-07-19 22:39:18"}
{"level":"info","message":"Installing package - 33%","timestamp":"2026-07-19 22:39:18"}
{"level":"info","message":"Installing package - 38%","timestamp":"2026-07-19 22:39:18"}
{"level":"info","message":"Installing package - 43%","timestamp":"2026-07-19 22:39:18"}
{"level":"info","message":"Installing package - 48%","timestamp":"2026-07-19 22:39:18"}
{"level":"info","message":"Installing package - 52%","timestamp":"2026-07-19 22:39:18"}
{"level":"info","message":"Installing package - 57%","timestamp":"2026-07-19 22:39:18"}
{"level":"info","message":"Installing package - 62%","timestamp":"2026-07-19 22:39:18"}
{"level":"info","message":"Installing package - 67%","timestamp":"2026-07-19 22:39:18"}
{"level":"info","message":"Installing package - 71%","timestamp":"2026-07-19 22:39:18"}
{"level":"info","message":"Installing package - 76%","timestamp":"2026-07-19 22:39:18"}
{"level":"info","message":"Installing package - 81%","timestamp":"2026-07-19 22:39:18"}
{"level":"info","message":"Installing package - 86%","timestamp":"2026-07-19 22:39:18"}
{"level":"info","message":"Installing package - 90%","timestamp":"2026-07-19 22:39:18"}
{"level":"info","message":"Installing package - 95%","timestamp":"2026-07-19 22:39:18"}
{"level":"info","message":"Installing package - 100%","timestamp":"2026-07-19 22:39:18"}
{"level":"info","message":"Installed module monks-scene-navigation","timestamp":"2026-07-19 22:39:18"}
{"level":"info","message":"complete - 100%","timestamp":"2026-07-19 22:39:18"}
{"level":"info","message":"Downloading package - 80%","timestamp":"2026-07-19 22:39:18"}
{"level":"info","message":"Downloading package - 81%","timestamp":"2026-07-19 22:39:18"}
{"level":"info","message":"Downloading package - 82%","timestamp":"2026-07-19 22:39:18"}
{"level":"info","message":"Downloading package - 83%","timestamp":"2026-07-19 22:39:18"}
{"level":"info","message":"Downloading package - 84%","timestamp":"2026-07-19 22:39:18"}
{"level":"info","message":"Downloading package - 85%","timestamp":"2026-07-19 22:39:18"}
{"level":"info","message":"Downloading package - 86%","timestamp":"2026-07-19 22:39:18"}
{"level":"info","message":"Downloading package - 87%","timestamp":"2026-07-19 22:39:18"}
{"level":"info","message":"Downloading package - 88%","timestamp":"2026-07-19 22:39:18"}
{"level":"info","message":"Downloading package - 89%","timestamp":"2026-07-19 22:39:18"}
{"level":"info","message":"Downloading package - 90%","timestamp":"2026-07-19 22:39:18"}
{"level":"info","message":"Downloading package - 91%","timestamp":"2026-07-19 22:39:18"}
{"level":"info","message":"Downloading package - 92%","timestamp":"2026-07-19 22:39:18"}
{"level":"info","message":"Downloading package - 93%","timestamp":"2026-07-19 22:39:18"}
{"level":"info","message":"Downloading package - 94%","timestamp":"2026-07-19 22:39:18"}
{"level":"info","message":"Downloading package - 95%","timestamp":"2026-07-19 22:39:18"}
{"level":"info","message":"Downloading package - 96%","timestamp":"2026-07-19 22:39:18"}
{"level":"info","message":"Downloading package - 97%","timestamp":"2026-07-19 22:39:18"}
{"level":"info","message":"Downloading package - 98%","timestamp":"2026-07-19 22:39:18"}
{"level":"info","message":"Downloading package - 99%","timestamp":"2026-07-19 22:39:18"}
{"level":"info","message":"Downloading package - 100%","timestamp":"2026-07-19 22:39:18"}
{"level":"info","message":"Installing package - 1%","timestamp":"2026-07-19 22:39:18"}
{"level":"info","message":"Installing package - 3%","timestamp":"2026-07-19 22:39:18"}
{"level":"info","message":"Installing package - 4%","timestamp":"2026-07-19 22:39:18"}
{"level":"info","message":"Installing package - 6%","timestamp":"2026-07-19 22:39:18"}
{"level":"info","message":"Installing package - 7%","timestamp":"2026-07-19 22:39:18"}
{"level":"info","message":"Installing package - 9%","timestamp":"2026-07-19 22:39:18"}
{"level":"info","message":"Installing package - 10%","timestamp":"2026-07-19 22:39:18"}
{"level":"info","message":"Installing package - 12%","timestamp":"2026-07-19 22:39:18"}
{"level":"info","message":"Installing package - 13%","timestamp":"2026-07-19 22:39:18"}
{"level":"info","message":"Installing package - 14%","timestamp":"2026-07-19 22:39:18"}
{"level":"info","message":"Installing package - 16%","timestamp":"2026-07-19 22:39:18"}
{"level":"info","message":"Installing package - 17%","timestamp":"2026-07-19 22:39:18"}
{"level":"info","message":"Installing package - 19%","timestamp":"2026-07-19 22:39:18"}
{"level":"info","message":"Installing package - 20%","timestamp":"2026-07-19 22:39:18"}
{"level":"info","message":"Installing package - 22%","timestamp":"2026-07-19 22:39:18"}
{"level":"info","message":"Installing package - 23%","timestamp":"2026-07-19 22:39:18"}
{"level":"info","message":"Installing package - 25%","timestamp":"2026-07-19 22:39:18"}
{"level":"info","message":"Installing package - 26%","timestamp":"2026-07-19 22:39:18"}
{"level":"info","message":"Installing package - 28%","timestamp":"2026-07-19 22:39:18"}
{"level":"info","message":"Installing package - 29%","timestamp":"2026-07-19 22:39:18"}
{"level":"info","message":"Installing package - 30%","timestamp":"2026-07-19 22:39:18"}
{"level":"info","message":"Installing package - 32%","timestamp":"2026-07-19 22:39:18"}
{"level":"info","message":"Installing package - 33%","timestamp":"2026-07-19 22:39:18"}
{"level":"info","message":"Installing package - 35%","timestamp":"2026-07-19 22:39:18"}
{"level":"info","message":"Installing package - 36%","timestamp":"2026-07-19 22:39:18"}
{"level":"info","message":"Installing package - 38%","timestamp":"2026-07-19 22:39:18"}
{"level":"info","message":"Installing package - 39%","timestamp":"2026-07-19 22:39:18"}
{"level":"info","message":"Installing package - 41%","timestamp":"2026-07-19 22:39:18"}
{"level":"info","message":"Installing package - 42%","timestamp":"2026-07-19 22:39:18"}
{"level":"info","message":"Installing package - 43%","timestamp":"2026-07-19 22:39:18"}
{"level":"info","message":"Installing package - 45%","timestamp":"2026-07-19 22:39:18"}
{"level":"info","message":"Installing package - 46%","timestamp":"2026-07-19 22:39:18"}
{"level":"info","message":"Installing package - 48%","timestamp":"2026-07-19 22:39:18"}
{"level":"info","message":"Installing package - 49%","timestamp":"2026-07-19 22:39:18"}
{"level":"info","message":"Installing package - 51%","timestamp":"2026-07-19 22:39:18"}
{"level":"info","message":"Installing package - 52%","timestamp":"2026-07-19 22:39:18"}
{"level":"info","message":"Installing package - 54%","timestamp":"2026-07-19 22:39:18"}
{"level":"info","message":"Installing package - 55%","timestamp":"2026-07-19 22:39:18"}
{"level":"info","message":"Installing package - 57%","timestamp":"2026-07-19 22:39:18"}
{"level":"info","message":"Installing package - 58%","timestamp":"2026-07-19 22:39:18"}
{"level":"info","message":"Installing package - 59%","timestamp":"2026-07-19 22:39:18"}
{"level":"info","message":"Installing package - 61%","timestamp":"2026-07-19 22:39:18"}
{"level":"info","message":"Installing package - 62%","timestamp":"2026-07-19 22:39:18"}
{"level":"info","message":"Installing package - 64%","timestamp":"2026-07-19 22:39:18"}
{"level":"info","message":"Installing package - 65%","timestamp":"2026-07-19 22:39:18"}
{"level":"info","message":"Installing package - 67%","timestamp":"2026-07-19 22:39:18"}
{"level":"info","message":"Installing package - 68%","timestamp":"2026-07-19 22:39:18"}
{"level":"info","message":"Installing package - 70%","timestamp":"2026-07-19 22:39:18"}
{"level":"info","message":"Installing package - 71%","timestamp":"2026-07-19 22:39:18"}
{"level":"info","message":"Installing package - 72%","timestamp":"2026-07-19 22:39:18"}
{"level":"info","message":"Installing package - 74%","timestamp":"2026-07-19 22:39:18"}
{"level":"info","message":"Installing package - 75%","timestamp":"2026-07-19 22:39:18"}
{"level":"info","message":"Installing package - 77%","timestamp":"2026-07-19 22:39:18"}
{"level":"info","message":"Installing package - 78%","timestamp":"2026-07-19 22:39:18"}
{"level":"info","message":"Installing package - 80%","timestamp":"2026-07-19 22:39:18"}
{"level":"info","message":"Installing package - 81%","timestamp":"2026-07-19 22:39:18"}
{"level":"info","message":"Installing package - 83%","timestamp":"2026-07-19 22:39:18"}
{"level":"info","message":"Installing package - 84%","timestamp":"2026-07-19 22:39:18"}
{"level":"info","message":"Installing package - 86%","timestamp":"2026-07-19 22:39:18"}
{"level":"info","message":"Installing package - 87%","timestamp":"2026-07-19 22:39:18"}
{"level":"info","message":"Installing package - 88%","timestamp":"2026-07-19 22:39:18"}
{"level":"info","message":"Installing package - 90%","timestamp":"2026-07-19 22:39:18"}
{"level":"info","message":"Installing package - 91%","timestamp":"2026-07-19 22:39:18"}
{"level":"info","message":"Installing package - 93%","timestamp":"2026-07-19 22:39:18"}
{"level":"info","message":"Installing package - 94%","timestamp":"2026-07-19 22:39:18"}
{"level":"info","message":"Installing package - 96%","timestamp":"2026-07-19 22:39:18"}
{"level":"info","message":"Installing package - 97%","timestamp":"2026-07-19 22:39:18"}
{"level":"info","message":"Installing package - 99%","timestamp":"2026-07-19 22:39:18"}
{"level":"info","message":"Installing package - 100%","timestamp":"2026-07-19 22:39:18"}
{"level":"info","message":"Installed module monks-active-tiles","timestamp":"2026-07-19 22:39:18"}
{"level":"info","message":"complete - 100%","timestamp":"2026-07-19 22:39:18"}
{"level":"info","message":"Downloading package - 0%","timestamp":"2026-07-19 22:39:18"}
{"level":"info","message":"Downloading package - 1%","timestamp":"2026-07-19 22:39:18"}
{"level":"info","message":"Downloading package - 2%","timestamp":"2026-07-19 22:39:18"}
{"level":"info","message":"Downloading package - 3%","timestamp":"2026-07-19 22:39:18"}
{"level":"info","message":"Downloading package - 4%","timestamp":"2026-07-19 22:39:18"}
{"level":"info","message":"Downloading package - 5%","timestamp":"2026-07-19 22:39:18"}
{"level":"info","message":"Downloading package - 6%","timestamp":"2026-07-19 22:39:18"}
{"level":"info","message":"Downloading package - 7%","timestamp":"2026-07-19 22:39:18"}
{"level":"info","message":"Downloading package - 8%","timestamp":"2026-07-19 22:39:18"}
{"level":"info","message":"Downloading package - 9%","timestamp":"2026-07-19 22:39:18"}
{"level":"info","message":"Downloading package - 10%","timestamp":"2026-07-19 22:39:18"}
{"level":"info","message":"Downloading package - 11%","timestamp":"2026-07-19 22:39:18"}
{"level":"info","message":"Downloading package - 12%","timestamp":"2026-07-19 22:39:18"}
{"level":"info","message":"Downloading package - 13%","timestamp":"2026-07-19 22:39:18"}
{"level":"info","message":"Downloading package - 14%","timestamp":"2026-07-19 22:39:18"}
{"level":"info","message":"Downloading package - 15%","timestamp":"2026-07-19 22:39:18"}
{"level":"info","message":"Downloading package - 16%","timestamp":"2026-07-19 22:39:18"}
{"level":"info","message":"Downloading package - 17%","timestamp":"2026-07-19 22:39:18"}
{"level":"info","message":"Downloading package - 18%","timestamp":"2026-07-19 22:39:18"}
{"level":"info","message":"Downloading package - 19%","timestamp":"2026-07-19 22:39:18"}
{"level":"info","message":"Downloading package - 20%","timestamp":"2026-07-19 22:39:18"}
{"level":"info","message":"Downloading package - 21%","timestamp":"2026-07-19 22:39:18"}
{"level":"info","message":"Downloading package - 22%","timestamp":"2026-07-19 22:39:18"}
{"level":"info","message":"Downloading package - 23%","timestamp":"2026-07-19 22:39:18"}
{"level":"info","message":"Downloading package - 24%","timestamp":"2026-07-19 22:39:18"}
{"level":"info","message":"Downloading package - 25%","timestamp":"2026-07-19 22:39:18"}
{"level":"info","message":"Downloading package - 26%","timestamp":"2026-07-19 22:39:18"}
{"level":"info","message":"Downloading package - 27%","timestamp":"2026-07-19 22:39:18"}
{"level":"info","message":"Downloading package - 28%","timestamp":"2026-07-19 22:39:18"}
{"level":"info","message":"Downloading package - 29%","timestamp":"2026-07-19 22:39:18"}
{"level":"info","message":"Downloading package - 30%","timestamp":"2026-07-19 22:39:18"}
{"level":"info","message":"Downloading package - 31%","timestamp":"2026-07-19 22:39:18"}
{"level":"info","message":"Downloading package - 32%","timestamp":"2026-07-19 22:39:18"}
{"level":"info","message":"Downloading package - 33%","timestamp":"2026-07-19 22:39:18"}
{"level":"info","message":"Downloading package - 34%","timestamp":"2026-07-19 22:39:18"}
{"level":"info","message":"Downloading package - 35%","timestamp":"2026-07-19 22:39:18"}
{"level":"info","message":"Downloading package - 36%","timestamp":"2026-07-19 22:39:18"}
{"level":"info","message":"Downloading package - 37%","timestamp":"2026-07-19 22:39:18"}
{"level":"info","message":"Downloading package - 38%","timestamp":"2026-07-19 22:39:18"}
{"level":"info","message":"Downloading package - 39%","timestamp":"2026-07-19 22:39:18"}
{"level":"info","message":"Downloading package - 40%","timestamp":"2026-07-19 22:39:18"}
{"level":"info","message":"Downloading package - 41%","timestamp":"2026-07-19 22:39:18"}
{"level":"info","message":"Downloading package - 42%","timestamp":"2026-07-19 22:39:18"}
{"level":"info","message":"Downloading package - 43%","timestamp":"2026-07-19 22:39:18"}
{"level":"info","message":"Downloading package - 44%","timestamp":"2026-07-19 22:39:18"}
{"level":"info","message":"Downloading package - 45%","timestamp":"2026-07-19 22:39:18"}
{"level":"info","message":"Downloading package - 46%","timestamp":"2026-07-19 22:39:18"}
{"level":"info","message":"Downloading package - 47%","timestamp":"2026-07-19 22:39:18"}
{"level":"info","message":"Downloading package - 48%","timestamp":"2026-07-19 22:39:18"}
{"level":"info","message":"Downloading package - 49%","timestamp":"2026-07-19 22:39:18"}
{"level":"info","message":"Downloading package - 50%","timestamp":"2026-07-19 22:39:18"}
{"level":"info","message":"Downloading package - 51%","timestamp":"2026-07-19 22:39:18"}
{"level":"info","message":"Downloading package - 52%","timestamp":"2026-07-19 22:39:18"}
{"level":"info","message":"Downloading package - 53%","timestamp":"2026-07-19 22:39:18"}
{"level":"info","message":"Downloading package - 54%","timestamp":"2026-07-19 22:39:18"}
{"level":"info","message":"Downloading package - 55%","timestamp":"2026-07-19 22:39:18"}
{"level":"info","message":"Downloading package - 56%","timestamp":"2026-07-19 22:39:18"}
{"level":"info","message":"Downloading package - 57%","timestamp":"2026-07-19 22:39:18"}
{"level":"info","message":"Downloading package - 58%","timestamp":"2026-07-19 22:39:18"}
{"level":"info","message":"Downloading package - 59%","timestamp":"2026-07-19 22:39:18"}
{"level":"info","message":"Downloading package - 60%","timestamp":"2026-07-19 22:39:18"}
{"level":"info","message":"Downloading package - 61%","timestamp":"2026-07-19 22:39:18"}
{"level":"info","message":"Downloading package - 62%","timestamp":"2026-07-19 22:39:18"}
{"level":"info","message":"Downloading package - 63%","timestamp":"2026-07-19 22:39:18"}
{"level":"info","message":"Downloading package - 64%","timestamp":"2026-07-19 22:39:18"}
{"level":"info","message":"Downloading package - 65%","timestamp":"2026-07-19 22:39:18"}
{"level":"info","message":"Downloading package - 66%","timestamp":"2026-07-19 22:39:18"}
{"level":"info","message":"Downloading package - 67%","timestamp":"2026-07-19 22:39:18"}
{"level":"info","message":"Downloading package - 68%","timestamp":"2026-07-19 22:39:18"}
{"level":"info","message":"Downloading package - 69%","timestamp":"2026-07-19 22:39:18"}
{"level":"info","message":"Downloading package - 70%","timestamp":"2026-07-19 22:39:18"}
{"level":"info","message":"Downloading package - 71%","timestamp":"2026-07-19 22:39:18"}
{"level":"info","message":"Downloading package - 72%","timestamp":"2026-07-19 22:39:18"}
{"level":"info","message":"Downloading package - 73%","timestamp":"2026-07-19 22:39:18"}
{"level":"info","message":"Downloading package - 74%","timestamp":"2026-07-19 22:39:18"}
{"level":"info","message":"Downloading package - 75%","timestamp":"2026-07-19 22:39:18"}
{"level":"info","message":"Downloading package - 76%","timestamp":"2026-07-19 22:39:18"}
{"level":"info","message":"Downloading package - 77%","timestamp":"2026-07-19 22:39:18"}
{"level":"info","message":"Downloading package - 78%","timestamp":"2026-07-19 22:39:18"}
{"level":"info","message":"Downloading package - 79%","timestamp":"2026-07-19 22:39:18"}
{"level":"info","message":"Downloading package - 80%","timestamp":"2026-07-19 22:39:18"}
{"level":"info","message":"Downloading package - 81%","timestamp":"2026-07-19 22:39:18"}
{"level":"info","message":"Downloading package - 82%","timestamp":"2026-07-19 22:39:18"}
{"level":"info","message":"Downloading package - 83%","timestamp":"2026-07-19 22:39:18"}
{"level":"info","message":"Downloading package - 84%","timestamp":"2026-07-19 22:39:18"}
{"level":"info","message":"Downloading package - 85%","timestamp":"2026-07-19 22:39:18"}
{"level":"info","message":"Downloading package - 86%","timestamp":"2026-07-19 22:39:18"}
{"level":"info","message":"Downloading package - 87%","timestamp":"2026-07-19 22:39:18"}
{"level":"info","message":"Downloading package - 88%","timestamp":"2026-07-19 22:39:18"}
{"level":"info","message":"Downloading package - 89%","timestamp":"2026-07-19 22:39:18"}
{"level":"info","message":"Downloading package - 90%","timestamp":"2026-07-19 22:39:18"}
{"level":"info","message":"Downloading package - 91%","timestamp":"2026-07-19 22:39:18"}
{"level":"info","message":"Downloading package - 92%","timestamp":"2026-07-19 22:39:18"}
{"level":"info","message":"Downloading package - 93%","timestamp":"2026-07-19 22:39:18"}
{"level":"info","message":"Downloading package - 94%","timestamp":"2026-07-19 22:39:18"}
{"level":"info","message":"Downloading package - 95%","timestamp":"2026-07-19 22:39:18"}
{"level":"info","message":"Downloading package - 96%","timestamp":"2026-07-19 22:39:18"}
{"level":"info","message":"Downloading package - 97%","timestamp":"2026-07-19 22:39:18"}
{"level":"info","message":"Downloading package - 98%","timestamp":"2026-07-19 22:39:18"}
{"level":"info","message":"Downloading package - 99%","timestamp":"2026-07-19 22:39:18"}
{"level":"info","message":"Downloading package - 100%","timestamp":"2026-07-19 22:39:18"}
{"level":"info","message":"Installing package - 1%","timestamp":"2026-07-19 22:39:18"}
{"level":"info","message":"Installing package - 2%","timestamp":"2026-07-19 22:39:18"}
{"level":"info","message":"Installing package - 3%","timestamp":"2026-07-19 22:39:18"}
{"level":"info","message":"Installing package - 5%","timestamp":"2026-07-19 22:39:18"}
{"level":"info","message":"Installing package - 6%","timestamp":"2026-07-19 22:39:18"}
{"level":"info","message":"Installing package - 7%","timestamp":"2026-07-19 22:39:18"}
{"level":"info","message":"Installing package - 8%","timestamp":"2026-07-19 22:39:18"}
{"level":"info","message":"Installing package - 9%","timestamp":"2026-07-19 22:39:18"}
{"level":"info","message":"Installing package - 10%","timestamp":"2026-07-19 22:39:18"}
{"level":"info","message":"Installing package - 12%","timestamp":"2026-07-19 22:39:18"}
{"level":"info","message":"Installing package - 13%","timestamp":"2026-07-19 22:39:18"}
{"level":"info","message":"Installing package - 14%","timestamp":"2026-07-19 22:39:18"}
{"level":"info","message":"Installing package - 15%","timestamp":"2026-07-19 22:39:18"}
{"level":"info","message":"Installing package - 16%","timestamp":"2026-07-19 22:39:18"}
{"level":"info","message":"Installing package - 17%","timestamp":"2026-07-19 22:39:18"}
{"level":"info","message":"Installing package - 19%","timestamp":"2026-07-19 22:39:18"}
{"level":"info","message":"Installing package - 20%","timestamp":"2026-07-19 22:39:18"}
{"level":"info","message":"Installing package - 21%","timestamp":"2026-07-19 22:39:18"}
{"level":"info","message":"Installing package - 22%","timestamp":"2026-07-19 22:39:18"}
{"level":"info","message":"Installing package - 23%","timestamp":"2026-07-19 22:39:18"}
{"level":"info","message":"Installing package - 24%","timestamp":"2026-07-19 22:39:18"}
{"level":"info","message":"Installing package - 26%","timestamp":"2026-07-19 22:39:18"}
{"level":"info","message":"Installing package - 27%","timestamp":"2026-07-19 22:39:18"}
{"level":"info","message":"Installing package - 28%","timestamp":"2026-07-19 22:39:18"}
{"level":"info","message":"Installing package - 29%","timestamp":"2026-07-19 22:39:18"}
{"level":"info","message":"Installing package - 30%","timestamp":"2026-07-19 22:39:18"}
{"level":"info","message":"Installing package - 31%","timestamp":"2026-07-19 22:39:18"}
{"level":"info","message":"Installing package - 33%","timestamp":"2026-07-19 22:39:18"}
{"level":"info","message":"Installing package - 34%","timestamp":"2026-07-19 22:39:18"}
{"level":"info","message":"Installing package - 35%","timestamp":"2026-07-19 22:39:18"}
{"level":"info","message":"Installing package - 36%","timestamp":"2026-07-19 22:39:18"}
{"level":"info","message":"Installing package - 37%","timestamp":"2026-07-19 22:39:18"}
{"level":"info","message":"Installing package - 38%","timestamp":"2026-07-19 22:39:18"}
{"level":"info","message":"Installing package - 40%","timestamp":"2026-07-19 22:39:18"}
{"level":"info","message":"Installing package - 41%","timestamp":"2026-07-19 22:39:18"}
{"level":"info","message":"Installing package - 42%","timestamp":"2026-07-19 22:39:18"}
{"level":"info","message":"Installing package - 43%","timestamp":"2026-07-19 22:39:18"}
{"level":"info","message":"Installing package - 44%","timestamp":"2026-07-19 22:39:18"}
{"level":"info","message":"Installing package - 45%","timestamp":"2026-07-19 22:39:18"}
{"level":"info","message":"Installing package - 47%","timestamp":"2026-07-19 22:39:18"}
{"level":"info","message":"Installing package - 48%","timestamp":"2026-07-19 22:39:18"}
{"level":"info","message":"Installing package - 49%","timestamp":"2026-07-19 22:39:18"}
{"level":"info","message":"Installing package - 50%","timestamp":"2026-07-19 22:39:18"}
{"level":"info","message":"Installing package - 51%","timestamp":"2026-07-19 22:39:18"}
{"level":"info","message":"Installing package - 52%","timestamp":"2026-07-19 22:39:18"}
{"level":"info","message":"Installing package - 53%","timestamp":"2026-07-19 22:39:18"}
{"level":"info","message":"Installing package - 55%","timestamp":"2026-07-19 22:39:18"}
{"level":"info","message":"Installing package - 56%","timestamp":"2026-07-19 22:39:18"}
{"level":"info","message":"Installing package - 57%","timestamp":"2026-07-19 22:39:18"}
{"level":"info","message":"Installing package - 58%","timestamp":"2026-07-19 22:39:18"}
{"level":"info","message":"Installing package - 59%","timestamp":"2026-07-19 22:39:18"}
{"level":"info","message":"Installing package - 60%","timestamp":"2026-07-19 22:39:18"}
{"level":"info","message":"Installing package - 62%","timestamp":"2026-07-19 22:39:18"}
{"level":"info","message":"Installing package - 63%","timestamp":"2026-07-19 22:39:18"}
{"level":"info","message":"Installing package - 64%","timestamp":"2026-07-19 22:39:18"}
{"level":"info","message":"Installing package - 65%","timestamp":"2026-07-19 22:39:18"}
{"level":"info","message":"Installing package - 66%","timestamp":"2026-07-19 22:39:18"}
{"level":"info","message":"Installing package - 67%","timestamp":"2026-07-19 22:39:18"}
{"level":"info","message":"Installing package - 69%","timestamp":"2026-07-19 22:39:18"}
{"level":"info","message":"Installing package - 70%","timestamp":"2026-07-19 22:39:18"}
{"level":"info","message":"Installing package - 71%","timestamp":"2026-07-19 22:39:18"}
{"level":"info","message":"Installing package - 72%","timestamp":"2026-07-19 22:39:18"}
{"level":"info","message":"Installing package - 73%","timestamp":"2026-07-19 22:39:18"}
{"level":"info","message":"Installing package - 74%","timestamp":"2026-07-19 22:39:18"}
{"level":"info","message":"Installing package - 76%","timestamp":"2026-07-19 22:39:18"}
{"level":"info","message":"Installing package - 77%","timestamp":"2026-07-19 22:39:18"}
{"level":"info","message":"Installing package - 78%","timestamp":"2026-07-19 22:39:18"}
{"level":"info","message":"Installing package - 79%","timestamp":"2026-07-19 22:39:18"}
{"level":"info","message":"Installing package - 80%","timestamp":"2026-07-19 22:39:18"}
{"level":"info","message":"Installing package - 81%","timestamp":"2026-07-19 22:39:18"}
{"level":"info","message":"Installing package - 83%","timestamp":"2026-07-19 22:39:18"}
{"level":"info","message":"Installing package - 84%","timestamp":"2026-07-19 22:39:18"}
{"level":"info","message":"Installing package - 85%","timestamp":"2026-07-19 22:39:18"}
{"level":"info","message":"Installing package - 86%","timestamp":"2026-07-19 22:39:18"}
{"level":"info","message":"Installing package - 87%","timestamp":"2026-07-19 22:39:18"}
{"level":"info","message":"Installing package - 88%","timestamp":"2026-07-19 22:39:18"}
{"level":"info","message":"Installing package - 90%","timestamp":"2026-07-19 22:39:18"}
{"level":"info","message":"Installing package - 91%","timestamp":"2026-07-19 22:39:18"}
{"level":"info","message":"Installing package - 92%","timestamp":"2026-07-19 22:39:18"}
{"level":"info","message":"Installing package - 93%","timestamp":"2026-07-19 22:39:18"}
{"level":"info","message":"Installing package - 94%","timestamp":"2026-07-19 22:39:18"}
{"level":"info","message":"Installing package - 95%","timestamp":"2026-07-19 22:39:19"}
{"level":"info","message":"Installing package - 97%","timestamp":"2026-07-19 22:39:19"}
{"level":"info","message":"Installing package - 98%","timestamp":"2026-07-19 22:39:19"}
{"level":"info","message":"Installing package - 99%","timestamp":"2026-07-19 22:39:19"}
{"level":"info","message":"Installing package - 100%","timestamp":"2026-07-19 22:39:19"}
{"level":"info","message":"Installed module monks-tokenbar","timestamp":"2026-07-19 22:39:19"}
{"level":"info","message":"complete - 100%","timestamp":"2026-07-19 22:39:19"}
{"level":"info","message":"Downloading package - 23%","timestamp":"2026-07-19 22:39:19"}
{"level":"info","message":"Downloading package - 47%","timestamp":"2026-07-19 22:39:19"}
{"level":"info","message":"Downloading package - 70%","timestamp":"2026-07-19 22:39:19"}
{"level":"info","message":"Downloading package - 93%","timestamp":"2026-07-19 22:39:19"}
{"level":"info","message":"Downloading package - 100%","timestamp":"2026-07-19 22:39:19"}
{"level":"info","message":"Installing package - 8%","timestamp":"2026-07-19 22:39:19"}
{"level":"info","message":"Installing package - 17%","timestamp":"2026-07-19 22:39:19"}
{"level":"info","message":"Installing package - 25%","timestamp":"2026-07-19 22:39:19"}
{"level":"info","message":"Installing package - 33%","timestamp":"2026-07-19 22:39:19"}
{"level":"info","message":"Installing package - 42%","timestamp":"2026-07-19 22:39:19"}
{"level":"info","message":"Installing package - 50%","timestamp":"2026-07-19 22:39:19"}
{"level":"info","message":"Installing package - 58%","timestamp":"2026-07-19 22:39:19"}
{"level":"info","message":"Installing package - 67%","timestamp":"2026-07-19 22:39:19"}
{"level":"info","message":"Installing package - 75%","timestamp":"2026-07-19 22:39:19"}
{"level":"info","message":"Installing package - 83%","timestamp":"2026-07-19 22:39:19"}
{"level":"info","message":"Installing package - 92%","timestamp":"2026-07-19 22:39:19"}
{"level":"info","message":"Installing package - 100%","timestamp":"2026-07-19 22:39:19"}
{"level":"info","message":"Installed module theripper-premium-hub","timestamp":"2026-07-19 22:39:19"}
{"level":"info","message":"complete - 100%","timestamp":"2026-07-19 22:39:19"}
{"level":"info","message":"Downloading package - 6%","timestamp":"2026-07-19 22:39:19"}
{"level":"info","message":"Downloading package - 9%","timestamp":"2026-07-19 22:39:19"}
{"level":"info","message":"Downloading package - 16%","timestamp":"2026-07-19 22:39:19"}
{"level":"info","message":"Downloading package - 23%","timestamp":"2026-07-19 22:39:19"}
{"level":"info","message":"Downloading package - 30%","timestamp":"2026-07-19 22:39:19"}
{"level":"info","message":"Downloading package - 37%","timestamp":"2026-07-19 22:39:19"}
{"level":"info","message":"Downloading package - 44%","timestamp":"2026-07-19 22:39:19"}
{"level":"info","message":"Downloading package - 51%","timestamp":"2026-07-19 22:39:19"}
{"level":"info","message":"Downloading package - 58%","timestamp":"2026-07-19 22:39:19"}
{"level":"info","message":"Downloading package - 65%","timestamp":"2026-07-19 22:39:19"}
{"level":"info","message":"Downloading package - 72%","timestamp":"2026-07-19 22:39:19"}
{"level":"info","message":"Downloading package - 79%","timestamp":"2026-07-19 22:39:19"}
{"level":"info","message":"Downloading package - 86%","timestamp":"2026-07-19 22:39:19"}
{"level":"info","message":"Downloading package - 93%","timestamp":"2026-07-19 22:39:19"}
{"level":"info","message":"Downloading package - 100%","timestamp":"2026-07-19 22:39:19"}
{"level":"info","message":"Installing package - 2%","timestamp":"2026-07-19 22:39:19"}
{"level":"info","message":"Installing package - 3%","timestamp":"2026-07-19 22:39:19"}
{"level":"info","message":"Installing package - 5%","timestamp":"2026-07-19 22:39:19"}
{"level":"info","message":"Installing package - 6%","timestamp":"2026-07-19 22:39:19"}
{"level":"info","message":"Installing package - 8%","timestamp":"2026-07-19 22:39:19"}
{"level":"info","message":"Installing package - 9%","timestamp":"2026-07-19 22:39:19"}
{"level":"info","message":"Installing package - 11%","timestamp":"2026-07-19 22:39:19"}
{"level":"info","message":"Installing package - 13%","timestamp":"2026-07-19 22:39:19"}
{"level":"info","message":"Installing package - 14%","timestamp":"2026-07-19 22:39:19"}
{"level":"info","message":"Installing package - 16%","timestamp":"2026-07-19 22:39:19"}
{"level":"info","message":"Installing package - 17%","timestamp":"2026-07-19 22:39:19"}
{"level":"info","message":"Installing package - 19%","timestamp":"2026-07-19 22:39:19"}
{"level":"info","message":"Installing package - 20%","timestamp":"2026-07-19 22:39:19"}
{"level":"info","message":"Installing package - 22%","timestamp":"2026-07-19 22:39:19"}
{"level":"info","message":"Installing package - 23%","timestamp":"2026-07-19 22:39:19"}
{"level":"info","message":"Installing package - 25%","timestamp":"2026-07-19 22:39:19"}
{"level":"info","message":"Installing package - 27%","timestamp":"2026-07-19 22:39:19"}
{"level":"info","message":"Installing package - 28%","timestamp":"2026-07-19 22:39:19"}
{"level":"info","message":"Installing package - 30%","timestamp":"2026-07-19 22:39:19"}
{"level":"info","message":"Installing package - 31%","timestamp":"2026-07-19 22:39:19"}
{"level":"info","message":"Installing package - 33%","timestamp":"2026-07-19 22:39:19"}
{"level":"info","message":"Installing package - 34%","timestamp":"2026-07-19 22:39:19"}
{"level":"info","message":"Installing package - 36%","timestamp":"2026-07-19 22:39:19"}
{"level":"info","message":"Installing package - 38%","timestamp":"2026-07-19 22:39:19"}
{"level":"info","message":"Installing package - 39%","timestamp":"2026-07-19 22:39:19"}
{"level":"info","message":"Installing package - 41%","timestamp":"2026-07-19 22:39:19"}
{"level":"info","message":"Installing package - 42%","timestamp":"2026-07-19 22:39:19"}
{"level":"info","message":"Installing package - 44%","timestamp":"2026-07-19 22:39:19"}
{"level":"info","message":"Installing package - 45%","timestamp":"2026-07-19 22:39:19"}
{"level":"info","message":"Installing package - 47%","timestamp":"2026-07-19 22:39:19"}
{"level":"info","message":"Installing package - 48%","timestamp":"2026-07-19 22:39:19"}
{"level":"info","message":"Installing package - 50%","timestamp":"2026-07-19 22:39:19"}
{"level":"info","message":"Installing package - 52%","timestamp":"2026-07-19 22:39:19"}
{"level":"info","message":"Installing package - 53%","timestamp":"2026-07-19 22:39:19"}
{"level":"info","message":"Installing package - 55%","timestamp":"2026-07-19 22:39:19"}
{"level":"info","message":"Installing package - 56%","timestamp":"2026-07-19 22:39:19"}
{"level":"info","message":"Installing package - 58%","timestamp":"2026-07-19 22:39:19"}
{"level":"info","message":"Installing package - 59%","timestamp":"2026-07-19 22:39:19"}
{"level":"info","message":"Installing package - 61%","timestamp":"2026-07-19 22:39:19"}
{"level":"info","message":"Installing package - 63%","timestamp":"2026-07-19 22:39:19"}
{"level":"info","message":"Installing package - 64%","timestamp":"2026-07-19 22:39:19"}
{"level":"info","message":"Installing package - 66%","timestamp":"2026-07-19 22:39:19"}
{"level":"info","message":"Installing package - 67%","timestamp":"2026-07-19 22:39:19"}
{"level":"info","message":"Installing package - 69%","timestamp":"2026-07-19 22:39:19"}
{"level":"info","message":"Installing package - 70%","timestamp":"2026-07-19 22:39:19"}
{"level":"info","message":"Installing package - 72%","timestamp":"2026-07-19 22:39:19"}
{"level":"info","message":"Installing package - 73%","timestamp":"2026-07-19 22:39:19"}
{"level":"info","message":"Installing package - 75%","timestamp":"2026-07-19 22:39:19"}
{"level":"info","message":"Installing package - 77%","timestamp":"2026-07-19 22:39:19"}
{"level":"info","message":"Installing package - 78%","timestamp":"2026-07-19 22:39:19"}
{"level":"info","message":"Installing package - 80%","timestamp":"2026-07-19 22:39:19"}
{"level":"info","message":"Installing package - 81%","timestamp":"2026-07-19 22:39:19"}
{"level":"info","message":"Installing package - 83%","timestamp":"2026-07-19 22:39:19"}
{"level":"info","message":"Installing package - 84%","timestamp":"2026-07-19 22:39:19"}
{"level":"info","message":"Installing package - 86%","timestamp":"2026-07-19 22:39:19"}
{"level":"info","message":"Installing package - 88%","timestamp":"2026-07-19 22:39:19"}
{"level":"info","message":"Installing package - 89%","timestamp":"2026-07-19 22:39:19"}
{"level":"info","message":"Installing package - 91%","timestamp":"2026-07-19 22:39:19"}
{"level":"info","message":"Installing package - 92%","timestamp":"2026-07-19 22:39:19"}
{"level":"info","message":"Installing package - 94%","timestamp":"2026-07-19 22:39:19"}
{"level":"info","message":"Installing package - 95%","timestamp":"2026-07-19 22:39:19"}
{"level":"info","message":"Installing package - 97%","timestamp":"2026-07-19 22:39:19"}
{"level":"info","message":"Installing package - 98%","timestamp":"2026-07-19 22:39:19"}
{"level":"info","message":"Installing package - 100%","timestamp":"2026-07-19 22:39:19"}
{"level":"info","message":"Installed module dae","timestamp":"2026-07-19 22:39:19"}
{"level":"info","message":"complete - 100%","timestamp":"2026-07-19 22:39:19"}
{"level":"info","message":"Writing backup for world 'cos'.","timestamp":"2026-07-19 22:39:36"}
{"level":"info","message":"createBackup archive progress - 0%","timestamp":"2026-07-19 22:39:36"}
{"level":"info","message":"createBackup archive progress - 1%","timestamp":"2026-07-19 22:39:36"}
{"level":"info","message":"createBackup archive progress - 18%","timestamp":"2026-07-19 22:39:36"}
{"level":"info","message":"createBackup archive progress - 34%","timestamp":"2026-07-19 22:39:36"}
{"level":"info","message":"createBackup archive progress - 35%","timestamp":"2026-07-19 22:39:36"}
{"level":"info","message":"createBackup archive progress - 36%","timestamp":"2026-07-19 22:39:36"}
{"level":"info","message":"createBackup archive progress - 37%","timestamp":"2026-07-19 22:39:36"}
{"level":"info","message":"createBackup archive progress - 40%","timestamp":"2026-07-19 22:39:36"}
{"level":"info","message":"createBackup archive progress - 46%","timestamp":"2026-07-19 22:39:36"}
{"level":"info","message":"createBackup archive progress - 47%","timestamp":"2026-07-19 22:39:36"}
{"level":"info","message":"createBackup archive progress - 51%","timestamp":"2026-07-19 22:39:37"}
{"level":"info","message":"createBackup archive progress - 55%","timestamp":"2026-07-19 22:39:37"}
{"level":"info","message":"createBackup archive progress - 58%","timestamp":"2026-07-19 22:39:37"}
{"level":"info","message":"createBackup archive progress - 62%","timestamp":"2026-07-19 22:39:37"}
{"level":"info","message":"createBackup archive progress - 66%","timestamp":"2026-07-19 22:39:37"}
{"level":"info","message":"createBackup archive progress - 69%","timestamp":"2026-07-19 22:39:37"}
{"level":"info","message":"createBackup archive progress - 73%","timestamp":"2026-07-19 22:39:37"}
{"level":"info","message":"createBackup archive progress - 75%","timestamp":"2026-07-19 22:39:37"}
{"level":"info","message":"createBackup archive progress - 81%","timestamp":"2026-07-19 22:39:37"}
{"level":"info","message":"createBackup archive progress - 85%","timestamp":"2026-07-19 22:39:37"}
{"level":"info","message":"createBackup archive progress - 86%","timestamp":"2026-07-19 22:39:37"}
{"level":"info","message":"createBackup archive progress - 87%","timestamp":"2026-07-19 22:39:37"}
{"level":"info","message":"createBackup archive progress - 89%","timestamp":"2026-07-19 22:39:37"}
{"level":"info","message":"createBackup archive progress - 94%","timestamp":"2026-07-19 22:39:37"}
{"level":"info","message":"createBackup archive progress - 95%","timestamp":"2026-07-19 22:39:37"}
{"level":"info","message":"createBackup archive progress - 98%","timestamp":"2026-07-19 22:39:37"}
{"level":"info","message":"createBackup archive progress - 99%","timestamp":"2026-07-19 22:39:37"}
{"level":"info","message":"createBackup archive progress - 100%","timestamp":"2026-07-19 22:39:37"}
{"level":"info","message":"Wrote backup for world 'cos' to '/home/foundry/data/Backups/worlds/cos/world.cos.2026-07-19.1784493576209.bak'. Wrote 43441308 bytes.","timestamp":"2026-07-19 22:39:38"}
{"level":"info","message":"Connected to database \"effects\"","timestamp":"2026-07-19 22:39:38"}
{"level":"info","message":"Launching World | Loading World Data - 7%","timestamp":"2026-07-19 22:39:38"}
{"level":"info","message":"Connected to database \"actors\"","timestamp":"2026-07-19 22:39:38"}
{"level":"info","message":"Launching World | Loading World Data - 13%","timestamp":"2026-07-19 22:39:38"}
{"level":"info","message":"Connected to database \"cards\"","timestamp":"2026-07-19 22:39:38"}
{"level":"info","message":"Launching World | Loading World Data - 20%","timestamp":"2026-07-19 22:39:38"}
{"level":"info","message":"Connected to database \"messages\"","timestamp":"2026-07-19 22:39:38"}
{"level":"info","message":"Launching World | Loading World Data - 27%","timestamp":"2026-07-19 22:39:38"}
{"level":"info","message":"Connected to database \"combats\"","timestamp":"2026-07-19 22:39:38"}
{"level":"info","message":"Launching World | Loading World Data - 33%","timestamp":"2026-07-19 22:39:38"}
{"level":"info","message":"Connected to database \"fog\"","timestamp":"2026-07-19 22:39:38"}
{"level":"info","message":"Launching World | Loading World Data - 40%","timestamp":"2026-07-19 22:39:38"}
{"level":"info","message":"Connected to database \"folders\"","timestamp":"2026-07-19 22:39:38"}
{"level":"info","message":"Launching World | Loading World Data - 47%","timestamp":"2026-07-19 22:39:38"}
{"level":"info","message":"Connected to database \"items\"","timestamp":"2026-07-19 22:39:38"}
{"level":"info","message":"Launching World | Loading World Data - 53%","timestamp":"2026-07-19 22:39:38"}
{"level":"info","message":"Connected to database \"journal\"","timestamp":"2026-07-19 22:39:38"}
{"level":"info","message":"Launching World | Loading World Data - 60%","timestamp":"2026-07-19 22:39:38"}
{"level":"info","message":"Connected to database \"macros\"","timestamp":"2026-07-19 22:39:38"}
{"level":"info","message":"Launching World | Loading World Data - 67%","timestamp":"2026-07-19 22:39:38"}
{"level":"info","message":"Connected to database \"playlists\"","timestamp":"2026-07-19 22:39:38"}
{"level":"info","message":"Launching World | Loading World Data - 73%","timestamp":"2026-07-19 22:39:38"}
{"level":"info","message":"Connected to database \"tables\"","timestamp":"2026-07-19 22:39:38"}
{"level":"info","message":"Launching World | Loading World Data - 80%","timestamp":"2026-07-19 22:39:38"}
{"level":"info","message":"Connected to database \"scenes\"","timestamp":"2026-07-19 22:39:38"}
{"level":"info","message":"Launching World | Loading World Data - 87%","timestamp":"2026-07-19 22:39:38"}
{"level":"info","message":"Connected to database \"settings\"","timestamp":"2026-07-19 22:39:38"}
{"level":"info","message":"Launching World | Loading World Data - 93%","timestamp":"2026-07-19 22:39:38"}
{"level":"info","message":"Connected to database \"users\"","timestamp":"2026-07-19 22:39:38"}
{"level":"info","message":"Launching World | Loading World Data - 100%","timestamp":"2026-07-19 22:39:38"}
{"level":"info","message":"Launching World | Migrating World Data - 7%","timestamp":"2026-07-19 22:39:38"}
{"level":"info","message":"Launching World | Migrating World Data - 13%","timestamp":"2026-07-19 22:39:38"}
{"level":"info","message":"Launching World | Migrating World Data - 20%","timestamp":"2026-07-19 22:39:38"}
{"level":"info","message":"Launching World | Migrating World Data - 27%","timestamp":"2026-07-19 22:39:38"}
{"level":"info","message":"Launching World | Migrating World Data - 33%","timestamp":"2026-07-19 22:39:38"}
{"level":"info","message":"Launching World | Migrating World Data - 40%","timestamp":"2026-07-19 22:39:38"}
{"level":"info","message":"Launching World | Migrating World Data - 47%","timestamp":"2026-07-19 22:39:38"}
{"level":"info","message":"Launching World | Migrating World Data - 53%","timestamp":"2026-07-19 22:39:38"}
{"level":"info","message":"Launching World | Migrating World Data - 60%","timestamp":"2026-07-19 22:39:38"}
{"level":"info","message":"Launching World | Migrating World Data - 67%","timestamp":"2026-07-19 22:39:38"}
{"level":"info","message":"Launching World | Migrating World Data - 73%","timestamp":"2026-07-19 22:39:38"}
{"level":"info","message":"Launching World | Migrating World Data - 80%","timestamp":"2026-07-19 22:39:38"}
{"level":"info","message":"Launching World | Migrating World Data - 87%","timestamp":"2026-07-19 22:39:38"}
{"level":"info","message":"Launching World | Migrating World Data - 93%","timestamp":"2026-07-19 22:39:38"}
{"level":"info","message":"Launching World | Migrating World Data - 100%","timestamp":"2026-07-19 22:39:38"}
{"level":"info","message":"Connected to database \"world.ddb-cos-ddb-tables\"","timestamp":"2026-07-19 22:39:38"}
{"level":"info","message":"Launching World | Loading Package Data - 2%","timestamp":"2026-07-19 22:39:38"}
{"level":"info","message":"Connected to database \"world.ddb-cos-ddb-adventures\"","timestamp":"2026-07-19 22:39:38"}
{"level":"info","message":"Launching World | Loading Package Data - 5%","timestamp":"2026-07-19 22:39:38"}
{"level":"info","message":"Connected to database \"world.ddb-cos-ddb-backgrounds\"","timestamp":"2026-07-19 22:39:38"}
{"level":"info","message":"Launching World | Loading Package Data - 7%","timestamp":"2026-07-19 22:39:38"}
{"level":"info","message":"Connected to database \"world.ddb-cos-ddb-classes\"","timestamp":"2026-07-19 22:39:38"}
{"level":"info","message":"Launching World | Loading Package Data - 10%","timestamp":"2026-07-19 22:39:38"}
{"level":"info","message":"Connected to database \"world.ddb-cos-ddb-subclasses\"","timestamp":"2026-07-19 22:39:38"}
{"level":"info","message":"Launching World | Loading Package Data - 12%","timestamp":"2026-07-19 22:39:38"}
{"level":"info","message":"Connected to database \"world.ddb-cos-ddb-class-features\"","timestamp":"2026-07-19 22:39:38"}
{"level":"info","message":"Launching World | Loading Package Data - 15%","timestamp":"2026-07-19 22:39:38"}
{"level":"info","message":"Connected to database \"world.ddb-cos-ddb-feats\"","timestamp":"2026-07-19 22:39:38"}
{"level":"info","message":"Launching World | Loading Package Data - 17%","timestamp":"2026-07-19 22:39:38"}
{"level":"info","message":"Connected to database \"world.ddb-cos-ddb-items\"","timestamp":"2026-07-19 22:39:38"}
{"level":"info","message":"Launching World | Loading Package Data - 20%","timestamp":"2026-07-19 22:39:38"}
{"level":"info","message":"Connected to database \"world.ddb-cos-ddb-monsters\"","timestamp":"2026-07-19 22:39:38"}
{"level":"info","message":"Launching World | Loading Package Data - 22%","timestamp":"2026-07-19 22:39:38"}
{"level":"info","message":"Connected to database \"world.ddb-cos-ddb-vehicles\"","timestamp":"2026-07-19 22:39:38"}
{"level":"info","message":"Launching World | Loading Package Data - 24%","timestamp":"2026-07-19 22:39:38"}
{"level":"info","message":"Connected to database \"world.ddb-cos-ddb-races\"","timestamp":"2026-07-19 22:39:38"}
{"level":"info","message":"Launching World | Loading Package Data - 27%","timestamp":"2026-07-19 22:39:38"}
{"level":"info","message":"Connected to database \"world.ddb-cos-ddb-racial-traits\"","timestamp":"2026-07-19 22:39:38"}
{"level":"info","message":"Launching World | Loading Package Data - 29%","timestamp":"2026-07-19 22:39:38"}
{"level":"info","message":"Connected to database \"world.ddb-cos-ddb-spells\"","timestamp":"2026-07-19 22:39:38"}
{"level":"info","message":"Launching World | Loading Package Data - 32%","timestamp":"2026-07-19 22:39:38"}
{"level":"info","message":"Connected to database \"world.ddb-cos-ddb-override\"","timestamp":"2026-07-19 22:39:38"}
{"level":"info","message":"Launching World | Loading Package Data - 34%","timestamp":"2026-07-19 22:39:38"}
{"level":"info","message":"Connected to database \"world.ddb-cos-ddb-species\"","timestamp":"2026-07-19 22:39:38"}
{"level":"info","message":"Launching World | Loading Package Data - 37%","timestamp":"2026-07-19 22:39:38"}
{"level":"info","message":"Connected to database \"world.ddb-cos-ddb-journals\"","timestamp":"2026-07-19 22:39:38"}
{"level":"info","message":"Launching World | Loading Package Data - 39%","timestamp":"2026-07-19 22:39:38"}
{"level":"info","message":"Connected to database \"world.ddb-cos-ddb-summons\"","timestamp":"2026-07-19 22:39:38"}
{"level":"info","message":"Launching World | Loading Package Data - 41%","timestamp":"2026-07-19 22:39:38"}
{"level":"info","message":"Connected to database \"dnd5e.heroes\"","timestamp":"2026-07-19 22:39:38"}
{"level":"info","message":"Launching World | Loading Package Data - 44%","timestamp":"2026-07-19 22:39:38"}
{"level":"info","message":"Connected to database \"dnd5e.monsters\"","timestamp":"2026-07-19 22:39:38"}
{"level":"info","message":"Launching World | Loading Package Data - 46%","timestamp":"2026-07-19 22:39:38"}
{"level":"info","message":"Connected to database \"dnd5e.items\"","timestamp":"2026-07-19 22:39:38"}
{"level":"info","message":"Launching World | Loading Package Data - 49%","timestamp":"2026-07-19 22:39:38"}
{"level":"info","message":"Connected to database \"dnd5e.tradegoods\"","timestamp":"2026-07-19 22:39:38"}
{"level":"info","message":"Launching World | Loading Package Data - 51%","timestamp":"2026-07-19 22:39:38"}
{"level":"info","message":"Connected to database \"dnd5e.spells\"","timestamp":"2026-07-19 22:39:38"}
{"level":"info","message":"Launching World | Loading Package Data - 54%","timestamp":"2026-07-19 22:39:38"}
{"level":"info","message":"Connected to database \"dnd5e.backgrounds\"","timestamp":"2026-07-19 22:39:38"}
{"level":"info","message":"Launching World | Loading Package Data - 56%","timestamp":"2026-07-19 22:39:38"}
{"level":"info","message":"Connected to database \"dnd5e.classes\"","timestamp":"2026-07-19 22:39:38"}
{"level":"info","message":"Launching World | Loading Package Data - 59%","timestamp":"2026-07-19 22:39:38"}
{"level":"info","message":"Connected to database \"dnd5e.subclasses\"","timestamp":"2026-07-19 22:39:38"}
{"level":"info","message":"Launching World | Loading Package Data - 61%","timestamp":"2026-07-19 22:39:38"}
{"level":"info","message":"Connected to database \"dnd5e.classfeatures\"","timestamp":"2026-07-19 22:39:38"}
{"level":"info","message":"Launching World | Loading Package Data - 63%","timestamp":"2026-07-19 22:39:38"}
{"level":"info","message":"Connected to database \"dnd5e.races\"","timestamp":"2026-07-19 22:39:38"}
{"level":"info","message":"Launching World | Loading Package Data - 66%","timestamp":"2026-07-19 22:39:38"}
{"level":"info","message":"Connected to database \"dnd5e.monsterfeatures\"","timestamp":"2026-07-19 22:39:38"}
{"level":"info","message":"Launching World | Loading Package Data - 68%","timestamp":"2026-07-19 22:39:38"}
{"level":"info","message":"Connected to database \"dnd5e.rules\"","timestamp":"2026-07-19 22:39:38"}
{"level":"info","message":"Launching World | Loading Package Data - 71%","timestamp":"2026-07-19 22:39:38"}
{"level":"info","message":"Connected to database \"dnd5e.tables\"","timestamp":"2026-07-19 22:39:38"}
{"level":"info","message":"Launching World | Loading Package Data - 73%","timestamp":"2026-07-19 22:39:38"}
{"level":"info","message":"Connected to database \"dnd5e.content24\"","timestamp":"2026-07-19 22:39:38"}
{"level":"info","message":"Launching World | Loading Package Data - 76%","timestamp":"2026-07-19 22:39:38"}
{"level":"info","message":"Connected to database \"dnd5e.classes24\"","timestamp":"2026-07-19 22:39:38"}
{"level":"info","message":"Launching World | Loading Package Data - 78%","timestamp":"2026-07-19 22:39:38"}
{"level":"info","message":"Connected to database \"dnd5e.origins24\"","timestamp":"2026-07-19 22:39:38"}
{"level":"info","message":"Launching World | Loading Package Data - 80%","timestamp":"2026-07-19 22:39:38"}
{"level":"info","message":"Connected to database \"dnd5e.feats24\"","timestamp":"2026-07-19 22:39:38"}
{"level":"info","message":"Launching World | Loading Package Data - 83%","timestamp":"2026-07-19 22:39:38"}
{"level":"info","message":"Connected to database \"dnd5e.spells24\"","timestamp":"2026-07-19 22:39:38"}
{"level":"info","message":"Launching World | Loading Package Data - 85%","timestamp":"2026-07-19 22:39:38"}
{"level":"info","message":"Connected to database \"dnd5e.equipment24\"","timestamp":"2026-07-19 22:39:38"}
{"level":"info","message":"Launching World | Loading Package Data - 88%","timestamp":"2026-07-19 22:39:38"}
{"level":"info","message":"Connected to database \"dnd5e.tables24\"","timestamp":"2026-07-19 22:39:38"}
{"level":"info","message":"Launching World | Loading Package Data - 90%","timestamp":"2026-07-19 22:39:38"}
{"level":"info","message":"Connected to database \"dnd5e.actors24\"","timestamp":"2026-07-19 22:39:38"}
{"level":"info","message":"Launching World | Loading Package Data - 93%","timestamp":"2026-07-19 22:39:38"}
{"level":"info","message":"Connected to database \"dnd5e.monsterfeatures24\"","timestamp":"2026-07-19 22:39:38"}
{"level":"info","message":"Launching World | Loading Package Data - 95%","timestamp":"2026-07-19 22:39:38"}
{"level":"info","message":"Connected to database \"fxmaster.fxmaster\"","timestamp":"2026-07-19 22:39:38"}
{"level":"info","message":"Launching World | Loading Package Data - 98%","timestamp":"2026-07-19 22:39:38"}
{"level":"info","message":"Connected to database \"pdf-pager.macros\"","timestamp":"2026-07-19 22:39:38"}
{"level":"info","message":"Launching World | Loading Package Data - 100%","timestamp":"2026-07-19 22:39:38"}
{"level":"info","message":"Created 0 Folder documents with ids: []","timestamp":"2026-07-19 22:39:38"}
{"level":"info","message":"Launching World | Migrating Package Data - 2%","timestamp":"2026-07-19 22:39:38"}
{"level":"info","message":"Launching World | Migrating Package Data - 5%","timestamp":"2026-07-19 22:39:38"}
{"level":"info","message":"Launching World | Migrating Package Data - 7%","timestamp":"2026-07-19 22:39:38"}
{"level":"info","message":"Launching World | Migrating Package Data - 10%","timestamp":"2026-07-19 22:39:38"}
{"level":"info","message":"Launching World | Migrating Package Data - 12%","timestamp":"2026-07-19 22:39:38"}
{"level":"info","message":"Launching World | Migrating Package Data - 15%","timestamp":"2026-07-19 22:39:38"}
{"level":"info","message":"Launching World | Migrating Package Data - 17%","timestamp":"2026-07-19 22:39:38"}
{"level":"info","message":"Launching World | Migrating Package Data - 20%","timestamp":"2026-07-19 22:39:38"}
{"level":"info","message":"Launching World | Migrating Package Data - 22%","timestamp":"2026-07-19 22:39:38"}
{"level":"info","message":"Launching World | Migrating Package Data - 24%","timestamp":"2026-07-19 22:39:38"}
{"level":"info","message":"Launching World | Migrating Package Data - 27%","timestamp":"2026-07-19 22:39:38"}
{"level":"info","message":"Launching World | Migrating Package Data - 29%","timestamp":"2026-07-19 22:39:38"}
{"level":"info","message":"Launching World | Migrating Package Data - 32%","timestamp":"2026-07-19 22:39:38"}
{"level":"info","message":"Launching World | Migrating Package Data - 34%","timestamp":"2026-07-19 22:39:38"}
{"level":"info","message":"Launching World | Migrating Package Data - 37%","timestamp":"2026-07-19 22:39:38"}
{"level":"info","message":"Launching World | Migrating Package Data - 39%","timestamp":"2026-07-19 22:39:38"}
{"level":"info","message":"Launching World | Migrating Package Data - 41%","timestamp":"2026-07-19 22:39:38"}
{"level":"info","message":"Migrated Actor record [125qFnXvT9z0iOic] of database \"dnd5e.heroes\".","timestamp":"2026-07-19 22:39:38"}
{"level":"info","message":"Migrated Actor record [2Pdtnswo8Nj2nafY] of database \"dnd5e.heroes\".","timestamp":"2026-07-19 22:39:38"}
{"level":"info","message":"Migrated Actor record [4Jsv5vYaJ1atUEDV] of database \"dnd5e.heroes\".","timestamp":"2026-07-19 22:39:38"}
{"level":"info","message":"Migrated Actor record [Dh1AA6w104V17V6w] of database \"dnd5e.heroes\".","timestamp":"2026-07-19 22:39:38"}
{"level":"info","message":"Migrated Actor record [Jw8DeuPjt1qpusdB] of database \"dnd5e.heroes\".","timestamp":"2026-07-19 22:39:38"}
{"level":"info","message":"Migrated Actor record [ZGDys30OS76uYaIO] of database \"dnd5e.heroes\".","timestamp":"2026-07-19 22:39:38"}
{"level":"info","message":"Migrated Actor record [bzlxBO5km3zCQA8G] of database \"dnd5e.heroes\".","timestamp":"2026-07-19 22:39:38"}
{"level":"info","message":"Migrated Actor record [cYD0wRXLW4B17aoY] of database \"dnd5e.heroes\".","timestamp":"2026-07-19 22:39:38"}
{"level":"info","message":"Migrated Actor record [irWonyO6ZLh47sN7] of database \"dnd5e.heroes\".","timestamp":"2026-07-19 22:39:38"}
{"level":"info","message":"Migrated Actor record [kfzBL0q1Y7LgGs2x] of database \"dnd5e.heroes\".","timestamp":"2026-07-19 22:39:38"}
{"level":"info","message":"Migrated Actor record [xT2C2Itv2XambDYp] of database \"dnd5e.heroes\".","timestamp":"2026-07-19 22:39:38"}
{"level":"info","message":"Migrated Actor record [xVmbM44RXyI2Eqq3] of database \"dnd5e.heroes\".","timestamp":"2026-07-19 22:39:38"}
{"level":"info","message":"Persisting migrated Actor record [125qFnXvT9z0iOic] of database \"dnd5e.heroes\".","timestamp":"2026-07-19 22:39:38"}
{"level":"info","message":"Persisting migrated Actor record [2Pdtnswo8Nj2nafY] of database \"dnd5e.heroes\".","timestamp":"2026-07-19 22:39:38"}
{"level":"info","message":"Persisting migrated Actor record [4Jsv5vYaJ1atUEDV] of database \"dnd5e.heroes\".","timestamp":"2026-07-19 22:39:38"}
{"level":"info","message":"Persisting migrated Actor record [Dh1AA6w104V17V6w] of database \"dnd5e.heroes\".","timestamp":"2026-07-19 22:39:38"}
{"level":"info","message":"Persisting migrated Actor record [Jw8DeuPjt1qpusdB] of database \"dnd5e.heroes\".","timestamp":"2026-07-19 22:39:38"}
{"level":"info","message":"Persisting migrated Actor record [ZGDys30OS76uYaIO] of database \"dnd5e.heroes\".","timestamp":"2026-07-19 22:39:38"}
{"level":"info","message":"Persisting migrated Actor record [bzlxBO5km3zCQA8G] of database \"dnd5e.heroes\".","timestamp":"2026-07-19 22:39:38"}
{"level":"info","message":"Persisting migrated Actor record [cYD0wRXLW4B17aoY] of database \"dnd5e.heroes\".","timestamp":"2026-07-19 22:39:38"}
{"level":"info","message":"Persisting migrated Actor record [irWonyO6ZLh47sN7] of database \"dnd5e.heroes\".","timestamp":"2026-07-19 22:39:38"}
{"level":"info","message":"Persisting migrated Actor record [kfzBL0q1Y7LgGs2x] of database \"dnd5e.heroes\".","timestamp":"2026-07-19 22:39:38"}
{"level":"info","message":"Persisting migrated Actor record [xT2C2Itv2XambDYp] of database \"dnd5e.heroes\".","timestamp":"2026-07-19 22:39:38"}
{"level":"info","message":"Persisting migrated Actor record [xVmbM44RXyI2Eqq3] of database \"dnd5e.heroes\".","timestamp":"2026-07-19 22:39:38"}
{"level":"info","message":"Completed migration of database \"dnd5e.heroes.\"","timestamp":"2026-07-19 22:39:38"}
{"level":"info","message":"Launching World | Migrating Package Data - 44%","timestamp":"2026-07-19 22:39:38"}
{"level":"info","message":"Migrated Actor record [0m8QyDN52qw9zzOM] of database \"dnd5e.monsters\".","timestamp":"2026-07-19 22:39:39"}
{"level":"info","message":"Migrated Actor record [13K3XK2A3wwxVKLD] of database \"dnd5e.monsters\".","timestamp":"2026-07-19 22:39:39"}
{"level":"info","message":"Migrated Actor record [1ES45ODWg3pCrkzv] of database \"dnd5e.monsters\".","timestamp":"2026-07-19 22:39:39"}
{"level":"info","message":"Migrated Actor record [1OQbxoZI5BtlB2ME] of database \"dnd5e.monsters\".","timestamp":"2026-07-19 22:39:39"}
{"level":"info","message":"Migrated Actor record [1cwfYaACm5F0l4y3] of database \"dnd5e.monsters\".","timestamp":"2026-07-19 22:39:39"}
{"level":"info","message":"Migrated Actor record [1vaBSMUfOy6JPJ14] of database \"dnd5e.monsters\".","timestamp":"2026-07-19 22:39:39"}
{"level":"info","message":"Migrated Actor record [1zzRQps9jZdLZGqI] of database \"dnd5e.monsters\".","timestamp":"2026-07-19 22:39:39"}
{"level":"info","message":"Migrated Actor record [28gU50HtG8Kp7uIz] of database \"dnd5e.monsters\".","timestamp":"2026-07-19 22:39:39"}
{"level":"info","message":"Migrated Actor record [2MZNHeOZweXAYbv1] of database \"dnd5e.monsters\".","timestamp":"2026-07-19 22:39:39"}
{"level":"info","message":"Migrated Actor record [35Y64PEFFdvQS0ra] of database \"dnd5e.monsters\".","timestamp":"2026-07-19 22:39:39"}
{"level":"info","message":"Migrated Actor record [3UUNbGiG2Yf1ZPxM] of database \"dnd5e.monsters\".","timestamp":"2026-07-19 22:39:39"}
{"level":"info","message":"Migrated Actor record [3YwmvDupMwycWNCO] of database \"dnd5e.monsters\".","timestamp":"2026-07-19 22:39:39"}
{"level":"info","message":"Migrated Actor record [3fzQVYQhXxCXRa2o] of database \"dnd5e.monsters\".","timestamp":"2026-07-19 22:39:39"}
{"level":"info","message":"Migrated Actor record [3o2rQBqpzjIHmrBW] of database \"dnd5e.monsters\".","timestamp":"2026-07-19 22:39:39"}
{"level":"info","message":"Migrated Actor record [3uIursokd3KdZrW3] of database \"dnd5e.monsters\".","timestamp":"2026-07-19 22:39:39"}
{"level":"info","message":"Migrated Actor record [45Z5kogZEhawX1Ey] of database \"dnd5e.monsters\".","timestamp":"2026-07-19 22:39:39"}
{"level":"info","message":"Migrated Actor record [4EODJbmPlpnNGVR7] of database \"dnd5e.monsters\".","timestamp":"2026-07-19 22:39:39"}
{"level":"info","message":"Migrated Actor record [4OeZZguYgJcsZoM9] of database \"dnd5e.monsters\".","timestamp":"2026-07-19 22:39:39"}
{"level":"info","message":"Migrated Actor record [4ZlUHt4xmB7GdPfk] of database \"dnd5e.monsters\".","timestamp":"2026-07-19 22:39:39"}
{"level":"info","message":"Migrated Actor record [4tl0s2SnaLjkoDiI] of database \"dnd5e.monsters\".","timestamp":"2026-07-19 22:39:39"}
{"level":"info","message":"Migrated Actor record [4udpeEneFSZK9NTB] of database \"dnd5e.monsters\".","timestamp":"2026-07-19 22:39:39"}
{"level":"info","message":"Migrated Actor record [55PkbskG5iBZGrgR] of database \"dnd5e.monsters\".","timestamp":"2026-07-19 22:39:39"}
{"level":"info","message":"Migrated Actor record [57DofLgRQx16ARoc] of database \"dnd5e.monsters\".","timestamp":"2026-07-19 22:39:39"}
{"level":"info","message":"Migrated Actor record [5P1VGAZQwOilwZQf] of database \"dnd5e.monsters\".","timestamp":"2026-07-19 22:39:39"}
{"level":"info","message":"Migrated Actor record [5SgVGhQBswgWRwsF] of database \"dnd5e.monsters\".","timestamp":"2026-07-19 22:39:39"}
{"level":"info","message":"Migrated Actor record [5TmstVMURpVtmNR3] of database \"dnd5e.monsters\".","timestamp":"2026-07-19 22:39:39"}
{"level":"info","message":"Migrated Actor record [5kZNNWzZ6HrfKuWf] of database \"dnd5e.monsters\".","timestamp":"2026-07-19 22:39:39"}
{"level":"info","message":"Migrated Actor record [5ngbctIMeEnuC1p1] of database \"dnd5e.monsters\".","timestamp":"2026-07-19 22:39:39"}
{"level":"info","message":"Migrated Actor record [68bAMIpe4jvDeR9G] of database \"dnd5e.monsters\".","timestamp":"2026-07-19 22:39:39"}
{"level":"info","message":"Migrated Actor record [6oc29m5uzzzb0pk3] of database \"dnd5e.monsters\".","timestamp":"2026-07-19 22:39:39"}
{"level":"info","message":"Migrated Actor record [6qnT52lZtZblgGw8] of database \"dnd5e.monsters\".","timestamp":"2026-07-19 22:39:39"}
{"level":"info","message":"Migrated Actor record [6wbasdWWqtXeIAyD] of database \"dnd5e.monsters\".","timestamp":"2026-07-19 22:39:39"}
{"level":"info","message":"Migrated Actor record [7198siHjPJf8g0cG] of database \"dnd5e.monsters\".","timestamp":"2026-07-19 22:39:39"}
{"level":"info","message":"Migrated Actor record [7EmUVycEASn7SFL0] of database \"dnd5e.monsters\".","timestamp":"2026-07-19 22:39:39"}
{"level":"info","message":"Migrated Actor record [7KJ5vjnp0FJrdu6T] of database \"dnd5e.monsters\".","timestamp":"2026-07-19 22:39:39"}
{"level":"info","message":"Migrated Actor record [7tRhrxuknTpHpYcA] of database \"dnd5e.monsters\".","timestamp":"2026-07-19 22:39:39"}
{"level":"info","message":"Migrated Actor record [7vswgicsiMfS4ZTS] of database \"dnd5e.monsters\".","timestamp":"2026-07-19 22:39:39"}
{"level":"info","message":"Migrated Actor record [85ahD1jEo9B3POaQ] of database \"dnd5e.monsters\".","timestamp":"2026-07-19 22:39:39"}
{"level":"info","message":"Migrated Actor record [8ExSFCar5Lbhdo7u] of database \"dnd5e.monsters\".","timestamp":"2026-07-19 22:39:39"}
{"level":"info","message":"Migrated Actor record [8KSVpQZyzius93ko] of database \"dnd5e.monsters\".","timestamp":"2026-07-19 22:39:39"}
{"level":"info","message":"Migrated Actor record [8MD1vRBTcgSXXk3u] of database \"dnd5e.monsters\".","timestamp":"2026-07-19 22:39:39"}
{"level":"info","message":"Migrated Actor record [8MuL8xisavJW9bnw] of database \"dnd5e.monsters\".","timestamp":"2026-07-19 22:39:39"}
{"level":"info","message":"Migrated Actor record [8RgUhb31VvjUNZU1] of database \"dnd5e.monsters\".","timestamp":"2026-07-19 22:39:39"}
{"level":"info","message":"Migrated Actor record [8SMQl75HLjhuSeau] of database \"dnd5e.monsters\".","timestamp":"2026-07-19 22:39:39"}
{"level":"info","message":"Migrated Actor record [8VXxqeBvN54rPh81] of database \"dnd5e.monsters\".","timestamp":"2026-07-19 22:39:39"}
{"level":"info","message":"Migrated Actor record [8aCTKP5qaBPFOqxM] of database \"dnd5e.monsters\".","timestamp":"2026-07-19 22:39:39"}
{"level":"info","message":"Migrated Actor record [8ihbbjkaOFTPbI73] of database \"dnd5e.monsters\".","timestamp":"2026-07-19 22:39:39"}
{"level":"info","message":"Migrated Actor record [8pX2JhWUpTNNRBVx] of database \"dnd5e.monsters\".","timestamp":"2026-07-19 22:39:39"}
{"level":"info","message":"Migrated Actor record [8xhuJXYMnlQD7LF6] of database \"dnd5e.monsters\".","timestamp":"2026-07-19 22:39:39"}
{"level":"info","message":"Migrated Actor record [9bHoR8k5D2DKHaF3] of database \"dnd5e.monsters\".","timestamp":"2026-07-19 22:39:39"}
{"level":"info","message":"Migrated Actor record [9g4N9sjyh8Ql46to] of database \"dnd5e.monsters\".","timestamp":"2026-07-19 22:39:39"}
{"level":"info","message":"Migrated Actor record [9ggQBmAKXraOtz7S] of database \"dnd5e.monsters\".","timestamp":"2026-07-19 22:39:39"}
{"level":"info","message":"Migrated Actor record [AJiJW7K957aJJCN6] of database \"dnd5e.monsters\".","timestamp":"2026-07-19 22:39:39"}
{"level":"info","message":"Migrated Actor record [AOJvmk1IchxNxQzP] of database \"dnd5e.monsters\".","timestamp":"2026-07-19 22:39:39"}
{"level":"info","message":"Migrated Actor record [AijNdqMurWxDxUSl] of database \"dnd5e.monsters\".","timestamp":"2026-07-19 22:39:39"}
{"level":"info","message":"Migrated Actor record [AnseLn7HwuP97grf] of database \"dnd5e.monsters\".","timestamp":"2026-07-19 22:39:39"}
{"level":"info","message":"Migrated Actor record [Aw2wmqGIatxe2ImI] of database \"dnd5e.monsters\".","timestamp":"2026-07-19 22:39:39"}
{"level":"info","message":"Migrated Actor record [AyvniEKtyroOe83p] of database \"dnd5e.monsters\".","timestamp":"2026-07-19 22:39:39"}
{"level":"info","message":"Migrated Actor record [B7lBOr1AahNZs4a6] of database \"dnd5e.monsters\".","timestamp":"2026-07-19 22:39:39"}
{"level":"info","message":"Migrated Actor record [BAT6ld8qJZetpycL] of database \"dnd5e.monsters\".","timestamp":"2026-07-19 22:39:39"}
{"level":"info","message":"Migrated Actor record [BTQz2q4JJVQn8W5W] of database \"dnd5e.monsters\".","timestamp":"2026-07-19 22:39:39"}
{"level":"info","message":"Migrated Actor record [BUCfQ7ihaXX75Vai] of database \"dnd5e.monsters\".","timestamp":"2026-07-19 22:39:39"}
{"level":"info","message":"Migrated Actor record [Bupo3E9X5Ptx6XeT] of database \"dnd5e.monsters\".","timestamp":"2026-07-19 22:39:39"}
{"level":"info","message":"Migrated Actor record [Buxe6dDK5Mw7kxe6] of database \"dnd5e.monsters\".","timestamp":"2026-07-19 22:39:39"}
{"level":"info","message":"Migrated Actor record [CHEUjiYrVM9X0vIT] of database \"dnd5e.monsters\".","timestamp":"2026-07-19 22:39:39"}
{"level":"info","message":"Migrated Actor record [CqQ6pXQA5WXZNOm3] of database \"dnd5e.monsters\".","timestamp":"2026-07-19 22:39:39"}
{"level":"info","message":"Migrated Actor record [CrnUJhTbkdZjCZsH] of database \"dnd5e.monsters\".","timestamp":"2026-07-19 22:39:39"}
{"level":"info","message":"Migrated Actor record [Cy3A0rsNMPLZozam] of database \"dnd5e.monsters\".","timestamp":"2026-07-19 22:39:39"}
{"level":"info","message":"Migrated Actor record [D5UqYD1EnTrJaMTO] of database \"dnd5e.monsters\".","timestamp":"2026-07-19 22:39:39"}
{"level":"info","message":"Migrated Actor record [D5WjGwKskeUT8HXa] of database \"dnd5e.monsters\".","timestamp":"2026-07-19 22:39:39"}
{"level":"info","message":"Migrated Actor record [D5rwVIxmfFrdyyxT] of database \"dnd5e.monsters\".","timestamp":"2026-07-19 22:39:39"}
{"level":"info","message":"Migrated Actor record [DDO9lDCDtNHkfShP] of database \"dnd5e.monsters\".","timestamp":"2026-07-19 22:39:39"}
{"level":"info","message":"Migrated Actor record [E9CvDPDg5dFEpVjS] of database \"dnd5e.monsters\".","timestamp":"2026-07-19 22:39:39"}
{"level":"info","message":"Migrated Actor record [EI8w6XjzCZICkox9] of database \"dnd5e.monsters\".","timestamp":"2026-07-19 22:39:39"}
{"level":"info","message":"Migrated Actor record [EIgAW1dWVPpyWLUh] of database \"dnd5e.monsters\".","timestamp":"2026-07-19 22:39:39"}
{"level":"info","message":"Migrated Actor record [EMvcuOpu7ABCmBWi] of database \"dnd5e.monsters\".","timestamp":"2026-07-19 22:39:39"}
{"level":"info","message":"Migrated Actor record [ESEm3fGUfSKjzVUc] of database \"dnd5e.monsters\".","timestamp":"2026-07-19 22:39:39"}
{"level":"info","message":"Migrated Actor record [ET4PEVEiNJLU4f7c] of database \"dnd5e.monsters\".","timestamp":"2026-07-19 22:39:39"}
{"level":"info","message":"Migrated Actor record [EYiQZ3rFL25fEJY5] of database \"dnd5e.monsters\".","timestamp":"2026-07-19 22:39:39"}
{"level":"info","message":"Migrated Actor record [EZgiprHXA2D7Uyb3] of database \"dnd5e.monsters\".","timestamp":"2026-07-19 22:39:39"}
{"level":"info","message":"Migrated Actor record [EpYl7qifM5pq6W6B] of database \"dnd5e.monsters\".","timestamp":"2026-07-19 22:39:39"}
{"level":"info","message":"Migrated Actor record [EqJUA3Z3181RSSFU] of database \"dnd5e.monsters\".","timestamp":"2026-07-19 22:39:39"}
{"level":"info","message":"Migrated Actor record [F0yILX4xKKt4dxKY] of database \"dnd5e.monsters\".","timestamp":"2026-07-19 22:39:39"}
{"level":"info","message":"Migrated Actor record [FQMFuzzSh73d0Nrd] of database \"dnd5e.monsters\".","timestamp":"2026-07-19 22:39:39"}
{"level":"info","message":"Migrated Actor record [FWSDiq9SZsdiBAa8] of database \"dnd5e.monsters\".","timestamp":"2026-07-19 22:39:39"}
{"level":"info","message":"Migrated Actor record [FayqbnjBMszO6Pat] of database \"dnd5e.monsters\".","timestamp":"2026-07-19 22:39:39"}
{"level":"info","message":"Migrated Actor record [FzvZ6xl3U9GoL9ju] of database \"dnd5e.monsters\".","timestamp":"2026-07-19 22:39:39"}
{"level":"info","message":"Migrated Actor record [G9PENY6nw0xRxCJW] of database \"dnd5e.monsters\".","timestamp":"2026-07-19 22:39:39"}
{"level":"info","message":"Migrated Actor record [GP8JMSDugRxuLOD2] of database \"dnd5e.monsters\".","timestamp":"2026-07-19 22:39:39"}
{"level":"info","message":"Migrated Actor record [GlaCGcgIP6YjBjGc] of database \"dnd5e.monsters\".","timestamp":"2026-07-19 22:39:39"}
{"level":"info","message":"Migrated Actor record [GpeQYtlo8oGvGlkM] of database \"dnd5e.monsters\".","timestamp":"2026-07-19 22:39:39"}
{"level":"info","message":"Migrated Actor record [GxgIVRX5GbVTifiF] of database \"dnd5e.monsters\".","timestamp":"2026-07-19 22:39:39"}
{"level":"info","message":"Migrated Actor record [HB49mCOVBXwWeKWQ] of database \"dnd5e.monsters\".","timestamp":"2026-07-19 22:39:39"}
{"level":"info","message":"Migrated Actor record [HPUO3weiwRQnql0d] of database \"dnd5e.monsters\".","timestamp":"2026-07-19 22:39:39"}
{"level":"info","message":"Migrated Actor record [HlddcPm4cWptj3ka] of database \"dnd5e.monsters\".","timestamp":"2026-07-19 22:39:39"}
{"level":"info","message":"Migrated Actor record [Hm4o2FgPZsdbXjLq] of database \"dnd5e.monsters\".","timestamp":"2026-07-19 22:39:39"}
{"level":"info","message":"Migrated Actor record [Hn8FFLEzscgT7azz] of database \"dnd5e.monsters\".","timestamp":"2026-07-19 22:39:39"}
{"level":"info","message":"Migrated Actor record [I2x01hzOjVN4NUjf] of database \"dnd5e.monsters\".","timestamp":"2026-07-19 22:39:39"}
{"level":"info","message":"Migrated Actor record [IZMbiAHqQpzPo0CX] of database \"dnd5e.monsters\".","timestamp":"2026-07-19 22:39:39"}
{"level":"info","message":"Migrated Actor record [IiEDPMWqBlzkggYD] of database \"dnd5e.monsters\".","timestamp":"2026-07-19 22:39:39"}
{"level":"info","message":"Migrated Actor record [Ixo5shumxy4I9qyD] of database \"dnd5e.monsters\".","timestamp":"2026-07-19 22:39:39"}
{"level":"info","message":"Migrated Actor record [IyIybE5t2adMEVUM] of database \"dnd5e.monsters\".","timestamp":"2026-07-19 22:39:39"}
{"level":"info","message":"Migrated Actor record [J1QVPd8POvcPaqx4] of database \"dnd5e.monsters\".","timestamp":"2026-07-19 22:39:39"}
{"level":"info","message":"Migrated Actor record [J8xjoG4Dxb8WkHtV] of database \"dnd5e.monsters\".","timestamp":"2026-07-19 22:39:39"}
{"level":"info","message":"Migrated Actor record [J9hgSaZODGjrNl9B] of database \"dnd5e.monsters\".","timestamp":"2026-07-19 22:39:39"}
{"level":"info","message":"Migrated Actor record [JNmHqTwkWayvkH37] of database \"dnd5e.monsters\".","timestamp":"2026-07-19 22:39:39"}
{"level":"info","message":"Migrated Actor record [JW8bXggOMBx1S6tF] of database \"dnd5e.monsters\".","timestamp":"2026-07-19 22:39:39"}
{"level":"info","message":"Migrated Actor record [K15Yl8JmB5iPircc] of database \"dnd5e.monsters\".","timestamp":"2026-07-19 22:39:39"}
{"level":"info","message":"Migrated Actor record [K4vsSlHqbBAHUDHY] of database \"dnd5e.monsters\".","timestamp":"2026-07-19 22:39:39"}
{"level":"info","message":"Migrated Actor record [K5cKmPoFkpuOotis] of database \"dnd5e.monsters\".","timestamp":"2026-07-19 22:39:39"}
{"level":"info","message":"Migrated Actor record [KC4tYOolARhajP18] of database \"dnd5e.monsters\".","timestamp":"2026-07-19 22:39:39"}
{"level":"info","message":"Migrated Actor record [KCvt4FdOVJbuZ3T0] of database \"dnd5e.monsters\".","timestamp":"2026-07-19 22:39:39"}
{"level":"info","message":"Migrated Actor record [KH6ZrUiUOKQCOlRH] of database \"dnd5e.monsters\".","timestamp":"2026-07-19 22:39:39"}
{"level":"info","message":"Migrated Actor record [KLCkHep28HBfdsky] of database \"dnd5e.monsters\".","timestamp":"2026-07-19 22:39:39"}
{"level":"info","message":"Migrated Actor record [KOHVWl5RU9XBR8Jb] of database \"dnd5e.monsters\".","timestamp":"2026-07-19 22:39:39"}
{"level":"info","message":"Migrated Actor record [KUpbXdn1XmHEeOPk] of database \"dnd5e.monsters\".","timestamp":"2026-07-19 22:39:39"}
{"level":"info","message":"Migrated Actor record [KXG5XLIwKhn1V0Y5] of database \"dnd5e.monsters\".","timestamp":"2026-07-19 22:39:39"}
{"level":"info","message":"Migrated Actor record [KtM6IV9I5l1MWUDk] of database \"dnd5e.monsters\".","timestamp":"2026-07-19 22:39:39"}
{"level":"info","message":"Migrated Actor record [L1w8yBkInMscfJ3F] of database \"dnd5e.monsters\".","timestamp":"2026-07-19 22:39:39"}
{"level":"info","message":"Migrated Actor record [LPdX5YLlwci0NDZx] of database \"dnd5e.monsters\".","timestamp":"2026-07-19 22:39:39"}
{"level":"info","message":"Migrated Actor record [LTomFUTBrkRi0Pj5] of database \"dnd5e.monsters\".","timestamp":"2026-07-19 22:39:39"}
{"level":"info","message":"Migrated Actor record [M4eX4Mu5IHCr3TMf] of database \"dnd5e.monsters\".","timestamp":"2026-07-19 22:39:39"}
{"level":"info","message":"Migrated Actor record [MADGs8pWMVyyFOf1] of database \"dnd5e.monsters\".","timestamp":"2026-07-19 22:39:39"}
{"level":"info","message":"Migrated Actor record [MAoCGF5VkQwhmgvI] of database \"dnd5e.monsters\".","timestamp":"2026-07-19 22:39:39"}
{"level":"info","message":"Migrated Actor record [MO382D2sxtAIuUC5] of database \"dnd5e.monsters\".","timestamp":"2026-07-19 22:39:39"}
{"level":"info","message":"Migrated Actor record [MUpBNDoJEr09bLaO] of database \"dnd5e.monsters\".","timestamp":"2026-07-19 22:39:39"}
{"level":"info","message":"Migrated Actor record [MWlwLlKXh8jUUxOL] of database \"dnd5e.monsters\".","timestamp":"2026-07-19 22:39:39"}
{"level":"info","message":"Migrated Actor record [MZYCPIVoBs918qGZ] of database \"dnd5e.monsters\".","timestamp":"2026-07-19 22:39:39"}
{"level":"info","message":"Migrated Actor record [MiYRAIHwm9It1in8] of database \"dnd5e.monsters\".","timestamp":"2026-07-19 22:39:39"}
{"level":"info","message":"Migrated Actor record [MnoL59nOOfYatAkQ] of database \"dnd5e.monsters\".","timestamp":"2026-07-19 22:39:39"}
{"level":"info","message":"Migrated Actor record [NAISFPoNNgUCsEyW] of database \"dnd5e.monsters\".","timestamp":"2026-07-19 22:39:39"}
{"level":"info","message":"Migrated Actor record [NB6wUgVqeOQtsQKu] of database \"dnd5e.monsters\".","timestamp":"2026-07-19 22:39:39"}
{"level":"info","message":"Migrated Actor record [NmQLj0zv4FmfuSan] of database \"dnd5e.monsters\".","timestamp":"2026-07-19 22:39:39"}
{"level":"info","message":"Migrated Actor record [NpvwE1feOHyEqAbP] of database \"dnd5e.monsters\".","timestamp":"2026-07-19 22:39:39"}
{"level":"info","message":"Migrated Actor record [NwQpeeaMxAC3fRft] of database \"dnd5e.monsters\".","timestamp":"2026-07-19 22:39:39"}
{"level":"info","message":"Migrated Actor record [O3ABqI55Ir1du1Xa] of database \"dnd5e.monsters\".","timestamp":"2026-07-19 22:39:39"}
{"level":"info","message":"Migrated Actor record [OBujQLLPSmlJiZnL] of database \"dnd5e.monsters\".","timestamp":"2026-07-19 22:39:39"}
{"level":"info","message":"Migrated Actor record [OGPHF4sCVOAi87TU] of database \"dnd5e.monsters\".","timestamp":"2026-07-19 22:39:39"}
{"level":"info","message":"Migrated Actor record [OQqybZoMeDFn5AFD] of database \"dnd5e.monsters\".","timestamp":"2026-07-19 22:39:39"}
{"level":"info","message":"Migrated Actor record [P6qC8jB3pnEH0tIE] of database \"dnd5e.monsters\".","timestamp":"2026-07-19 22:39:39"}
{"level":"info","message":"Migrated Actor record [PH78NBdvoaszAb61] of database \"dnd5e.monsters\".","timestamp":"2026-07-19 22:39:39"}
{"level":"info","message":"Migrated Actor record [PHO4J98zK2p4KNyc] of database \"dnd5e.monsters\".","timestamp":"2026-07-19 22:39:39"}
{"level":"info","message":"Migrated Actor record [PVD5wRdyO7iCJPs1] of database \"dnd5e.monsters\".","timestamp":"2026-07-19 22:39:39"}
{"level":"info","message":"Migrated Actor record [PcZ0QjIG6bHpffp9] of database \"dnd5e.monsters\".","timestamp":"2026-07-19 22:39:39"}
{"level":"info","message":"Migrated Actor record [PtotS52HpHX596cZ] of database \"dnd5e.monsters\".","timestamp":"2026-07-19 22:39:39"}
{"level":"info","message":"Migrated Actor record [PuPo4H4Dcxigf0fY] of database \"dnd5e.monsters\".","timestamp":"2026-07-19 22:39:39"}
{"level":"info","message":"Migrated Actor record [QGcQYZbVl4bWzi4E] of database \"dnd5e.monsters\".","timestamp":"2026-07-19 22:39:39"}
{"level":"info","message":"Migrated Actor record [QSytPah5WKoFJ1zt] of database \"dnd5e.monsters\".","timestamp":"2026-07-19 22:39:39"}
{"level":"info","message":"Migrated Actor record [QtJairF0h18BRhEM] of database \"dnd5e.monsters\".","timestamp":"2026-07-19 22:39:39"}
{"level":"info","message":"Migrated Actor record [R2GPY9BhRmmwZwkh] of database \"dnd5e.monsters\".","timestamp":"2026-07-19 22:39:39"}
{"level":"info","message":"Migrated Actor record [RCv5y7iWlfNxkinx] of database \"dnd5e.monsters\".","timestamp":"2026-07-19 22:39:39"}
{"level":"info","message":"Migrated Actor record [RenLfmDT2XlbCF4x] of database \"dnd5e.monsters\".","timestamp":"2026-07-19 22:39:39"}
{"level":"info","message":"Migrated Actor record [S0zDrv6lbnwWaz9E] of database \"dnd5e.monsters\".","timestamp":"2026-07-19 22:39:39"}
{"level":"info","message":"Migrated Actor record [SBCe2BSa6opTS5M4] of database \"dnd5e.monsters\".","timestamp":"2026-07-19 22:39:39"}
{"level":"info","message":"Migrated Actor record [SMfgOsfPgf6rb01k] of database \"dnd5e.monsters\".","timestamp":"2026-07-19 22:39:39"}
{"level":"info","message":"Migrated Actor record [SNT0JNVSngUTsj4m] of database \"dnd5e.monsters\".","timestamp":"2026-07-19 22:39:39"}
{"level":"info","message":"Migrated Actor record [SOin81NWijHRvXFK] of database \"dnd5e.monsters\".","timestamp":"2026-07-19 22:39:39"}
{"level":"info","message":"Migrated Actor record [SXXvwaLBNuzBymp3] of database \"dnd5e.monsters\".","timestamp":"2026-07-19 22:39:39"}
{"level":"info","message":"Migrated Actor record [SoK7l5zJQKxTVgLL] of database \"dnd5e.monsters\".","timestamp":"2026-07-19 22:39:39"}
{"level":"info","message":"Migrated Actor record [SqZRuJ8lt2KGJBbq] of database \"dnd5e.monsters\".","timestamp":"2026-07-19 22:39:39"}
{"level":"info","message":"Migrated Actor record [SsuCaF2fIEoDdFA3] of database \"dnd5e.monsters\".","timestamp":"2026-07-19 22:39:39"}
{"level":"info","message":"Migrated Actor record [T1xZTDCGuvMBSq8d] of database \"dnd5e.monsters\".","timestamp":"2026-07-19 22:39:39"}
{"level":"info","message":"Migrated Actor record [T2PExQE84ZcIbAXz] of database \"dnd5e.monsters\".","timestamp":"2026-07-19 22:39:39"}
{"level":"info","message":"Migrated Actor record [TaK6nQMGqZ0y8gt7] of database \"dnd5e.monsters\".","timestamp":"2026-07-19 22:39:39"}
{"level":"info","message":"Migrated Actor record [Tac7eq0AXJco0nml] of database \"dnd5e.monsters\".","timestamp":"2026-07-19 22:39:39"}
{"level":"info","message":"Migrated Actor record [TjWQOgI3A4UAl7lC] of database \"dnd5e.monsters\".","timestamp":"2026-07-19 22:39:39"}
{"level":"info","message":"Migrated Actor record [UFW8M3JHzHkxUEGM] of database \"dnd5e.monsters\".","timestamp":"2026-07-19 22:39:39"}
{"level":"info","message":"Migrated Actor record [UR2gWLFHmFwG7ReH] of database \"dnd5e.monsters\".","timestamp":"2026-07-19 22:39:39"}
{"level":"info","message":"Migrated Actor record [UTuKdTah1DKfPwWe] of database \"dnd5e.monsters\".","timestamp":"2026-07-19 22:39:39"}
{"level":"info","message":"Migrated Actor record [UrXp9O9N7DvdH9nL] of database \"dnd5e.monsters\".","timestamp":"2026-07-19 22:39:39"}
{"level":"info","message":"Migrated Actor record [UthHOT7QfZfEIUue] of database \"dnd5e.monsters\".","timestamp":"2026-07-19 22:39:39"}
{"level":"info","message":"Migrated Actor record [VBkp2rGQKvMcCOus] of database \"dnd5e.monsters\".","timestamp":"2026-07-19 22:39:39"}
{"level":"info","message":"Migrated Actor record [VBzqw2rOUvTuNOPI] of database \"dnd5e.monsters\".","timestamp":"2026-07-19 22:39:39"}
{"level":"info","message":"Migrated Actor record [VCuG0Z3MrO8kfDU0] of database \"dnd5e.monsters\".","timestamp":"2026-07-19 22:39:39"}
{"level":"info","message":"Migrated Actor record [VVXly3ue0i3YgGrB] of database \"dnd5e.monsters\".","timestamp":"2026-07-19 22:39:39"}
{"level":"info","message":"Migrated Actor record [Vk7uHVkJ5b26gaTh] of database \"dnd5e.monsters\".","timestamp":"2026-07-19 22:39:39"}
{"level":"info","message":"Migrated Actor record [VmdyZDjqAc8vdncY] of database \"dnd5e.monsters\".","timestamp":"2026-07-19 22:39:39"}
{"level":"info","message":"Migrated Actor record [WJsxqbHU28D64lWT] of database \"dnd5e.monsters\".","timestamp":"2026-07-19 22:39:39"}
{"level":"info","message":"Migrated Actor record [WOdeacKCYVhgLDuN] of database \"dnd5e.monsters\".","timestamp":"2026-07-19 22:39:39"}
{"level":"info","message":"Migrated Actor record [Wcsjbl25uiUsyQwn] of database \"dnd5e.monsters\".","timestamp":"2026-07-19 22:39:39"}
{"level":"info","message":"Migrated Actor record [XEByBLeOkDgL3mrr] of database \"dnd5e.monsters\".","timestamp":"2026-07-19 22:39:39"}
{"level":"info","message":"Migrated Actor record [XfQMBoTh892XSnCX] of database \"dnd5e.monsters\".","timestamp":"2026-07-19 22:39:39"}
{"level":"info","message":"Migrated Actor record [XiSWKZzAUxdmFOLL] of database \"dnd5e.monsters\".","timestamp":"2026-07-19 22:39:39"}
{"level":"info","message":"Migrated Actor record [Y0vxQVF7w2P38FK2] of database \"dnd5e.monsters\".","timestamp":"2026-07-19 22:39:39"}
{"level":"info","message":"Migrated Actor record [YOqhbf8WsX0jH9Fu] of database \"dnd5e.monsters\".","timestamp":"2026-07-19 22:39:39"}
{"level":"info","message":"Migrated Actor record [YTpL2c3NO4sOn2UA] of database \"dnd5e.monsters\".","timestamp":"2026-07-19 22:39:39"}
{"level":"info","message":"Migrated Actor record [YUaprnengdFDNG8P] of database \"dnd5e.monsters\".","timestamp":"2026-07-19 22:39:39"}
{"level":"info","message":"Migrated Actor record [Z0GiAv3bJxTjUfjM] of database \"dnd5e.monsters\".","timestamp":"2026-07-19 22:39:39"}
{"level":"info","message":"Migrated Actor record [ZHAFrnCwCz17dmLc] of database \"dnd5e.monsters\".","timestamp":"2026-07-19 22:39:39"}
{"level":"info","message":"Migrated Actor record [ZM1P6LoYSwMiIJN9] of database \"dnd5e.monsters\".","timestamp":"2026-07-19 22:39:39"}
{"level":"info","message":"Migrated Actor record [ZQTCZfTV9ZoTjNCU] of database \"dnd5e.monsters\".","timestamp":"2026-07-19 22:39:39"}
{"level":"info","message":"Migrated Actor record [ZW39DE2zI3TXVYC9] of database \"dnd5e.monsters\".","timestamp":"2026-07-19 22:39:39"}
{"level":"info","message":"Migrated Actor record [ZaP1H91t4FzbRqR5] of database \"dnd5e.monsters\".","timestamp":"2026-07-19 22:39:39"}
{"level":"info","message":"Migrated Actor record [ZyIBOoZZD0nDaO2s] of database \"dnd5e.monsters\".","timestamp":"2026-07-19 22:39:39"}
{"level":"info","message":"Migrated Actor record [aAqfEHPiVbhMwZ6j] of database \"dnd5e.monsters\".","timestamp":"2026-07-19 22:39:39"}
{"level":"info","message":"Migrated Actor record [aKt7vFAS1J0x3FQm] of database \"dnd5e.monsters\".","timestamp":"2026-07-19 22:39:39"}
{"level":"info","message":"Migrated Actor record [aTITHYYxthuZBPBn] of database \"dnd5e.monsters\".","timestamp":"2026-07-19 22:39:39"}
{"level":"info","message":"Migrated Actor record [azCbLQt5LAYwTI7U] of database \"dnd5e.monsters\".","timestamp":"2026-07-19 22:39:39"}
{"level":"info","message":"Migrated Actor record [banHjKDMCegbUwYE] of database \"dnd5e.monsters\".","timestamp":"2026-07-19 22:39:39"}
{"level":"info","message":"Migrated Actor record [bcapsJdIhY5WktpT] of database \"dnd5e.monsters\".","timestamp":"2026-07-19 22:39:39"}
{"level":"info","message":"Migrated Actor record [bfh29vIEoGzI240e] of database \"dnd5e.monsters\".","timestamp":"2026-07-19 22:39:39"}
{"level":"info","message":"Migrated Actor record [bwtkdzavdNHISgp4] of database \"dnd5e.monsters\".","timestamp":"2026-07-19 22:39:39"}
{"level":"info","message":"Migrated Actor record [c9XDGsTJRy9HUaxQ] of database \"dnd5e.monsters\".","timestamp":"2026-07-19 22:39:39"}
{"level":"info","message":"Migrated Actor record [cDr1JtzEV26bP5Ym] of database \"dnd5e.monsters\".","timestamp":"2026-07-19 22:39:39"}
{"level":"info","message":"Migrated Actor record [cGM3iVYTtCsYXjzO] of database \"dnd5e.monsters\".","timestamp":"2026-07-19 22:39:39"}
{"level":"info","message":"Migrated Actor record [cJGY1ZywUOo6heNR] of database \"dnd5e.monsters\".","timestamp":"2026-07-19 22:39:39"}
{"level":"info","message":"Migrated Actor record [ciLSItjCpwT7nMmk] of database \"dnd5e.monsters\".","timestamp":"2026-07-19 22:39:39"}
{"level":"info","message":"Migrated Actor record [ckOF3vQrnjFnZIDU] of database \"dnd5e.monsters\".","timestamp":"2026-07-19 22:39:39"}
{"level":"info","message":"Migrated Actor record [d0prpsGSAorDadec] of database \"dnd5e.monsters\".","timestamp":"2026-07-19 22:39:39"}
{"level":"info","message":"Migrated Actor record [dLQiESMsfsXijD5c] of database \"dnd5e.monsters\".","timestamp":"2026-07-19 22:39:39"}
{"level":"info","message":"Migrated Actor record [dZZFmG8LiBlgWi76] of database \"dnd5e.monsters\".","timestamp":"2026-07-19 22:39:39"}
{"level":"info","message":"Migrated Actor record [e5IQxSJO7ySEDdSH] of database \"dnd5e.monsters\".","timestamp":"2026-07-19 22:39:39"}
{"level":"info","message":"Migrated Actor record [eIGowKTkEBC9gUzx] of database \"dnd5e.monsters\".","timestamp":"2026-07-19 22:39:39"}
{"level":"info","message":"Migrated Actor record [eORmAXuV5v3nWsQL] of database \"dnd5e.monsters\".","timestamp":"2026-07-19 22:39:39"}
{"level":"info","message":"Migrated Actor record [ec3lhsNv1ZRu7Qaq] of database \"dnd5e.monsters\".","timestamp":"2026-07-19 22:39:39"}
{"level":"info","message":"Migrated Actor record [egsSDYbqoLCelb0J] of database \"dnd5e.monsters\".","timestamp":"2026-07-19 22:39:39"}
{"level":"info","message":"Migrated Actor record [eiifqZwYGi71r2Yl] of database \"dnd5e.monsters\".","timestamp":"2026-07-19 22:39:39"}
{"level":"info","message":"Migrated Actor record [eykRfV85DQJoCkmc] of database \"dnd5e.monsters\".","timestamp":"2026-07-19 22:39:39"}
{"level":"info","message":"Migrated Actor record [f6HaKROPIcBRmSd1] of database \"dnd5e.monsters\".","timestamp":"2026-07-19 22:39:39"}
{"level":"info","message":"Migrated Actor record [f9JbhBfWucrY2eDA] of database \"dnd5e.monsters\".","timestamp":"2026-07-19 22:39:39"}
{"level":"info","message":"Migrated Actor record [fkCNtbvPOMd7mipF] of database \"dnd5e.monsters\".","timestamp":"2026-07-19 22:39:39"}
{"level":"info","message":"Migrated Actor record [fkJ8Z8zi2JtlcHh9] of database \"dnd5e.monsters\".","timestamp":"2026-07-19 22:39:39"}
{"level":"info","message":"Migrated Actor record [fnkPNfIpS62LqOu4] of database \"dnd5e.monsters\".","timestamp":"2026-07-19 22:39:39"}
{"level":"info","message":"Migrated Actor record [fqbFYtbtkrL53FOC] of database \"dnd5e.monsters\".","timestamp":"2026-07-19 22:39:39"}
{"level":"info","message":"Migrated Actor record [fsPruAIDOg4tVrgb] of database \"dnd5e.monsters\".","timestamp":"2026-07-19 22:39:39"}
{"level":"info","message":"Migrated Actor record [g40zN6xMye6bSS94] of database \"dnd5e.monsters\".","timestamp":"2026-07-19 22:39:39"}
{"level":"info","message":"Migrated Actor record [g7FSu2oU4YHPgWNA] of database \"dnd5e.monsters\".","timestamp":"2026-07-19 22:39:39"}
{"level":"info","message":"Migrated Actor record [gGeLeV411iQ5Yijs] of database \"dnd5e.monsters\".","timestamp":"2026-07-19 22:39:39"}
{"level":"info","message":"Migrated Actor record [gKRtiMNAjZiCVfwz] of database \"dnd5e.monsters\".","timestamp":"2026-07-19 22:39:39"}
{"level":"info","message":"Migrated Actor record [gaSTr7DFZJLmgI2J] of database \"dnd5e.monsters\".","timestamp":"2026-07-19 22:39:39"}
{"level":"info","message":"Migrated Actor record [geM2F7HvVGhtk3h4] of database \"dnd5e.monsters\".","timestamp":"2026-07-19 22:39:39"}
{"level":"info","message":"Migrated Actor record [gf9QbHdMAfvFtxcv] of database \"dnd5e.monsters\".","timestamp":"2026-07-19 22:39:39"}
{"level":"info","message":"Migrated Actor record [h052EIIUmRwJum65] of database \"dnd5e.monsters\".","timestamp":"2026-07-19 22:39:39"}
{"level":"info","message":"Migrated Actor record [h98AuPfomEPcCibP] of database \"dnd5e.monsters\".","timestamp":"2026-07-19 22:39:39"}
{"level":"info","message":"Migrated Actor record [hIf83RD3ZVW4Egfi] of database \"dnd5e.monsters\".","timestamp":"2026-07-19 22:39:39"}
{"level":"info","message":"Migrated Actor record [hQt3qIahnB1Odb40] of database \"dnd5e.monsters\".","timestamp":"2026-07-19 22:39:39"}
{"level":"info","message":"Migrated Actor record [hY9ptpO5Xl2tfkcj] of database \"dnd5e.monsters\".","timestamp":"2026-07-19 22:39:39"}
{"level":"info","message":"Migrated Actor record [hb6pjvdCNYmLLp8V] of database \"dnd5e.monsters\".","timestamp":"2026-07-19 22:39:39"}
{"level":"info","message":"Migrated Actor record [hjhERRzafCiFFVLA] of database \"dnd5e.monsters\".","timestamp":"2026-07-19 22:39:39"}
{"level":"info","message":"Migrated Actor record [hqj2yXtgwt64v3Lj] of database \"dnd5e.monsters\".","timestamp":"2026-07-19 22:39:39"}
{"level":"info","message":"Migrated Actor record [hx240PG5r5qpRet3] of database \"dnd5e.monsters\".","timestamp":"2026-07-19 22:39:39"}
{"level":"info","message":"Migrated Actor record [iGBdQA3IuKsurcUy] of database \"dnd5e.monsters\".","timestamp":"2026-07-19 22:39:39"}
{"level":"info","message":"Migrated Actor record [iHj5Tkm6HRgXuaWP] of database \"dnd5e.monsters\".","timestamp":"2026-07-19 22:39:39"}
{"level":"info","message":"Migrated Actor record [iSCL4Q82ivnYelzc] of database \"dnd5e.monsters\".","timestamp":"2026-07-19 22:39:39"}
{"level":"info","message":"Migrated Actor record [ijsfYEDqSuwQXwNN] of database \"dnd5e.monsters\".","timestamp":"2026-07-19 22:39:39"}
{"level":"info","message":"Migrated Actor record [irz834sqAxRihtSG] of database \"dnd5e.monsters\".","timestamp":"2026-07-19 22:39:39"}
{"level":"info","message":"Migrated Actor record [jLPhaBnMtAbB5dp1] of database \"dnd5e.monsters\".","timestamp":"2026-07-19 22:39:39"}
{"level":"info","message":"Migrated Actor record [jOANE6M0My6UJF4e] of database \"dnd5e.monsters\".","timestamp":"2026-07-19 22:39:39"}
{"level":"info","message":"Migrated Actor record [jcZblJ6lqtW0ePxe] of database \"dnd5e.monsters\".","timestamp":"2026-07-19 22:39:39"}
{"level":"info","message":"Migrated Actor record [kSAi2KRonL4G4JpO] of database \"dnd5e.monsters\".","timestamp":"2026-07-19 22:39:39"}
{"level":"info","message":"Migrated Actor record [kVg37NlPcACAzjCT] of database \"dnd5e.monsters\".","timestamp":"2026-07-19 22:39:39"}
{"level":"info","message":"Migrated Actor record [kr6r8bhSehACPfZ8] of database \"dnd5e.monsters\".","timestamp":"2026-07-19 22:39:39"}
{"level":"info","message":"Migrated Actor record [kz1t6xeXVwODpYb2] of database \"dnd5e.monsters\".","timestamp":"2026-07-19 22:39:39"}
{"level":"info","message":"Migrated Actor record [kz2fW9xb5CcvXLX4] of database \"dnd5e.monsters\".","timestamp":"2026-07-19 22:39:39"}
{"level":"info","message":"Migrated Actor record [lOYt73eaJojBDxAV] of database \"dnd5e.monsters\".","timestamp":"2026-07-19 22:39:39"}
{"level":"info","message":"Migrated Actor record [lZR4lhNmYSf89s4Q] of database \"dnd5e.monsters\".","timestamp":"2026-07-19 22:39:39"}
{"level":"info","message":"Migrated Actor record [llSG0Hi4eGlRlQ4o] of database \"dnd5e.monsters\".","timestamp":"2026-07-19 22:39:39"}
{"level":"info","message":"Migrated Actor record [lyNBFmJdbh4NLRzz] of database \"dnd5e.monsters\".","timestamp":"2026-07-19 22:39:39"}
{"level":"info","message":"Migrated Actor record [m4H3hjamBNMH09S9] of database \"dnd5e.monsters\".","timestamp":"2026-07-19 22:39:39"}
{"level":"info","message":"Migrated Actor record [mNijwXPMhwR7yYfc] of database \"dnd5e.monsters\".","timestamp":"2026-07-19 22:39:39"}
{"level":"info","message":"Migrated Actor record [mQnsXanewsPiV7QE] of database \"dnd5e.monsters\".","timestamp":"2026-07-19 22:39:39"}
{"level":"info","message":"Migrated Actor record [mWbrPhcKOz6oLXMV] of database \"dnd5e.monsters\".","timestamp":"2026-07-19 22:39:39"}
{"level":"info","message":"Migrated Actor record [n4TEv7inVUkyZviN] of database \"dnd5e.monsters\".","timestamp":"2026-07-19 22:39:39"}
{"level":"info","message":"Migrated Actor record [nEC1BRwM8Lx9hLXW] of database \"dnd5e.monsters\".","timestamp":"2026-07-19 22:39:39"}
{"level":"info","message":"Migrated Actor record [nREPw9g94Bsb9sIl] of database \"dnd5e.monsters\".","timestamp":"2026-07-19 22:39:39"}
{"level":"info","message":"Migrated Actor record [nU8GN8La8DCt8SDb] of database \"dnd5e.monsters\".","timestamp":"2026-07-19 22:39:39"}
{"level":"info","message":"Migrated Actor record [nZthq6WHLhcdu3te] of database \"dnd5e.monsters\".","timestamp":"2026-07-19 22:39:39"}
{"level":"info","message":"Migrated Actor record [naSoHU9KbkgeNIwB] of database \"dnd5e.monsters\".","timestamp":"2026-07-19 22:39:39"}
{"level":"info","message":"Migrated Actor record [najtPRiHLR6buSWe] of database \"dnd5e.monsters\".","timestamp":"2026-07-19 22:39:39"}
{"level":"info","message":"Migrated Actor record [namJz755U1EhvEJa] of database \"dnd5e.monsters\".","timestamp":"2026-07-19 22:39:39"}
{"level":"info","message":"Migrated Actor record [nkyCGJ9wXeAZkyyz] of database \"dnd5e.monsters\".","timestamp":"2026-07-19 22:39:39"}
{"level":"info","message":"Migrated Actor record [oDspGxRQFBhE74L2] of database \"dnd5e.monsters\".","timestamp":"2026-07-19 22:39:39"}
{"level":"info","message":"Migrated Actor record [oJCOB9X2BPsBkWW5] of database \"dnd5e.monsters\".","timestamp":"2026-07-19 22:39:39"}
{"level":"info","message":"Migrated Actor record [oQvORD924obyPdCc] of database \"dnd5e.monsters\".","timestamp":"2026-07-19 22:39:39"}
{"level":"info","message":"Migrated Actor record [oRBnO5OHoOZzlCOr] of database \"dnd5e.monsters\".","timestamp":"2026-07-19 22:39:39"}
{"level":"info","message":"Migrated Actor record [omcDpBoB69esCXeM] of database \"dnd5e.monsters\".","timestamp":"2026-07-19 22:39:39"}
{"level":"info","message":"Migrated Actor record [p980augbCIdpK9ZX] of database \"dnd5e.monsters\".","timestamp":"2026-07-19 22:39:39"}
{"level":"info","message":"Migrated Actor record [p9Xnr820UAZBOIVN] of database \"dnd5e.monsters\".","timestamp":"2026-07-19 22:39:39"}
{"level":"info","message":"Migrated Actor record [pAuiNDr7nvpsW9nG] of database \"dnd5e.monsters\".","timestamp":"2026-07-19 22:39:39"}
{"level":"info","message":"Migrated Actor record [pLzSh4dA517Tn73E] of database \"dnd5e.monsters\".","timestamp":"2026-07-19 22:39:39"}
{"level":"info","message":"Migrated Actor record [pOPQU4UnR27zA0jf] of database \"dnd5e.monsters\".","timestamp":"2026-07-19 22:39:39"}
{"level":"info","message":"Migrated Actor record [pozQUPTnLZW8epox] of database \"dnd5e.monsters\".","timestamp":"2026-07-19 22:39:39"}
{"level":"info","message":"Migrated Actor record [q1YJIeIt6rK8fCKn] of database \"dnd5e.monsters\".","timestamp":"2026-07-19 22:39:39"}
{"level":"info","message":"Migrated Actor record [qNdFhY3JOkCfhG3d] of database \"dnd5e.monsters\".","timestamp":"2026-07-19 22:39:39"}
{"level":"info","message":"Migrated Actor record [qW8cBwg7ghCA4Cw6] of database \"dnd5e.monsters\".","timestamp":"2026-07-19 22:39:39"}
{"level":"info","message":"Migrated Actor record [qXzMsRTHEodqO8l2] of database \"dnd5e.monsters\".","timestamp":"2026-07-19 22:39:39"}
{"level":"info","message":"Migrated Actor record [qZyLwdx7lj5d1wfD] of database \"dnd5e.monsters\".","timestamp":"2026-07-19 22:39:39"}
{"level":"info","message":"Migrated Actor record [qav2dvMIUiMQCCsy] of database \"dnd5e.monsters\".","timestamp":"2026-07-19 22:39:39"}
{"level":"info","message":"Migrated Actor record [qkLNA1lKMMJpxuWg] of database \"dnd5e.monsters\".","timestamp":"2026-07-19 22:39:39"}
{"level":"info","message":"Migrated Actor record [qoFEjfrANBdrCP6m] of database \"dnd5e.monsters\".","timestamp":"2026-07-19 22:39:39"}
{"level":"info","message":"Migrated Actor record [qrasJNDC7SGj7xzG] of database \"dnd5e.monsters\".","timestamp":"2026-07-19 22:39:39"}
{"level":"info","message":"Migrated Actor record [rLl22hYeAH3ljhdI] of database \"dnd5e.monsters\".","timestamp":"2026-07-19 22:39:39"}
{"level":"info","message":"Migrated Actor record [rUg5JMnKNnZNBAq9] of database \"dnd5e.monsters\".","timestamp":"2026-07-19 22:39:39"}
{"level":"info","message":"Migrated Actor record [rb7OJt822wIO52qY] of database \"dnd5e.monsters\".","timestamp":"2026-07-19 22:39:39"}
{"level":"info","message":"Migrated Actor record [rbyp54px2D0ql4QK] of database \"dnd5e.monsters\".","timestamp":"2026-07-19 22:39:39"}
{"level":"info","message":"Migrated Actor record [rjqk7ToMD8sGr3n4] of database \"dnd5e.monsters\".","timestamp":"2026-07-19 22:39:39"}
{"level":"info","message":"Migrated Actor record [rz8UTUnFT87BsAFR] of database \"dnd5e.monsters\".","timestamp":"2026-07-19 22:39:39"}
{"level":"info","message":"Migrated Actor record [sApYLZj9PTZ40wJr] of database \"dnd5e.monsters\".","timestamp":"2026-07-19 22:39:39"}
{"level":"info","message":"Migrated Actor record [sLdpiuaZF8lujJQy] of database \"dnd5e.monsters\".","timestamp":"2026-07-19 22:39:39"}
{"level":"info","message":"Migrated Actor record [saq6WM959pKHuaqP] of database \"dnd5e.monsters\".","timestamp":"2026-07-19 22:39:39"}
{"level":"info","message":"Migrated Actor record [shhHtE7b92PefCWB] of database \"dnd5e.monsters\".","timestamp":"2026-07-19 22:39:39"}
{"level":"info","message":"Migrated Actor record [siBUEAj4UVdaiH6p] of database \"dnd5e.monsters\".","timestamp":"2026-07-19 22:39:39"}
{"level":"info","message":"Migrated Actor record [t8WYD7ak07X7xpx8] of database \"dnd5e.monsters\".","timestamp":"2026-07-19 22:39:39"}
{"level":"info","message":"Migrated Actor record [tFJX45zj3QDc3Zli] of database \"dnd5e.monsters\".","timestamp":"2026-07-19 22:39:39"}
{"level":"info","message":"Migrated Actor record [tYYoifu9teGLetVI] of database \"dnd5e.monsters\".","timestamp":"2026-07-19 22:39:39"}
{"level":"info","message":"Migrated Actor record [tYfQIxCJT0WaaKmc] of database \"dnd5e.monsters\".","timestamp":"2026-07-19 22:39:39"}
{"level":"info","message":"Migrated Actor record [tuHyePQ9GazMTyc0] of database \"dnd5e.monsters\".","timestamp":"2026-07-19 22:39:39"}
{"level":"info","message":"Migrated Actor record [tubcO7kaQ4w0soxS] of database \"dnd5e.monsters\".","timestamp":"2026-07-19 22:39:39"}
{"level":"info","message":"Migrated Actor record [u0FWdplSOMTXGnN1] of database \"dnd5e.monsters\".","timestamp":"2026-07-19 22:39:39"}
{"level":"info","message":"Migrated Actor record [u1UQfHutP5eEKkjM] of database \"dnd5e.monsters\".","timestamp":"2026-07-19 22:39:39"}
{"level":"info","message":"Migrated Actor record [uZ8NrRenwYZ4qNf6] of database \"dnd5e.monsters\".","timestamp":"2026-07-19 22:39:39"}
{"level":"info","message":"Migrated Actor record [v99wOosUJjUgcUNF] of database \"dnd5e.monsters\".","timestamp":"2026-07-19 22:39:39"}
{"level":"info","message":"Migrated Actor record [vFeFRlF2FOgf2HIL] of database \"dnd5e.monsters\".","timestamp":"2026-07-19 22:39:39"}
{"level":"info","message":"Migrated Actor record [vc2TAgIuq4yInjbf] of database \"dnd5e.monsters\".","timestamp":"2026-07-19 22:39:39"}
{"level":"info","message":"Migrated Actor record [x47ZnpHfYl0ptDM9] of database \"dnd5e.monsters\".","timestamp":"2026-07-19 22:39:39"}
{"level":"info","message":"Migrated Actor record [xBhG7Dos3tkg9jWz] of database \"dnd5e.monsters\".","timestamp":"2026-07-19 22:39:39"}
{"level":"info","message":"Migrated Actor record [xple5bvGj42uGgdd] of database \"dnd5e.monsters\".","timestamp":"2026-07-19 22:39:39"}
{"level":"info","message":"Migrated Actor record [xvh2UOKv1bh03Gih] of database \"dnd5e.monsters\".","timestamp":"2026-07-19 22:39:39"}
{"level":"info","message":"Migrated Actor record [y8sRU8Ks2lcrGsaf] of database \"dnd5e.monsters\".","timestamp":"2026-07-19 22:39:39"}
{"level":"info","message":"Migrated Actor record [yGTh874etxUckmAf] of database \"dnd5e.monsters\".","timestamp":"2026-07-19 22:39:39"}
{"level":"info","message":"Migrated Actor record [yVNPVJIBpQ2Mp3Xa] of database \"dnd5e.monsters\".","timestamp":"2026-07-19 22:39:39"}
{"level":"info","message":"Migrated Actor record [yawTeS8u2FCfzzZH] of database \"dnd5e.monsters\".","timestamp":"2026-07-19 22:39:39"}
{"level":"info","message":"Migrated Actor record [z0zvgcIugizwcuxJ] of database \"dnd5e.monsters\".","timestamp":"2026-07-19 22:39:39"}
{"level":"info","message":"Migrated Actor record [z3gSIXHHWYaHjfBT] of database \"dnd5e.monsters\".","timestamp":"2026-07-19 22:39:39"}
{"level":"info","message":"Migrated Actor record [z85EsGS2GVWj46qE] of database \"dnd5e.monsters\".","timestamp":"2026-07-19 22:39:39"}
{"level":"info","message":"Migrated Actor record [zIr3NaNF0mWz5Ahq] of database \"dnd5e.monsters\".","timestamp":"2026-07-19 22:39:39"}
{"level":"info","message":"Migrated Actor record [zY3W5MG7FjssENf6] of database \"dnd5e.monsters\".","timestamp":"2026-07-19 22:39:39"}
{"level":"info","message":"Migrated Actor record [zgWkII3VoE4AHCND] of database \"dnd5e.monsters\".","timestamp":"2026-07-19 22:39:39"}
{"level":"info","message":"Migrated Actor record [zjqjcRWKDMc59Tnx] of database \"dnd5e.monsters\".","timestamp":"2026-07-19 22:39:39"}
{"level":"info","message":"Migrated Actor record [zpaZb7I8alY32vWV] of database \"dnd5e.monsters\".","timestamp":"2026-07-19 22:39:39"}
{"level":"info","message":"Migrated Actor record [zwT2WjWo7cTm2631] of database \"dnd5e.monsters\".","timestamp":"2026-07-19 22:39:39"}
{"level":"info","message":"Persisting migrated Actor record [0m8QyDN52qw9zzOM] of database \"dnd5e.monsters\".","timestamp":"2026-07-19 22:39:39"}
{"level":"info","message":"Persisting migrated Actor record [13K3XK2A3wwxVKLD] of database \"dnd5e.monsters\".","timestamp":"2026-07-19 22:39:39"}
{"level":"info","message":"Persisting migrated Actor record [1ES45ODWg3pCrkzv] of database \"dnd5e.monsters\".","timestamp":"2026-07-19 22:39:39"}
{"level":"info","message":"Persisting migrated Actor record [1OQbxoZI5BtlB2ME] of database \"dnd5e.monsters\".","timestamp":"2026-07-19 22:39:39"}
{"level":"info","message":"Persisting migrated Actor record [1cwfYaACm5F0l4y3] of database \"dnd5e.monsters\".","timestamp":"2026-07-19 22:39:39"}
{"level":"info","message":"Persisting migrated Actor record [1vaBSMUfOy6JPJ14] of database \"dnd5e.monsters\".","timestamp":"2026-07-19 22:39:39"}
{"level":"info","message":"Persisting migrated Actor record [1zzRQps9jZdLZGqI] of database \"dnd5e.monsters\".","timestamp":"2026-07-19 22:39:39"}
{"level":"info","message":"Persisting migrated Actor record [28gU50HtG8Kp7uIz] of database \"dnd5e.monsters\".","timestamp":"2026-07-19 22:39:39"}
{"level":"info","message":"Persisting migrated Actor record [2MZNHeOZweXAYbv1] of database \"dnd5e.monsters\".","timestamp":"2026-07-19 22:39:39"}
{"level":"info","message":"Persisting migrated Actor record [35Y64PEFFdvQS0ra] of database \"dnd5e.monsters\".","timestamp":"2026-07-19 22:39:39"}
{"level":"info","message":"Persisting migrated Actor record [3UUNbGiG2Yf1ZPxM] of database \"dnd5e.monsters\".","timestamp":"2026-07-19 22:39:39"}
{"level":"info","message":"Persisting migrated Actor record [3YwmvDupMwycWNCO] of database \"dnd5e.monsters\".","timestamp":"2026-07-19 22:39:39"}
{"level":"info","message":"Persisting migrated Actor record [3fzQVYQhXxCXRa2o] of database \"dnd5e.monsters\".","timestamp":"2026-07-19 22:39:39"}
{"level":"info","message":"Persisting migrated Actor record [3o2rQBqpzjIHmrBW] of database \"dnd5e.monsters\".","timestamp":"2026-07-19 22:39:39"}
{"level":"info","message":"Persisting migrated Actor record [3uIursokd3KdZrW3] of database \"dnd5e.monsters\".","timestamp":"2026-07-19 22:39:39"}
{"level":"info","message":"Persisting migrated Actor record [45Z5kogZEhawX1Ey] of database \"dnd5e.monsters\".","timestamp":"2026-07-19 22:39:39"}
{"level":"info","message":"Persisting migrated Actor record [4EODJbmPlpnNGVR7] of database \"dnd5e.monsters\".","timestamp":"2026-07-19 22:39:39"}
{"level":"info","message":"Persisting migrated Actor record [4OeZZguYgJcsZoM9] of database \"dnd5e.monsters\".","timestamp":"2026-07-19 22:39:39"}
{"level":"info","message":"Persisting migrated Actor record [4ZlUHt4xmB7GdPfk] of database \"dnd5e.monsters\".","timestamp":"2026-07-19 22:39:39"}
{"level":"info","message":"Persisting migrated Actor record [4tl0s2SnaLjkoDiI] of database \"dnd5e.monsters\".","timestamp":"2026-07-19 22:39:39"}
{"level":"info","message":"Persisting migrated Actor record [4udpeEneFSZK9NTB] of database \"dnd5e.monsters\".","timestamp":"2026-07-19 22:39:39"}
{"level":"info","message":"Persisting migrated Actor record [55PkbskG5iBZGrgR] of database \"dnd5e.monsters\".","timestamp":"2026-07-19 22:39:39"}
{"level":"info","message":"Persisting migrated Actor record [57DofLgRQx16ARoc] of database \"dnd5e.monsters\".","timestamp":"2026-07-19 22:39:39"}
{"level":"info","message":"Persisting migrated Actor record [5P1VGAZQwOilwZQf] of database \"dnd5e.monsters\".","timestamp":"2026-07-19 22:39:39"}
{"level":"info","message":"Persisting migrated Actor record [5SgVGhQBswgWRwsF] of database \"dnd5e.monsters\".","timestamp":"2026-07-19 22:39:39"}
{"level":"info","message":"Persisting migrated Actor record [5TmstVMURpVtmNR3] of database \"dnd5e.monsters\".","timestamp":"2026-07-19 22:39:39"}
{"level":"info","message":"Persisting migrated Actor record [5kZNNWzZ6HrfKuWf] of database \"dnd5e.monsters\".","timestamp":"2026-07-19 22:39:39"}
{"level":"info","message":"Persisting migrated Actor record [5ngbctIMeEnuC1p1] of database \"dnd5e.monsters\".","timestamp":"2026-07-19 22:39:39"}
{"level":"info","message":"Persisting migrated Actor record [68bAMIpe4jvDeR9G] of database \"dnd5e.monsters\".","timestamp":"2026-07-19 22:39:39"}
{"level":"info","message":"Persisting migrated Actor record [6oc29m5uzzzb0pk3] of database \"dnd5e.monsters\".","timestamp":"2026-07-19 22:39:39"}
{"level":"info","message":"Persisting migrated Actor record [6qnT52lZtZblgGw8] of database \"dnd5e.monsters\".","timestamp":"2026-07-19 22:39:39"}
{"level":"info","message":"Persisting migrated Actor record [6wbasdWWqtXeIAyD] of database \"dnd5e.monsters\".","timestamp":"2026-07-19 22:39:39"}
{"level":"info","message":"Persisting migrated Actor record [7198siHjPJf8g0cG] of database \"dnd5e.monsters\".","timestamp":"2026-07-19 22:39:39"}
{"level":"info","message":"Persisting migrated Actor record [7EmUVycEASn7SFL0] of database \"dnd5e.monsters\".","timestamp":"2026-07-19 22:39:39"}
{"level":"info","message":"Persisting migrated Actor record [7KJ5vjnp0FJrdu6T] of database \"dnd5e.monsters\".","timestamp":"2026-07-19 22:39:39"}
{"level":"info","message":"Persisting migrated Actor record [7tRhrxuknTpHpYcA] of database \"dnd5e.monsters\".","timestamp":"2026-07-19 22:39:39"}
{"level":"info","message":"Persisting migrated Actor record [7vswgicsiMfS4ZTS] of database \"dnd5e.monsters\".","timestamp":"2026-07-19 22:39:39"}
{"level":"info","message":"Persisting migrated Actor record [85ahD1jEo9B3POaQ] of database \"dnd5e.monsters\".","timestamp":"2026-07-19 22:39:39"}
{"level":"info","message":"Persisting migrated Actor record [8ExSFCar5Lbhdo7u] of database \"dnd5e.monsters\".","timestamp":"2026-07-19 22:39:39"}
{"level":"info","message":"Persisting migrated Actor record [8KSVpQZyzius93ko] of database \"dnd5e.monsters\".","timestamp":"2026-07-19 22:39:39"}
{"level":"info","message":"Persisting migrated Actor record [8MD1vRBTcgSXXk3u] of database \"dnd5e.monsters\".","timestamp":"2026-07-19 22:39:39"}
{"level":"info","message":"Persisting migrated Actor record [8MuL8xisavJW9bnw] of database \"dnd5e.monsters\".","timestamp":"2026-07-19 22:39:39"}
{"level":"info","message":"Persisting migrated Actor record [8RgUhb31VvjUNZU1] of database \"dnd5e.monsters\".","timestamp":"2026-07-19 22:39:39"}
{"level":"info","message":"Persisting migrated Actor record [8SMQl75HLjhuSeau] of database \"dnd5e.monsters\".","timestamp":"2026-07-19 22:39:39"}
{"level":"info","message":"Persisting migrated Actor record [8VXxqeBvN54rPh81] of database \"dnd5e.monsters\".","timestamp":"2026-07-19 22:39:39"}
{"level":"info","message":"Persisting migrated Actor record [8aCTKP5qaBPFOqxM] of database \"dnd5e.monsters\".","timestamp":"2026-07-19 22:39:39"}
{"level":"info","message":"Persisting migrated Actor record [8ihbbjkaOFTPbI73] of database \"dnd5e.monsters\".","timestamp":"2026-07-19 22:39:39"}
{"level":"info","message":"Persisting migrated Actor record [8pX2JhWUpTNNRBVx] of database \"dnd5e.monsters\".","timestamp":"2026-07-19 22:39:39"}
{"level":"info","message":"Persisting migrated Actor record [8xhuJXYMnlQD7LF6] of database \"dnd5e.monsters\".","timestamp":"2026-07-19 22:39:39"}
{"level":"info","message":"Persisting migrated Actor record [9bHoR8k5D2DKHaF3] of database \"dnd5e.monsters\".","timestamp":"2026-07-19 22:39:39"}
{"level":"info","message":"Persisting migrated Actor record [9g4N9sjyh8Ql46to] of database \"dnd5e.monsters\".","timestamp":"2026-07-19 22:39:39"}
{"level":"info","message":"Persisting migrated Actor record [9ggQBmAKXraOtz7S] of database \"dnd5e.monsters\".","timestamp":"2026-07-19 22:39:39"}
{"level":"info","message":"Persisting migrated Actor record [AJiJW7K957aJJCN6] of database \"dnd5e.monsters\".","timestamp":"2026-07-19 22:39:39"}
{"level":"info","message":"Persisting migrated Actor record [AOJvmk1IchxNxQzP] of database \"dnd5e.monsters\".","timestamp":"2026-07-19 22:39:39"}
{"level":"info","message":"Persisting migrated Actor record [AijNdqMurWxDxUSl] of database \"dnd5e.monsters\".","timestamp":"2026-07-19 22:39:39"}
{"level":"info","message":"Persisting migrated Actor record [AnseLn7HwuP97grf] of database \"dnd5e.monsters\".","timestamp":"2026-07-19 22:39:39"}
{"level":"info","message":"Persisting migrated Actor record [Aw2wmqGIatxe2ImI] of database \"dnd5e.monsters\".","timestamp":"2026-07-19 22:39:39"}
{"level":"info","message":"Persisting migrated Actor record [AyvniEKtyroOe83p] of database \"dnd5e.monsters\".","timestamp":"2026-07-19 22:39:39"}
{"level":"info","message":"Persisting migrated Actor record [B7lBOr1AahNZs4a6] of database \"dnd5e.monsters\".","timestamp":"2026-07-19 22:39:39"}
{"level":"info","message":"Persisting migrated Actor record [BAT6ld8qJZetpycL] of database \"dnd5e.monsters\".","timestamp":"2026-07-19 22:39:39"}
{"level":"info","message":"Persisting migrated Actor record [BTQz2q4JJVQn8W5W] of database \"dnd5e.monsters\".","timestamp":"2026-07-19 22:39:39"}
{"level":"info","message":"Persisting migrated Actor record [BUCfQ7ihaXX75Vai] of database \"dnd5e.monsters\".","timestamp":"2026-07-19 22:39:39"}
{"level":"info","message":"Persisting migrated Actor record [Bupo3E9X5Ptx6XeT] of database \"dnd5e.monsters\".","timestamp":"2026-07-19 22:39:39"}
{"level":"info","message":"Persisting migrated Actor record [Buxe6dDK5Mw7kxe6] of database \"dnd5e.monsters\".","timestamp":"2026-07-19 22:39:39"}
{"level":"info","message":"Persisting migrated Actor record [CHEUjiYrVM9X0vIT] of database \"dnd5e.monsters\".","timestamp":"2026-07-19 22:39:39"}
{"level":"info","message":"Persisting migrated Actor record [CqQ6pXQA5WXZNOm3] of database \"dnd5e.monsters\".","timestamp":"2026-07-19 22:39:39"}
{"level":"info","message":"Persisting migrated Actor record [CrnUJhTbkdZjCZsH] of database \"dnd5e.monsters\".","timestamp":"2026-07-19 22:39:39"}
{"level":"info","message":"Persisting migrated Actor record [Cy3A0rsNMPLZozam] of database \"dnd5e.monsters\".","timestamp":"2026-07-19 22:39:39"}
{"level":"info","message":"Persisting migrated Actor record [D5UqYD1EnTrJaMTO] of database \"dnd5e.monsters\".","timestamp":"2026-07-19 22:39:39"}
{"level":"info","message":"Persisting migrated Actor record [D5WjGwKskeUT8HXa] of database \"dnd5e.monsters\".","timestamp":"2026-07-19 22:39:39"}
{"level":"info","message":"Persisting migrated Actor record [D5rwVIxmfFrdyyxT] of database \"dnd5e.monsters\".","timestamp":"2026-07-19 22:39:39"}
{"level":"info","message":"Persisting migrated Actor record [DDO9lDCDtNHkfShP] of database \"dnd5e.monsters\".","timestamp":"2026-07-19 22:39:39"}
{"level":"info","message":"Persisting migrated Actor record [E9CvDPDg5dFEpVjS] of database \"dnd5e.monsters\".","timestamp":"2026-07-19 22:39:39"}
{"level":"info","message":"Persisting migrated Actor record [EI8w6XjzCZICkox9] of database \"dnd5e.monsters\".","timestamp":"2026-07-19 22:39:39"}
{"level":"info","message":"Persisting migrated Actor record [EIgAW1dWVPpyWLUh] of database \"dnd5e.monsters\".","timestamp":"2026-07-19 22:39:39"}
{"level":"info","message":"Persisting migrated Actor record [EMvcuOpu7ABCmBWi] of database \"dnd5e.monsters\".","timestamp":"2026-07-19 22:39:39"}
{"level":"info","message":"Persisting migrated Actor record [ESEm3fGUfSKjzVUc] of database \"dnd5e.monsters\".","timestamp":"2026-07-19 22:39:39"}
{"level":"info","message":"Persisting migrated Actor record [ET4PEVEiNJLU4f7c] of database \"dnd5e.monsters\".","timestamp":"2026-07-19 22:39:39"}
{"level":"info","message":"Persisting migrated Actor record [EYiQZ3rFL25fEJY5] of database \"dnd5e.monsters\".","timestamp":"2026-07-19 22:39:39"}
{"level":"info","message":"Persisting migrated Actor record [EZgiprHXA2D7Uyb3] of database \"dnd5e.monsters\".","timestamp":"2026-07-19 22:39:39"}
{"level":"info","message":"Persisting migrated Actor record [EpYl7qifM5pq6W6B] of database \"dnd5e.monsters\".","timestamp":"2026-07-19 22:39:39"}
{"level":"info","message":"Persisting migrated Actor record [EqJUA3Z3181RSSFU] of database \"dnd5e.monsters\".","timestamp":"2026-07-19 22:39:39"}
{"level":"info","message":"Persisting migrated Actor record [F0yILX4xKKt4dxKY] of database \"dnd5e.monsters\".","timestamp":"2026-07-19 22:39:39"}
{"level":"info","message":"Persisting migrated Actor record [FQMFuzzSh73d0Nrd] of database \"dnd5e.monsters\".","timestamp":"2026-07-19 22:39:39"}
{"level":"info","message":"Persisting migrated Actor record [FWSDiq9SZsdiBAa8] of database \"dnd5e.monsters\".","timestamp":"2026-07-19 22:39:39"}
{"level":"info","message":"Persisting migrated Actor record [FayqbnjBMszO6Pat] of database \"dnd5e.monsters\".","timestamp":"2026-07-19 22:39:39"}
{"level":"info","message":"Persisting migrated Actor record [FzvZ6xl3U9GoL9ju] of database \"dnd5e.monsters\".","timestamp":"2026-07-19 22:39:39"}
{"level":"info","message":"Persisting migrated Actor record [G9PENY6nw0xRxCJW] of database \"dnd5e.monsters\".","timestamp":"2026-07-19 22:39:39"}
{"level":"info","message":"Persisting migrated Actor record [GP8JMSDugRxuLOD2] of database \"dnd5e.monsters\".","timestamp":"2026-07-19 22:39:39"}
{"level":"info","message":"Persisting migrated Actor record [GlaCGcgIP6YjBjGc] of database \"dnd5e.monsters\".","timestamp":"2026-07-19 22:39:39"}
{"level":"info","message":"Persisting migrated Actor record [GpeQYtlo8oGvGlkM] of database \"dnd5e.monsters\".","timestamp":"2026-07-19 22:39:39"}
{"level":"info","message":"Persisting migrated Actor record [GxgIVRX5GbVTifiF] of database \"dnd5e.monsters\".","timestamp":"2026-07-19 22:39:39"}
{"level":"info","message":"Persisting migrated Actor record [HB49mCOVBXwWeKWQ] of database \"dnd5e.monsters\".","timestamp":"2026-07-19 22:39:39"}
{"level":"info","message":"Persisting migrated Actor record [HPUO3weiwRQnql0d] of database \"dnd5e.monsters\".","timestamp":"2026-07-19 22:39:39"}
{"level":"info","message":"Persisting migrated Actor record [HlddcPm4cWptj3ka] of database \"dnd5e.monsters\".","timestamp":"2026-07-19 22:39:39"}
{"level":"info","message":"Persisting migrated Actor record [Hm4o2FgPZsdbXjLq] of database \"dnd5e.monsters\".","timestamp":"2026-07-19 22:39:39"}
{"level":"info","message":"Persisting migrated Actor record [Hn8FFLEzscgT7azz] of database \"dnd5e.monsters\".","timestamp":"2026-07-19 22:39:39"}
{"level":"info","message":"Persisting migrated Actor record [I2x01hzOjVN4NUjf] of database \"dnd5e.monsters\".","timestamp":"2026-07-19 22:39:39"}
{"level":"info","message":"Persisting migrated Actor record [IZMbiAHqQpzPo0CX] of database \"dnd5e.monsters\".","timestamp":"2026-07-19 22:39:39"}
{"level":"info","message":"Persisting migrated Actor record [IiEDPMWqBlzkggYD] of database \"dnd5e.monsters\".","timestamp":"2026-07-19 22:39:39"}
{"level":"info","message":"Persisting migrated Actor record [Ixo5shumxy4I9qyD] of database \"dnd5e.monsters\".","timestamp":"2026-07-19 22:39:39"}
{"level":"info","message":"Persisting migrated Actor record [IyIybE5t2adMEVUM] of database \"dnd5e.monsters\".","timestamp":"2026-07-19 22:39:39"}
{"level":"info","message":"Persisting migrated Actor record [J1QVPd8POvcPaqx4] of database \"dnd5e.monsters\".","timestamp":"2026-07-19 22:39:39"}
{"level":"info","message":"Persisting migrated Actor record [J8xjoG4Dxb8WkHtV] of database \"dnd5e.monsters\".","timestamp":"2026-07-19 22:39:39"}
{"level":"info","message":"Persisting migrated Actor record [J9hgSaZODGjrNl9B] of database \"dnd5e.monsters\".","timestamp":"2026-07-19 22:39:39"}
{"level":"info","message":"Persisting migrated Actor record [JNmHqTwkWayvkH37] of database \"dnd5e.monsters\".","timestamp":"2026-07-19 22:39:39"}
{"level":"info","message":"Persisting migrated Actor record [JW8bXggOMBx1S6tF] of database \"dnd5e.monsters\".","timestamp":"2026-07-19 22:39:39"}
{"level":"info","message":"Persisting migrated Actor record [K15Yl8JmB5iPircc] of database \"dnd5e.monsters\".","timestamp":"2026-07-19 22:39:39"}
{"level":"info","message":"Persisting migrated Actor record [K4vsSlHqbBAHUDHY] of database \"dnd5e.monsters\".","timestamp":"2026-07-19 22:39:39"}
{"level":"info","message":"Persisting migrated Actor record [K5cKmPoFkpuOotis] of database \"dnd5e.monsters\".","timestamp":"2026-07-19 22:39:39"}
{"level":"info","message":"Persisting migrated Actor record [KC4tYOolARhajP18] of database \"dnd5e.monsters\".","timestamp":"2026-07-19 22:39:39"}
{"level":"info","message":"Persisting migrated Actor record [KCvt4FdOVJbuZ3T0] of database \"dnd5e.monsters\".","timestamp":"2026-07-19 22:39:39"}
{"level":"info","message":"Persisting migrated Actor record [KH6ZrUiUOKQCOlRH] of database \"dnd5e.monsters\".","timestamp":"2026-07-19 22:39:39"}
{"level":"info","message":"Persisting migrated Actor record [KLCkHep28HBfdsky] of database \"dnd5e.monsters\".","timestamp":"2026-07-19 22:39:39"}
{"level":"info","message":"Persisting migrated Actor record [KOHVWl5RU9XBR8Jb] of database \"dnd5e.monsters\".","timestamp":"2026-07-19 22:39:39"}
{"level":"info","message":"Persisting migrated Actor record [KUpbXdn1XmHEeOPk] of database \"dnd5e.monsters\".","timestamp":"2026-07-19 22:39:39"}
{"level":"info","message":"Persisting migrated Actor record [KXG5XLIwKhn1V0Y5] of database \"dnd5e.monsters\".","timestamp":"2026-07-19 22:39:39"}
{"level":"info","message":"Persisting migrated Actor record [KtM6IV9I5l1MWUDk] of database \"dnd5e.monsters\".","timestamp":"2026-07-19 22:39:39"}
{"level":"info","message":"Persisting migrated Actor record [L1w8yBkInMscfJ3F] of database \"dnd5e.monsters\".","timestamp":"2026-07-19 22:39:39"}
{"level":"info","message":"Persisting migrated Actor record [LPdX5YLlwci0NDZx] of database \"dnd5e.monsters\".","timestamp":"2026-07-19 22:39:39"}
{"level":"info","message":"Persisting migrated Actor record [LTomFUTBrkRi0Pj5] of database \"dnd5e.monsters\".","timestamp":"2026-07-19 22:39:39"}
{"level":"info","message":"Persisting migrated Actor record [M4eX4Mu5IHCr3TMf] of database \"dnd5e.monsters\".","timestamp":"2026-07-19 22:39:39"}
{"level":"info","message":"Persisting migrated Actor record [MADGs8pWMVyyFOf1] of database \"dnd5e.monsters\".","timestamp":"2026-07-19 22:39:39"}
{"level":"info","message":"Persisting migrated Actor record [MAoCGF5VkQwhmgvI] of database \"dnd5e.monsters\".","timestamp":"2026-07-19 22:39:39"}
{"level":"info","message":"Persisting migrated Actor record [MO382D2sxtAIuUC5] of database \"dnd5e.monsters\".","timestamp":"2026-07-19 22:39:39"}
{"level":"info","message":"Persisting migrated Actor record [MUpBNDoJEr09bLaO] of database \"dnd5e.monsters\".","timestamp":"2026-07-19 22:39:39"}
{"level":"info","message":"Persisting migrated Actor record [MWlwLlKXh8jUUxOL] of database \"dnd5e.monsters\".","timestamp":"2026-07-19 22:39:39"}
{"level":"info","message":"Persisting migrated Actor record [MZYCPIVoBs918qGZ] of database \"dnd5e.monsters\".","timestamp":"2026-07-19 22:39:39"}
{"level":"info","message":"Persisting migrated Actor record [MiYRAIHwm9It1in8] of database \"dnd5e.monsters\".","timestamp":"2026-07-19 22:39:39"}
{"level":"info","message":"Persisting migrated Actor record [MnoL59nOOfYatAkQ] of database \"dnd5e.monsters\".","timestamp":"2026-07-19 22:39:39"}
{"level":"info","message":"Persisting migrated Actor record [NAISFPoNNgUCsEyW] of database \"dnd5e.monsters\".","timestamp":"2026-07-19 22:39:39"}
{"level":"info","message":"Persisting migrated Actor record [NB6wUgVqeOQtsQKu] of database \"dnd5e.monsters\".","timestamp":"2026-07-19 22:39:39"}
{"level":"info","message":"Persisting migrated Actor record [NmQLj0zv4FmfuSan] of database \"dnd5e.monsters\".","timestamp":"2026-07-19 22:39:39"}
{"level":"info","message":"Persisting migrated Actor record [NpvwE1feOHyEqAbP] of database \"dnd5e.monsters\".","timestamp":"2026-07-19 22:39:39"}
{"level":"info","message":"Persisting migrated Actor record [NwQpeeaMxAC3fRft] of database \"dnd5e.monsters\".","timestamp":"2026-07-19 22:39:39"}
{"level":"info","message":"Persisting migrated Actor record [O3ABqI55Ir1du1Xa] of database \"dnd5e.monsters\".","timestamp":"2026-07-19 22:39:39"}
{"level":"info","message":"Persisting migrated Actor record [OBujQLLPSmlJiZnL] of database \"dnd5e.monsters\".","timestamp":"2026-07-19 22:39:39"}
{"level":"info","message":"Persisting migrated Actor record [OGPHF4sCVOAi87TU] of database \"dnd5e.monsters\".","timestamp":"2026-07-19 22:39:39"}
{"level":"info","message":"Persisting migrated Actor record [OQqybZoMeDFn5AFD] of database \"dnd5e.monsters\".","timestamp":"2026-07-19 22:39:39"}
{"level":"info","message":"Persisting migrated Actor record [P6qC8jB3pnEH0tIE] of database \"dnd5e.monsters\".","timestamp":"2026-07-19 22:39:39"}
{"level":"info","message":"Persisting migrated Actor record [PH78NBdvoaszAb61] of database \"dnd5e.monsters\".","timestamp":"2026-07-19 22:39:39"}
{"level":"info","message":"Persisting migrated Actor record [PHO4J98zK2p4KNyc] of database \"dnd5e.monsters\".","timestamp":"2026-07-19 22:39:39"}
{"level":"info","message":"Persisting migrated Actor record [PVD5wRdyO7iCJPs1] of database \"dnd5e.monsters\".","timestamp":"2026-07-19 22:39:39"}
{"level":"info","message":"Persisting migrated Actor record [PcZ0QjIG6bHpffp9] of database \"dnd5e.monsters\".","timestamp":"2026-07-19 22:39:39"}
{"level":"info","message":"Persisting migrated Actor record [PtotS52HpHX596cZ] of database \"dnd5e.monsters\".","timestamp":"2026-07-19 22:39:39"}
{"level":"info","message":"Persisting migrated Actor record [PuPo4H4Dcxigf0fY] of database \"dnd5e.monsters\".","timestamp":"2026-07-19 22:39:39"}
{"level":"info","message":"Persisting migrated Actor record [QGcQYZbVl4bWzi4E] of database \"dnd5e.monsters\".","timestamp":"2026-07-19 22:39:39"}
{"level":"info","message":"Persisting migrated Actor record [QSytPah5WKoFJ1zt] of database \"dnd5e.monsters\".","timestamp":"2026-07-19 22:39:39"}
{"level":"info","message":"Persisting migrated Actor record [QtJairF0h18BRhEM] of database \"dnd5e.monsters\".","timestamp":"2026-07-19 22:39:39"}
{"level":"info","message":"Persisting migrated Actor record [R2GPY9BhRmmwZwkh] of database \"dnd5e.monsters\".","timestamp":"2026-07-19 22:39:39"}
{"level":"info","message":"Persisting migrated Actor record [RCv5y7iWlfNxkinx] of database \"dnd5e.monsters\".","timestamp":"2026-07-19 22:39:39"}
{"level":"info","message":"Persisting migrated Actor record [RenLfmDT2XlbCF4x] of database \"dnd5e.monsters\".","timestamp":"2026-07-19 22:39:39"}
{"level":"info","message":"Persisting migrated Actor record [S0zDrv6lbnwWaz9E] of database \"dnd5e.monsters\".","timestamp":"2026-07-19 22:39:39"}
{"level":"info","message":"Persisting migrated Actor record [SBCe2BSa6opTS5M4] of database \"dnd5e.monsters\".","timestamp":"2026-07-19 22:39:39"}
{"level":"info","message":"Persisting migrated Actor record [SMfgOsfPgf6rb01k] of database \"dnd5e.monsters\".","timestamp":"2026-07-19 22:39:39"}
{"level":"info","message":"Persisting migrated Actor record [SNT0JNVSngUTsj4m] of database \"dnd5e.monsters\".","timestamp":"2026-07-19 22:39:39"}
{"level":"info","message":"Persisting migrated Actor record [SOin81NWijHRvXFK] of database \"dnd5e.monsters\".","timestamp":"2026-07-19 22:39:39"}
{"level":"info","message":"Persisting migrated Actor record [SXXvwaLBNuzBymp3] of database \"dnd5e.monsters\".","timestamp":"2026-07-19 22:39:39"}
{"level":"info","message":"Persisting migrated Actor record [SoK7l5zJQKxTVgLL] of database \"dnd5e.monsters\".","timestamp":"2026-07-19 22:39:39"}
{"level":"info","message":"Persisting migrated Actor record [SqZRuJ8lt2KGJBbq] of database \"dnd5e.monsters\".","timestamp":"2026-07-19 22:39:39"}
{"level":"info","message":"Persisting migrated Actor record [SsuCaF2fIEoDdFA3] of database \"dnd5e.monsters\".","timestamp":"2026-07-19 22:39:39"}
{"level":"info","message":"Persisting migrated Actor record [T1xZTDCGuvMBSq8d] of database \"dnd5e.monsters\".","timestamp":"2026-07-19 22:39:39"}
{"level":"info","message":"Persisting migrated Actor record [T2PExQE84ZcIbAXz] of database \"dnd5e.monsters\".","timestamp":"2026-07-19 22:39:39"}
{"level":"info","message":"Persisting migrated Actor record [TaK6nQMGqZ0y8gt7] of database \"dnd5e.monsters\".","timestamp":"2026-07-19 22:39:39"}
{"level":"info","message":"Persisting migrated Actor record [Tac7eq0AXJco0nml] of database \"dnd5e.monsters\".","timestamp":"2026-07-19 22:39:39"}
{"level":"info","message":"Persisting migrated Actor record [TjWQOgI3A4UAl7lC] of database \"dnd5e.monsters\".","timestamp":"2026-07-19 22:39:39"}
{"level":"info","message":"Persisting migrated Actor record [UFW8M3JHzHkxUEGM] of database \"dnd5e.monsters\".","timestamp":"2026-07-19 22:39:39"}
{"level":"info","message":"Persisting migrated Actor record [UR2gWLFHmFwG7ReH] of database \"dnd5e.monsters\".","timestamp":"2026-07-19 22:39:39"}
{"level":"info","message":"Persisting migrated Actor record [UTuKdTah1DKfPwWe] of database \"dnd5e.monsters\".","timestamp":"2026-07-19 22:39:39"}
{"level":"info","message":"Persisting migrated Actor record [UrXp9O9N7DvdH9nL] of database \"dnd5e.monsters\".","timestamp":"2026-07-19 22:39:39"}
{"level":"info","message":"Persisting migrated Actor record [UthHOT7QfZfEIUue] of database \"dnd5e.monsters\".","timestamp":"2026-07-19 22:39:39"}
{"level":"info","message":"Persisting migrated Actor record [VBkp2rGQKvMcCOus] of database \"dnd5e.monsters\".","timestamp":"2026-07-19 22:39:39"}
{"level":"info","message":"Persisting migrated Actor record [VBzqw2rOUvTuNOPI] of database \"dnd5e.monsters\".","timestamp":"2026-07-19 22:39:39"}
{"level":"info","message":"Persisting migrated Actor record [VCuG0Z3MrO8kfDU0] of database \"dnd5e.monsters\".","timestamp":"2026-07-19 22:39:39"}
{"level":"info","message":"Persisting migrated Actor record [VVXly3ue0i3YgGrB] of database \"dnd5e.monsters\".","timestamp":"2026-07-19 22:39:39"}
{"level":"info","message":"Persisting migrated Actor record [Vk7uHVkJ5b26gaTh] of database \"dnd5e.monsters\".","timestamp":"2026-07-19 22:39:39"}
{"level":"info","message":"Persisting migrated Actor record [VmdyZDjqAc8vdncY] of database \"dnd5e.monsters\".","timestamp":"2026-07-19 22:39:39"}
{"level":"info","message":"Persisting migrated Actor record [WJsxqbHU28D64lWT] of database \"dnd5e.monsters\".","timestamp":"2026-07-19 22:39:39"}
{"level":"info","message":"Persisting migrated Actor record [WOdeacKCYVhgLDuN] of database \"dnd5e.monsters\".","timestamp":"2026-07-19 22:39:39"}
{"level":"info","message":"Persisting migrated Actor record [Wcsjbl25uiUsyQwn] of database \"dnd5e.monsters\".","timestamp":"2026-07-19 22:39:39"}
{"level":"info","message":"Persisting migrated Actor record [XEByBLeOkDgL3mrr] of database \"dnd5e.monsters\".","timestamp":"2026-07-19 22:39:39"}
{"level":"info","message":"Persisting migrated Actor record [XfQMBoTh892XSnCX] of database \"dnd5e.monsters\".","timestamp":"2026-07-19 22:39:39"}
{"level":"info","message":"Persisting migrated Actor record [XiSWKZzAUxdmFOLL] of database \"dnd5e.monsters\".","timestamp":"2026-07-19 22:39:39"}
{"level":"info","message":"Persisting migrated Actor record [Y0vxQVF7w2P38FK2] of database \"dnd5e.monsters\".","timestamp":"2026-07-19 22:39:39"}
{"level":"info","message":"Persisting migrated Actor record [YOqhbf8WsX0jH9Fu] of database \"dnd5e.monsters\".","timestamp":"2026-07-19 22:39:39"}
{"level":"info","message":"Persisting migrated Actor record [YTpL2c3NO4sOn2UA] of database \"dnd5e.monsters\".","timestamp":"2026-07-19 22:39:39"}
{"level":"info","message":"Persisting migrated Actor record [YUaprnengdFDNG8P] of database \"dnd5e.monsters\".","timestamp":"2026-07-19 22:39:39"}
{"level":"info","message":"Persisting migrated Actor record [Z0GiAv3bJxTjUfjM] of database \"dnd5e.monsters\".","timestamp":"2026-07-19 22:39:39"}
{"level":"info","message":"Persisting migrated Actor record [ZHAFrnCwCz17dmLc] of database \"dnd5e.monsters\".","timestamp":"2026-07-19 22:39:39"}
{"level":"info","message":"Persisting migrated Actor record [ZM1P6LoYSwMiIJN9] of database \"dnd5e.monsters\".","timestamp":"2026-07-19 22:39:39"}
{"level":"info","message":"Persisting migrated Actor record [ZQTCZfTV9ZoTjNCU] of database \"dnd5e.monsters\".","timestamp":"2026-07-19 22:39:39"}
{"level":"info","message":"Persisting migrated Actor record [ZW39DE2zI3TXVYC9] of database \"dnd5e.monsters\".","timestamp":"2026-07-19 22:39:39"}
{"level":"info","message":"Persisting migrated Actor record [ZaP1H91t4FzbRqR5] of database \"dnd5e.monsters\".","timestamp":"2026-07-19 22:39:39"}
{"level":"info","message":"Persisting migrated Actor record [ZyIBOoZZD0nDaO2s] of database \"dnd5e.monsters\".","timestamp":"2026-07-19 22:39:39"}
{"level":"info","message":"Persisting migrated Actor record [aAqfEHPiVbhMwZ6j] of database \"dnd5e.monsters\".","timestamp":"2026-07-19 22:39:39"}
{"level":"info","message":"Persisting migrated Actor record [aKt7vFAS1J0x3FQm] of database \"dnd5e.monsters\".","timestamp":"2026-07-19 22:39:39"}
{"level":"info","message":"Persisting migrated Actor record [aTITHYYxthuZBPBn] of database \"dnd5e.monsters\".","timestamp":"2026-07-19 22:39:39"}
{"level":"info","message":"Persisting migrated Actor record [azCbLQt5LAYwTI7U] of database \"dnd5e.monsters\".","timestamp":"2026-07-19 22:39:39"}
{"level":"info","message":"Persisting migrated Actor record [banHjKDMCegbUwYE] of database \"dnd5e.monsters\".","timestamp":"2026-07-19 22:39:39"}
{"level":"info","message":"Persisting migrated Actor record [bcapsJdIhY5WktpT] of database \"dnd5e.monsters\".","timestamp":"2026-07-19 22:39:39"}
{"level":"info","message":"Persisting migrated Actor record [bfh29vIEoGzI240e] of database \"dnd5e.monsters\".","timestamp":"2026-07-19 22:39:39"}
{"level":"info","message":"Persisting migrated Actor record [bwtkdzavdNHISgp4] of database \"dnd5e.monsters\".","timestamp":"2026-07-19 22:39:39"}
{"level":"info","message":"Persisting migrated Actor record [c9XDGsTJRy9HUaxQ] of database \"dnd5e.monsters\".","timestamp":"2026-07-19 22:39:39"}
{"level":"info","message":"Persisting migrated Actor record [cDr1JtzEV26bP5Ym] of database \"dnd5e.monsters\".","timestamp":"2026-07-19 22:39:39"}
{"level":"info","message":"Persisting migrated Actor record [cGM3iVYTtCsYXjzO] of database \"dnd5e.monsters\".","timestamp":"2026-07-19 22:39:39"}
{"level":"info","message":"Persisting migrated Actor record [cJGY1ZywUOo6heNR] of database \"dnd5e.monsters\".","timestamp":"2026-07-19 22:39:39"}
{"level":"info","message":"Persisting migrated Actor record [ciLSItjCpwT7nMmk] of database \"dnd5e.monsters\".","timestamp":"2026-07-19 22:39:39"}
{"level":"info","message":"Persisting migrated Actor record [ckOF3vQrnjFnZIDU] of database \"dnd5e.monsters\".","timestamp":"2026-07-19 22:39:39"}
{"level":"info","message":"Persisting migrated Actor record [d0prpsGSAorDadec] of database \"dnd5e.monsters\".","timestamp":"2026-07-19 22:39:39"}
{"level":"info","message":"Persisting migrated Actor record [dLQiESMsfsXijD5c] of database \"dnd5e.monsters\".","timestamp":"2026-07-19 22:39:39"}
{"level":"info","message":"Persisting migrated Actor record [dZZFmG8LiBlgWi76] of database \"dnd5e.monsters\".","timestamp":"2026-07-19 22:39:39"}
{"level":"info","message":"Persisting migrated Actor record [e5IQxSJO7ySEDdSH] of database \"dnd5e.monsters\".","timestamp":"2026-07-19 22:39:39"}
{"level":"info","message":"Persisting migrated Actor record [eIGowKTkEBC9gUzx] of database \"dnd5e.monsters\".","timestamp":"2026-07-19 22:39:39"}
{"level":"info","message":"Persisting migrated Actor record [eORmAXuV5v3nWsQL] of database \"dnd5e.monsters\".","timestamp":"2026-07-19 22:39:39"}
{"level":"info","message":"Persisting migrated Actor record [ec3lhsNv1ZRu7Qaq] of database \"dnd5e.monsters\".","timestamp":"2026-07-19 22:39:39"}
{"level":"info","message":"Persisting migrated Actor record [egsSDYbqoLCelb0J] of database \"dnd5e.monsters\".","timestamp":"2026-07-19 22:39:39"}
{"level":"info","message":"Persisting migrated Actor record [eiifqZwYGi71r2Yl] of database \"dnd5e.monsters\".","timestamp":"2026-07-19 22:39:39"}
{"level":"info","message":"Persisting migrated Actor record [eykRfV85DQJoCkmc] of database \"dnd5e.monsters\".","timestamp":"2026-07-19 22:39:39"}
{"level":"info","message":"Persisting migrated Actor record [f6HaKROPIcBRmSd1] of database \"dnd5e.monsters\".","timestamp":"2026-07-19 22:39:39"}
{"level":"info","message":"Persisting migrated Actor record [f9JbhBfWucrY2eDA] of database \"dnd5e.monsters\".","timestamp":"2026-07-19 22:39:39"}
{"level":"info","message":"Persisting migrated Actor record [fkCNtbvPOMd7mipF] of database \"dnd5e.monsters\".","timestamp":"2026-07-19 22:39:39"}
{"level":"info","message":"Persisting migrated Actor record [fkJ8Z8zi2JtlcHh9] of database \"dnd5e.monsters\".","timestamp":"2026-07-19 22:39:39"}
{"level":"info","message":"Persisting migrated Actor record [fnkPNfIpS62LqOu4] of database \"dnd5e.monsters\".","timestamp":"2026-07-19 22:39:39"}
{"level":"info","message":"Persisting migrated Actor record [fqbFYtbtkrL53FOC] of database \"dnd5e.monsters\".","timestamp":"2026-07-19 22:39:39"}
{"level":"info","message":"Persisting migrated Actor record [fsPruAIDOg4tVrgb] of database \"dnd5e.monsters\".","timestamp":"2026-07-19 22:39:39"}
{"level":"info","message":"Persisting migrated Actor record [g40zN6xMye6bSS94] of database \"dnd5e.monsters\".","timestamp":"2026-07-19 22:39:39"}
{"level":"info","message":"Persisting migrated Actor record [g7FSu2oU4YHPgWNA] of database \"dnd5e.monsters\".","timestamp":"2026-07-19 22:39:39"}
{"level":"info","message":"Persisting migrated Actor record [gGeLeV411iQ5Yijs] of database \"dnd5e.monsters\".","timestamp":"2026-07-19 22:39:39"}
{"level":"info","message":"Persisting migrated Actor record [gKRtiMNAjZiCVfwz] of database \"dnd5e.monsters\".","timestamp":"2026-07-19 22:39:39"}
{"level":"info","message":"Persisting migrated Actor record [gaSTr7DFZJLmgI2J] of database \"dnd5e.monsters\".","timestamp":"2026-07-19 22:39:39"}
{"level":"info","message":"Persisting migrated Actor record [geM2F7HvVGhtk3h4] of database \"dnd5e.monsters\".","timestamp":"2026-07-19 22:39:39"}
{"level":"info","message":"Persisting migrated Actor record [gf9QbHdMAfvFtxcv] of database \"dnd5e.monsters\".","timestamp":"2026-07-19 22:39:39"}
{"level":"info","message":"Persisting migrated Actor record [h052EIIUmRwJum65] of database \"dnd5e.monsters\".","timestamp":"2026-07-19 22:39:39"}
{"level":"info","message":"Persisting migrated Actor record [h98AuPfomEPcCibP] of database \"dnd5e.monsters\".","timestamp":"2026-07-19 22:39:39"}
{"level":"info","message":"Persisting migrated Actor record [hIf83RD3ZVW4Egfi] of database \"dnd5e.monsters\".","timestamp":"2026-07-19 22:39:39"}
{"level":"info","message":"Persisting migrated Actor record [hQt3qIahnB1Odb40] of database \"dnd5e.monsters\".","timestamp":"2026-07-19 22:39:39"}
{"level":"info","message":"Persisting migrated Actor record [hY9ptpO5Xl2tfkcj] of database \"dnd5e.monsters\".","timestamp":"2026-07-19 22:39:39"}
{"level":"info","message":"Persisting migrated Actor record [hb6pjvdCNYmLLp8V] of database \"dnd5e.monsters\".","timestamp":"2026-07-19 22:39:39"}
{"level":"info","message":"Persisting migrated Actor record [hjhERRzafCiFFVLA] of database \"dnd5e.monsters\".","timestamp":"2026-07-19 22:39:39"}
{"level":"info","message":"Persisting migrated Actor record [hqj2yXtgwt64v3Lj] of database \"dnd5e.monsters\".","timestamp":"2026-07-19 22:39:39"}
{"level":"info","message":"Persisting migrated Actor record [hx240PG5r5qpRet3] of database \"dnd5e.monsters\".","timestamp":"2026-07-19 22:39:39"}
{"level":"info","message":"Persisting migrated Actor record [iGBdQA3IuKsurcUy] of database \"dnd5e.monsters\".","timestamp":"2026-07-19 22:39:39"}
{"level":"info","message":"Persisting migrated Actor record [iHj5Tkm6HRgXuaWP] of database \"dnd5e.monsters\".","timestamp":"2026-07-19 22:39:39"}
{"level":"info","message":"Persisting migrated Actor record [iSCL4Q82ivnYelzc] of database \"dnd5e.monsters\".","timestamp":"2026-07-19 22:39:39"}
{"level":"info","message":"Persisting migrated Actor record [ijsfYEDqSuwQXwNN] of database \"dnd5e.monsters\".","timestamp":"2026-07-19 22:39:39"}
{"level":"info","message":"Persisting migrated Actor record [irz834sqAxRihtSG] of database \"dnd5e.monsters\".","timestamp":"2026-07-19 22:39:39"}
{"level":"info","message":"Persisting migrated Actor record [jLPhaBnMtAbB5dp1] of database \"dnd5e.monsters\".","timestamp":"2026-07-19 22:39:39"}
{"level":"info","message":"Persisting migrated Actor record [jOANE6M0My6UJF4e] of database \"dnd5e.monsters\".","timestamp":"2026-07-19 22:39:39"}
{"level":"info","message":"Persisting migrated Actor record [jcZblJ6lqtW0ePxe] of database \"dnd5e.monsters\".","timestamp":"2026-07-19 22:39:39"}
{"level":"info","message":"Persisting migrated Actor record [kSAi2KRonL4G4JpO] of database \"dnd5e.monsters\".","timestamp":"2026-07-19 22:39:39"}
{"level":"info","message":"Persisting migrated Actor record [kVg37NlPcACAzjCT] of database \"dnd5e.monsters\".","timestamp":"2026-07-19 22:39:39"}
{"level":"info","message":"Persisting migrated Actor record [kr6r8bhSehACPfZ8] of database \"dnd5e.monsters\".","timestamp":"2026-07-19 22:39:39"}
{"level":"info","message":"Persisting migrated Actor record [kz1t6xeXVwODpYb2] of database \"dnd5e.monsters\".","timestamp":"2026-07-19 22:39:39"}
{"level":"info","message":"Persisting migrated Actor record [kz2fW9xb5CcvXLX4] of database \"dnd5e.monsters\".","timestamp":"2026-07-19 22:39:39"}
{"level":"info","message":"Persisting migrated Actor record [lOYt73eaJojBDxAV] of database \"dnd5e.monsters\".","timestamp":"2026-07-19 22:39:39"}
{"level":"info","message":"Persisting migrated Actor record [lZR4lhNmYSf89s4Q] of database \"dnd5e.monsters\".","timestamp":"2026-07-19 22:39:39"}
{"level":"info","message":"Persisting migrated Actor record [llSG0Hi4eGlRlQ4o] of database \"dnd5e.monsters\".","timestamp":"2026-07-19 22:39:39"}
{"level":"info","message":"Persisting migrated Actor record [lyNBFmJdbh4NLRzz] of database \"dnd5e.monsters\".","timestamp":"2026-07-19 22:39:39"}
{"level":"info","message":"Persisting migrated Actor record [m4H3hjamBNMH09S9] of database \"dnd5e.monsters\".","timestamp":"2026-07-19 22:39:39"}
{"level":"info","message":"Persisting migrated Actor record [mNijwXPMhwR7yYfc] of database \"dnd5e.monsters\".","timestamp":"2026-07-19 22:39:39"}
{"level":"info","message":"Persisting migrated Actor record [mQnsXanewsPiV7QE] of database \"dnd5e.monsters\".","timestamp":"2026-07-19 22:39:39"}
{"level":"info","message":"Persisting migrated Actor record [mWbrPhcKOz6oLXMV] of database \"dnd5e.monsters\".","timestamp":"2026-07-19 22:39:39"}
{"level":"info","message":"Persisting migrated Actor record [n4TEv7inVUkyZviN] of database \"dnd5e.monsters\".","timestamp":"2026-07-19 22:39:39"}
{"level":"info","message":"Persisting migrated Actor record [nEC1BRwM8Lx9hLXW] of database \"dnd5e.monsters\".","timestamp":"2026-07-19 22:39:39"}
{"level":"info","message":"Persisting migrated Actor record [nREPw9g94Bsb9sIl] of database \"dnd5e.monsters\".","timestamp":"2026-07-19 22:39:39"}
{"level":"info","message":"Persisting migrated Actor record [nU8GN8La8DCt8SDb] of database \"dnd5e.monsters\".","timestamp":"2026-07-19 22:39:39"}
{"level":"info","message":"Persisting migrated Actor record [nZthq6WHLhcdu3te] of database \"dnd5e.monsters\".","timestamp":"2026-07-19 22:39:39"}
{"level":"info","message":"Persisting migrated Actor record [naSoHU9KbkgeNIwB] of database \"dnd5e.monsters\".","timestamp":"2026-07-19 22:39:39"}
{"level":"info","message":"Persisting migrated Actor record [najtPRiHLR6buSWe] of database \"dnd5e.monsters\".","timestamp":"2026-07-19 22:39:39"}
{"level":"info","message":"Persisting migrated Actor record [namJz755U1EhvEJa] of database \"dnd5e.monsters\".","timestamp":"2026-07-19 22:39:39"}
{"level":"info","message":"Persisting migrated Actor record [nkyCGJ9wXeAZkyyz] of database \"dnd5e.monsters\".","timestamp":"2026-07-19 22:39:39"}
{"level":"info","message":"Persisting migrated Actor record [oDspGxRQFBhE74L2] of database \"dnd5e.monsters\".","timestamp":"2026-07-19 22:39:39"}
{"level":"info","message":"Persisting migrated Actor record [oJCOB9X2BPsBkWW5] of database \"dnd5e.monsters\".","timestamp":"2026-07-19 22:39:39"}
{"level":"info","message":"Persisting migrated Actor record [oQvORD924obyPdCc] of database \"dnd5e.monsters\".","timestamp":"2026-07-19 22:39:39"}
{"level":"info","message":"Persisting migrated Actor record [oRBnO5OHoOZzlCOr] of database \"dnd5e.monsters\".","timestamp":"2026-07-19 22:39:39"}
{"level":"info","message":"Persisting migrated Actor record [omcDpBoB69esCXeM] of database \"dnd5e.monsters\".","timestamp":"2026-07-19 22:39:39"}
{"level":"info","message":"Persisting migrated Actor record [p980augbCIdpK9ZX] of database \"dnd5e.monsters\".","timestamp":"2026-07-19 22:39:39"}
{"level":"info","message":"Persisting migrated Actor record [p9Xnr820UAZBOIVN] of database \"dnd5e.monsters\".","timestamp":"2026-07-19 22:39:39"}
{"level":"info","message":"Persisting migrated Actor record [pAuiNDr7nvpsW9nG] of database \"dnd5e.monsters\".","timestamp":"2026-07-19 22:39:39"}
{"level":"info","message":"Persisting migrated Actor record [pLzSh4dA517Tn73E] of database \"dnd5e.monsters\".","timestamp":"2026-07-19 22:39:39"}
{"level":"info","message":"Persisting migrated Actor record [pOPQU4UnR27zA0jf] of database \"dnd5e.monsters\".","timestamp":"2026-07-19 22:39:39"}
{"level":"info","message":"Persisting migrated Actor record [pozQUPTnLZW8epox] of database \"dnd5e.monsters\".","timestamp":"2026-07-19 22:39:39"}
{"level":"info","message":"Persisting migrated Actor record [q1YJIeIt6rK8fCKn] of database \"dnd5e.monsters\".","timestamp":"2026-07-19 22:39:39"}
{"level":"info","message":"Persisting migrated Actor record [qNdFhY3JOkCfhG3d] of database \"dnd5e.monsters\".","timestamp":"2026-07-19 22:39:39"}
{"level":"info","message":"Persisting migrated Actor record [qW8cBwg7ghCA4Cw6] of database \"dnd5e.monsters\".","timestamp":"2026-07-19 22:39:39"}
{"level":"info","message":"Persisting migrated Actor record [qXzMsRTHEodqO8l2] of database \"dnd5e.monsters\".","timestamp":"2026-07-19 22:39:39"}
{"level":"info","message":"Persisting migrated Actor record [qZyLwdx7lj5d1wfD] of database \"dnd5e.monsters\".","timestamp":"2026-07-19 22:39:39"}
{"level":"info","message":"Persisting migrated Actor record [qav2dvMIUiMQCCsy] of database \"dnd5e.monsters\".","timestamp":"2026-07-19 22:39:39"}
{"level":"info","message":"Persisting migrated Actor record [qkLNA1lKMMJpxuWg] of database \"dnd5e.monsters\".","timestamp":"2026-07-19 22:39:39"}
{"level":"info","message":"Persisting migrated Actor record [qoFEjfrANBdrCP6m] of database \"dnd5e.monsters\".","timestamp":"2026-07-19 22:39:39"}
{"level":"info","message":"Persisting migrated Actor record [qrasJNDC7SGj7xzG] of database \"dnd5e.monsters\".","timestamp":"2026-07-19 22:39:39"}
{"level":"info","message":"Persisting migrated Actor record [rLl22hYeAH3ljhdI] of database \"dnd5e.monsters\".","timestamp":"2026-07-19 22:39:39"}
{"level":"info","message":"Persisting migrated Actor record [rUg5JMnKNnZNBAq9] of database \"dnd5e.monsters\".","timestamp":"2026-07-19 22:39:39"}
{"level":"info","message":"Persisting migrated Actor record [rb7OJt822wIO52qY] of database \"dnd5e.monsters\".","timestamp":"2026-07-19 22:39:39"}
{"level":"info","message":"Persisting migrated Actor record [rbyp54px2D0ql4QK] of database \"dnd5e.monsters\".","timestamp":"2026-07-19 22:39:39"}
{"level":"info","message":"Persisting migrated Actor record [rjqk7ToMD8sGr3n4] of database \"dnd5e.monsters\".","timestamp":"2026-07-19 22:39:39"}
{"level":"info","message":"Persisting migrated Actor record [rz8UTUnFT87BsAFR] of database \"dnd5e.monsters\".","timestamp":"2026-07-19 22:39:39"}
{"level":"info","message":"Persisting migrated Actor record [sApYLZj9PTZ40wJr] of database \"dnd5e.monsters\".","timestamp":"2026-07-19 22:39:39"}
{"level":"info","message":"Persisting migrated Actor record [sLdpiuaZF8lujJQy] of database \"dnd5e.monsters\".","timestamp":"2026-07-19 22:39:39"}
{"level":"info","message":"Persisting migrated Actor record [saq6WM959pKHuaqP] of database \"dnd5e.monsters\".","timestamp":"2026-07-19 22:39:39"}
{"level":"info","message":"Persisting migrated Actor record [shhHtE7b92PefCWB] of database \"dnd5e.monsters\".","timestamp":"2026-07-19 22:39:39"}
{"level":"info","message":"Persisting migrated Actor record [siBUEAj4UVdaiH6p] of database \"dnd5e.monsters\".","timestamp":"2026-07-19 22:39:39"}
{"level":"info","message":"Persisting migrated Actor record [t8WYD7ak07X7xpx8] of database \"dnd5e.monsters\".","timestamp":"2026-07-19 22:39:39"}
{"level":"info","message":"Persisting migrated Actor record [tFJX45zj3QDc3Zli] of database \"dnd5e.monsters\".","timestamp":"2026-07-19 22:39:39"}
{"level":"info","message":"Persisting migrated Actor record [tYYoifu9teGLetVI] of database \"dnd5e.monsters\".","timestamp":"2026-07-19 22:39:39"}
{"level":"info","message":"Persisting migrated Actor record [tYfQIxCJT0WaaKmc] of database \"dnd5e.monsters\".","timestamp":"2026-07-19 22:39:39"}
{"level":"info","message":"Persisting migrated Actor record [tuHyePQ9GazMTyc0] of database \"dnd5e.monsters\".","timestamp":"2026-07-19 22:39:39"}
{"level":"info","message":"Persisting migrated Actor record [tubcO7kaQ4w0soxS] of database \"dnd5e.monsters\".","timestamp":"2026-07-19 22:39:39"}
{"level":"info","message":"Persisting migrated Actor record [u0FWdplSOMTXGnN1] of database \"dnd5e.monsters\".","timestamp":"2026-07-19 22:39:39"}
{"level":"info","message":"Persisting migrated Actor record [u1UQfHutP5eEKkjM] of database \"dnd5e.monsters\".","timestamp":"2026-07-19 22:39:39"}
{"level":"info","message":"Persisting migrated Actor record [uZ8NrRenwYZ4qNf6] of database \"dnd5e.monsters\".","timestamp":"2026-07-19 22:39:39"}
{"level":"info","message":"Persisting migrated Actor record [v99wOosUJjUgcUNF] of database \"dnd5e.monsters\".","timestamp":"2026-07-19 22:39:39"}
{"level":"info","message":"Persisting migrated Actor record [vFeFRlF2FOgf2HIL] of database \"dnd5e.monsters\".","timestamp":"2026-07-19 22:39:39"}
{"level":"info","message":"Persisting migrated Actor record [vc2TAgIuq4yInjbf] of database \"dnd5e.monsters\".","timestamp":"2026-07-19 22:39:39"}
{"level":"info","message":"Persisting migrated Actor record [x47ZnpHfYl0ptDM9] of database \"dnd5e.monsters\".","timestamp":"2026-07-19 22:39:39"}
{"level":"info","message":"Persisting migrated Actor record [xBhG7Dos3tkg9jWz] of database \"dnd5e.monsters\".","timestamp":"2026-07-19 22:39:39"}
{"level":"info","message":"Persisting migrated Actor record [xple5bvGj42uGgdd] of database \"dnd5e.monsters\".","timestamp":"2026-07-19 22:39:39"}
{"level":"info","message":"Persisting migrated Actor record [xvh2UOKv1bh03Gih] of database \"dnd5e.monsters\".","timestamp":"2026-07-19 22:39:39"}
{"level":"info","message":"Persisting migrated Actor record [y8sRU8Ks2lcrGsaf] of database \"dnd5e.monsters\".","timestamp":"2026-07-19 22:39:39"}
{"level":"info","message":"Persisting migrated Actor record [yGTh874etxUckmAf] of database \"dnd5e.monsters\".","timestamp":"2026-07-19 22:39:39"}
{"level":"info","message":"Persisting migrated Actor record [yVNPVJIBpQ2Mp3Xa] of database \"dnd5e.monsters\".","timestamp":"2026-07-19 22:39:39"}
{"level":"info","message":"Persisting migrated Actor record [yawTeS8u2FCfzzZH] of database \"dnd5e.monsters\".","timestamp":"2026-07-19 22:39:39"}
{"level":"info","message":"Persisting migrated Actor record [z0zvgcIugizwcuxJ] of database \"dnd5e.monsters\".","timestamp":"2026-07-19 22:39:39"}
{"level":"info","message":"Persisting migrated Actor record [z3gSIXHHWYaHjfBT] of database \"dnd5e.monsters\".","timestamp":"2026-07-19 22:39:39"}
{"level":"info","message":"Persisting migrated Actor record [z85EsGS2GVWj46qE] of database \"dnd5e.monsters\".","timestamp":"2026-07-19 22:39:39"}
{"level":"info","message":"Persisting migrated Actor record [zIr3NaNF0mWz5Ahq] of database \"dnd5e.monsters\".","timestamp":"2026-07-19 22:39:39"}
{"level":"info","message":"Persisting migrated Actor record [zY3W5MG7FjssENf6] of database \"dnd5e.monsters\".","timestamp":"2026-07-19 22:39:39"}
{"level":"info","message":"Persisting migrated Actor record [zgWkII3VoE4AHCND] of database \"dnd5e.monsters\".","timestamp":"2026-07-19 22:39:39"}
{"level":"info","message":"Persisting migrated Actor record [zjqjcRWKDMc59Tnx] of database \"dnd5e.monsters\".","timestamp":"2026-07-19 22:39:39"}
{"level":"info","message":"Persisting migrated Actor record [zpaZb7I8alY32vWV] of database \"dnd5e.monsters\".","timestamp":"2026-07-19 22:39:39"}
{"level":"info","message":"Persisting migrated Actor record [zwT2WjWo7cTm2631] of database \"dnd5e.monsters\".","timestamp":"2026-07-19 22:39:39"}
{"level":"info","message":"Completed migration of database \"dnd5e.monsters.\"","timestamp":"2026-07-19 22:39:39"}
{"level":"info","message":"Launching World | Migrating Package Data - 46%","timestamp":"2026-07-19 22:39:39"}
{"level":"info","message":"Migrated Item record [0G5LSgbb5NTV4XC7] of database \"dnd5e.items\".","timestamp":"2026-07-19 22:39:39"}
{"level":"info","message":"Migrated Item record [1J0dsxyKRhVXYQf5] of database \"dnd5e.items\".","timestamp":"2026-07-19 22:39:39"}
{"level":"info","message":"Migrated Item record [296Zgo9RhltWShE1] of database \"dnd5e.items\".","timestamp":"2026-07-19 22:39:39"}
{"level":"info","message":"Migrated Item record [2veAOEyfbDJuxR8Y] of database \"dnd5e.items\".","timestamp":"2026-07-19 22:39:39"}
{"level":"info","message":"Migrated Item record [3TWT5bv3z5zGUZCe] of database \"dnd5e.items\".","timestamp":"2026-07-19 22:39:39"}
{"level":"info","message":"Migrated Item record [3X7vdOjnCSpi40yn] of database \"dnd5e.items\".","timestamp":"2026-07-19 22:39:39"}
{"level":"info","message":"Migrated Item record [5SorTMl8NKDO9Yge] of database \"dnd5e.items\".","timestamp":"2026-07-19 22:39:39"}
{"level":"info","message":"Migrated Item record [9jMQEm99q1ttAV1Q] of database \"dnd5e.items\".","timestamp":"2026-07-19 22:39:39"}
{"level":"info","message":"Migrated Item record [DSHi7yT6OUyDoCcu] of database \"dnd5e.items\".","timestamp":"2026-07-19 22:39:39"}
{"level":"info","message":"Migrated Item record [ER75WHewYN04Zp11] of database \"dnd5e.items\".","timestamp":"2026-07-19 22:39:39"}
{"level":"info","message":"Migrated Item record [GcpXNc4dKUNw0Tk6] of database \"dnd5e.items\".","timestamp":"2026-07-19 22:39:39"}
{"level":"info","message":"Migrated Item record [HnIERWmmra74hSCw] of database \"dnd5e.items\".","timestamp":"2026-07-19 22:39:39"}
{"level":"info","message":"Migrated Item record [IpBBqr0r7JanyVn0] of database \"dnd5e.items\".","timestamp":"2026-07-19 22:39:39"}
{"level":"info","message":"Migrated Item record [IrC5LPbWNxlAQoK7] of database \"dnd5e.items\".","timestamp":"2026-07-19 22:39:39"}
{"level":"info","message":"Migrated Item record [IuVaBrq17AqxpXc4] of database \"dnd5e.items\".","timestamp":"2026-07-19 22:39:39"}
{"level":"info","message":"Migrated Item record [NRj0lC3SM03s1YB3] of database \"dnd5e.items\".","timestamp":"2026-07-19 22:39:39"}
{"level":"info","message":"Migrated Item record [OPbdSlrhkUDNpgcS] of database \"dnd5e.items\".","timestamp":"2026-07-19 22:39:39"}
{"level":"info","message":"Migrated Item record [ORKf6RRcalrdD6Qp] of database \"dnd5e.items\".","timestamp":"2026-07-19 22:39:39"}
{"level":"info","message":"Migrated Item record [PRhtLbRLb9LjHZG7] of database \"dnd5e.items\".","timestamp":"2026-07-19 22:39:39"}
{"level":"info","message":"Migrated Item record [Q4Iy6hqREsbk9yG7] of database \"dnd5e.items\".","timestamp":"2026-07-19 22:39:39"}
{"level":"info","message":"Migrated Item record [Q7E6MgPzVkwBeZ6l] of database \"dnd5e.items\".","timestamp":"2026-07-19 22:39:39"}
{"level":"info","message":"Migrated Item record [QtmVEreNIWEVOoLR] of database \"dnd5e.items\".","timestamp":"2026-07-19 22:39:39"}
{"level":"info","message":"Migrated Item record [RDPFmUR9exTEXFc8] of database \"dnd5e.items\".","timestamp":"2026-07-19 22:39:39"}
{"level":"info","message":"Migrated Item record [ScxK8YNU5dWELhlQ] of database \"dnd5e.items\".","timestamp":"2026-07-19 22:39:39"}
{"level":"info","message":"Migrated Item record [VwJjuNbBf2KHMPrY] of database \"dnd5e.items\".","timestamp":"2026-07-19 22:39:39"}
{"level":"info","message":"Migrated Item record [WO8DLfz3G2QZ5njs] of database \"dnd5e.items\".","timestamp":"2026-07-19 22:39:39"}
{"level":"info","message":"Migrated Item record [XJ8CG4UvLELCmOi2] of database \"dnd5e.items\".","timestamp":"2026-07-19 22:39:39"}
{"level":"info","message":"Migrated Item record [YeLz5OxRNxmvHJId] of database \"dnd5e.items\".","timestamp":"2026-07-19 22:39:39"}
{"level":"info","message":"Migrated Item record [ZYEqOSY9BLZs2GPx] of database \"dnd5e.items\".","timestamp":"2026-07-19 22:39:39"}
{"level":"info","message":"Migrated Item record [aA7MbjnpHYoYvmuW] of database \"dnd5e.items\".","timestamp":"2026-07-19 22:39:39"}
{"level":"info","message":"Migrated Item record [bq9YKwEHLQ7p7ric] of database \"dnd5e.items\".","timestamp":"2026-07-19 22:39:39"}
{"level":"info","message":"Migrated Item record [caEn3ixCUFBnHTx6] of database \"dnd5e.items\".","timestamp":"2026-07-19 22:39:39"}
{"level":"info","message":"Migrated Item record [eM5gEe4SEOvA2Y9t] of database \"dnd5e.items\".","timestamp":"2026-07-19 22:39:39"}
{"level":"info","message":"Migrated Item record [eTNc8XPtvZNe3yQs] of database \"dnd5e.items\".","timestamp":"2026-07-19 22:39:39"}
{"level":"info","message":"Migrated Item record [fCUZ7h8YYrs16UhX] of database \"dnd5e.items\".","timestamp":"2026-07-19 22:39:39"}
{"level":"info","message":"Migrated Item record [fvezXwRJ5PqUf5NN] of database \"dnd5e.items\".","timestamp":"2026-07-19 22:39:39"}
{"level":"info","message":"Migrated Item record [hDF4RSCzMO8iI14x] of database \"dnd5e.items\".","timestamp":"2026-07-19 22:39:39"}
{"level":"info","message":"Migrated Item record [hSY1b8yi8JWw2blf] of database \"dnd5e.items\".","timestamp":"2026-07-19 22:39:39"}
{"level":"info","message":"Migrated Item record [ig5DOQtQYJPXJId4] of database \"dnd5e.items\".","timestamp":"2026-07-19 22:39:39"}
{"level":"info","message":"Migrated Item record [iiQxTvDOhPGW5spF] of database \"dnd5e.items\".","timestamp":"2026-07-19 22:39:39"}
{"level":"info","message":"Migrated Item record [j2ZGEwx8MhHZXds4] of database \"dnd5e.items\".","timestamp":"2026-07-19 22:39:39"}
{"level":"info","message":"Migrated Item record [k3T7tpcdzDyVKlF4] of database \"dnd5e.items\".","timestamp":"2026-07-19 22:39:39"}
{"level":"info","message":"Migrated Item record [l3V7V8VCXpmAAysQ] of database \"dnd5e.items\".","timestamp":"2026-07-19 22:39:39"}
{"level":"info","message":"Migrated Item record [lsiR1hVfISlC5YoB] of database \"dnd5e.items\".","timestamp":"2026-07-19 22:39:39"}
{"level":"info","message":"Migrated Item record [lvaMqEhfidfHDGf5] of database \"dnd5e.items\".","timestamp":"2026-07-19 22:39:39"}
{"level":"info","message":"Migrated Item record [mr96Z8YTI490ExhP] of database \"dnd5e.items\".","timestamp":"2026-07-19 22:39:39"}
{"level":"info","message":"Migrated Item record [nk2MH16KcZmKp7FQ] of database \"dnd5e.items\".","timestamp":"2026-07-19 22:39:39"}
{"level":"info","message":"Migrated Item record [qMGkmzfLHfXd7DiJ] of database \"dnd5e.items\".","timestamp":"2026-07-19 22:39:39"}
{"level":"info","message":"Migrated Item record [v4uNbmiz4ECTI89n] of database \"dnd5e.items\".","timestamp":"2026-07-19 22:39:39"}
{"level":"info","message":"Migrated Item record [wBYmPQG3nZfD88aP] of database \"dnd5e.items\".","timestamp":"2026-07-19 22:39:39"}
{"level":"info","message":"Migrated Item record [wGDDt17DpBcXPuUD] of database \"dnd5e.items\".","timestamp":"2026-07-19 22:39:39"}
{"level":"info","message":"Migrated Item record [xEtBeZjJnkDXojQM] of database \"dnd5e.items\".","timestamp":"2026-07-19 22:39:39"}
{"level":"info","message":"Persisting migrated Item record [0G5LSgbb5NTV4XC7] of database \"dnd5e.items\".","timestamp":"2026-07-19 22:39:39"}
{"level":"info","message":"Persisting migrated Item record [1J0dsxyKRhVXYQf5] of database \"dnd5e.items\".","timestamp":"2026-07-19 22:39:39"}
{"level":"info","message":"Persisting migrated Item record [296Zgo9RhltWShE1] of database \"dnd5e.items\".","timestamp":"2026-07-19 22:39:39"}
{"level":"info","message":"Persisting migrated Item record [2veAOEyfbDJuxR8Y] of database \"dnd5e.items\".","timestamp":"2026-07-19 22:39:39"}
{"level":"info","message":"Persisting migrated Item record [3TWT5bv3z5zGUZCe] of database \"dnd5e.items\".","timestamp":"2026-07-19 22:39:39"}
{"level":"info","message":"Persisting migrated Item record [3X7vdOjnCSpi40yn] of database \"dnd5e.items\".","timestamp":"2026-07-19 22:39:39"}
{"level":"info","message":"Persisting migrated Item record [5SorTMl8NKDO9Yge] of database \"dnd5e.items\".","timestamp":"2026-07-19 22:39:39"}
{"level":"info","message":"Persisting migrated Item record [9jMQEm99q1ttAV1Q] of database \"dnd5e.items\".","timestamp":"2026-07-19 22:39:39"}
{"level":"info","message":"Persisting migrated Item record [DSHi7yT6OUyDoCcu] of database \"dnd5e.items\".","timestamp":"2026-07-19 22:39:39"}
{"level":"info","message":"Persisting migrated Item record [ER75WHewYN04Zp11] of database \"dnd5e.items\".","timestamp":"2026-07-19 22:39:39"}
{"level":"info","message":"Persisting migrated Item record [GcpXNc4dKUNw0Tk6] of database \"dnd5e.items\".","timestamp":"2026-07-19 22:39:39"}
{"level":"info","message":"Persisting migrated Item record [HnIERWmmra74hSCw] of database \"dnd5e.items\".","timestamp":"2026-07-19 22:39:39"}
{"level":"info","message":"Persisting migrated Item record [IpBBqr0r7JanyVn0] of database \"dnd5e.items\".","timestamp":"2026-07-19 22:39:39"}
{"level":"info","message":"Persisting migrated Item record [IrC5LPbWNxlAQoK7] of database \"dnd5e.items\".","timestamp":"2026-07-19 22:39:39"}
{"level":"info","message":"Persisting migrated Item record [IuVaBrq17AqxpXc4] of database \"dnd5e.items\".","timestamp":"2026-07-19 22:39:39"}
{"level":"info","message":"Persisting migrated Item record [NRj0lC3SM03s1YB3] of database \"dnd5e.items\".","timestamp":"2026-07-19 22:39:39"}
{"level":"info","message":"Persisting migrated Item record [OPbdSlrhkUDNpgcS] of database \"dnd5e.items\".","timestamp":"2026-07-19 22:39:39"}
{"level":"info","message":"Persisting migrated Item record [ORKf6RRcalrdD6Qp] of database \"dnd5e.items\".","timestamp":"2026-07-19 22:39:39"}
{"level":"info","message":"Persisting migrated Item record [PRhtLbRLb9LjHZG7] of database \"dnd5e.items\".","timestamp":"2026-07-19 22:39:39"}
{"level":"info","message":"Persisting migrated Item record [Q4Iy6hqREsbk9yG7] of database \"dnd5e.items\".","timestamp":"2026-07-19 22:39:39"}
{"level":"info","message":"Persisting migrated Item record [Q7E6MgPzVkwBeZ6l] of database \"dnd5e.items\".","timestamp":"2026-07-19 22:39:39"}
{"level":"info","message":"Persisting migrated Item record [QtmVEreNIWEVOoLR] of database \"dnd5e.items\".","timestamp":"2026-07-19 22:39:39"}
{"level":"info","message":"Persisting migrated Item record [RDPFmUR9exTEXFc8] of database \"dnd5e.items\".","timestamp":"2026-07-19 22:39:39"}
{"level":"info","message":"Persisting migrated Item record [ScxK8YNU5dWELhlQ] of database \"dnd5e.items\".","timestamp":"2026-07-19 22:39:39"}
{"level":"info","message":"Persisting migrated Item record [VwJjuNbBf2KHMPrY] of database \"dnd5e.items\".","timestamp":"2026-07-19 22:39:39"}
{"level":"info","message":"Persisting migrated Item record [WO8DLfz3G2QZ5njs] of database \"dnd5e.items\".","timestamp":"2026-07-19 22:39:39"}
{"level":"info","message":"Persisting migrated Item record [XJ8CG4UvLELCmOi2] of database \"dnd5e.items\".","timestamp":"2026-07-19 22:39:39"}
{"level":"info","message":"Persisting migrated Item record [YeLz5OxRNxmvHJId] of database \"dnd5e.items\".","timestamp":"2026-07-19 22:39:39"}
{"level":"info","message":"Persisting migrated Item record [ZYEqOSY9BLZs2GPx] of database \"dnd5e.items\".","timestamp":"2026-07-19 22:39:39"}
{"level":"info","message":"Persisting migrated Item record [aA7MbjnpHYoYvmuW] of database \"dnd5e.items\".","timestamp":"2026-07-19 22:39:39"}
{"level":"info","message":"Persisting migrated Item record [bq9YKwEHLQ7p7ric] of database \"dnd5e.items\".","timestamp":"2026-07-19 22:39:39"}
{"level":"info","message":"Persisting migrated Item record [caEn3ixCUFBnHTx6] of database \"dnd5e.items\".","timestamp":"2026-07-19 22:39:39"}
{"level":"info","message":"Persisting migrated Item record [eM5gEe4SEOvA2Y9t] of database \"dnd5e.items\".","timestamp":"2026-07-19 22:39:39"}
{"level":"info","message":"Persisting migrated Item record [eTNc8XPtvZNe3yQs] of database \"dnd5e.items\".","timestamp":"2026-07-19 22:39:39"}
{"level":"info","message":"Persisting migrated Item record [fCUZ7h8YYrs16UhX] of database \"dnd5e.items\".","timestamp":"2026-07-19 22:39:39"}
{"level":"info","message":"Persisting migrated Item record [fvezXwRJ5PqUf5NN] of database \"dnd5e.items\".","timestamp":"2026-07-19 22:39:39"}
{"level":"info","message":"Persisting migrated Item record [hDF4RSCzMO8iI14x] of database \"dnd5e.items\".","timestamp":"2026-07-19 22:39:39"}
{"level":"info","message":"Persisting migrated Item record [hSY1b8yi8JWw2blf] of database \"dnd5e.items\".","timestamp":"2026-07-19 22:39:39"}
{"level":"info","message":"Persisting migrated Item record [ig5DOQtQYJPXJId4] of database \"dnd5e.items\".","timestamp":"2026-07-19 22:39:39"}
{"level":"info","message":"Persisting migrated Item record [iiQxTvDOhPGW5spF] of database \"dnd5e.items\".","timestamp":"2026-07-19 22:39:39"}
{"level":"info","message":"Persisting migrated Item record [j2ZGEwx8MhHZXds4] of database \"dnd5e.items\".","timestamp":"2026-07-19 22:39:39"}
{"level":"info","message":"Persisting migrated Item record [k3T7tpcdzDyVKlF4] of database \"dnd5e.items\".","timestamp":"2026-07-19 22:39:39"}
{"level":"info","message":"Persisting migrated Item record [l3V7V8VCXpmAAysQ] of database \"dnd5e.items\".","timestamp":"2026-07-19 22:39:39"}
{"level":"info","message":"Persisting migrated Item record [lsiR1hVfISlC5YoB] of database \"dnd5e.items\".","timestamp":"2026-07-19 22:39:39"}
{"level":"info","message":"Persisting migrated Item record [lvaMqEhfidfHDGf5] of database \"dnd5e.items\".","timestamp":"2026-07-19 22:39:39"}
{"level":"info","message":"Persisting migrated Item record [mr96Z8YTI490ExhP] of database \"dnd5e.items\".","timestamp":"2026-07-19 22:39:39"}
{"level":"info","message":"Persisting migrated Item record [nk2MH16KcZmKp7FQ] of database \"dnd5e.items\".","timestamp":"2026-07-19 22:39:39"}
{"level":"info","message":"Persisting migrated Item record [qMGkmzfLHfXd7DiJ] of database \"dnd5e.items\".","timestamp":"2026-07-19 22:39:39"}
{"level":"info","message":"Persisting migrated Item record [v4uNbmiz4ECTI89n] of database \"dnd5e.items\".","timestamp":"2026-07-19 22:39:39"}
{"level":"info","message":"Persisting migrated Item record [wBYmPQG3nZfD88aP] of database \"dnd5e.items\".","timestamp":"2026-07-19 22:39:39"}
{"level":"info","message":"Persisting migrated Item record [wGDDt17DpBcXPuUD] of database \"dnd5e.items\".","timestamp":"2026-07-19 22:39:39"}
{"level":"info","message":"Persisting migrated Item record [xEtBeZjJnkDXojQM] of database \"dnd5e.items\".","timestamp":"2026-07-19 22:39:39"}
{"level":"info","message":"Completed migration of database \"dnd5e.items.\"","timestamp":"2026-07-19 22:39:39"}
{"level":"info","message":"Launching World | Migrating Package Data - 49%","timestamp":"2026-07-19 22:39:39"}
{"level":"info","message":"Launching World | Migrating Package Data - 51%","timestamp":"2026-07-19 22:39:39"}
{"level":"info","message":"Migrated Item record [04nMsTWkIFvkbXlY] of database \"dnd5e.spells\".","timestamp":"2026-07-19 22:39:39"}
{"level":"info","message":"Migrated Item record [0xmXiPiuYws1OGcX] of database \"dnd5e.spells\".","timestamp":"2026-07-19 22:39:39"}
{"level":"info","message":"Migrated Item record [1N8dDMMgZ1h1YJ3B] of database \"dnd5e.spells\".","timestamp":"2026-07-19 22:39:39"}
{"level":"info","message":"Migrated Item record [2skfDtglk1mGrb3l] of database \"dnd5e.spells\".","timestamp":"2026-07-19 22:39:39"}
{"level":"info","message":"Migrated Item record [35j2QIMmIk6aEdxj] of database \"dnd5e.spells\".","timestamp":"2026-07-19 22:39:39"}
{"level":"info","message":"Migrated Item record [3Lo9boi7P2ro6QV4] of database \"dnd5e.spells\".","timestamp":"2026-07-19 22:39:39"}
{"level":"info","message":"Migrated Item record [4dSvfvTy2ZIJ3K4k] of database \"dnd5e.spells\".","timestamp":"2026-07-19 22:39:39"}
{"level":"info","message":"Migrated Item record [6g3WLOZ2u0EbaLAd] of database \"dnd5e.spells\".","timestamp":"2026-07-19 22:39:39"}
{"level":"info","message":"Migrated Item record [7buEm5KhI5lP8m1z] of database \"dnd5e.spells\".","timestamp":"2026-07-19 22:39:39"}
{"level":"info","message":"Migrated Item record [7e3QXF10hLNDEdr6] of database \"dnd5e.spells\".","timestamp":"2026-07-19 22:39:39"}
{"level":"info","message":"Migrated Item record [8MICCMeOXT3aJUy9] of database \"dnd5e.spells\".","timestamp":"2026-07-19 22:39:39"}
{"level":"info","message":"Migrated Item record [8dzaICjGy6mTUaUr] of database \"dnd5e.spells\".","timestamp":"2026-07-19 22:39:39"}
{"level":"info","message":"Migrated Item record [91Sw6vOIaO7U8DvM] of database \"dnd5e.spells\".","timestamp":"2026-07-19 22:39:39"}
{"level":"info","message":"Migrated Item record [95K2aUhAGV9qXjnf] of database \"dnd5e.spells\".","timestamp":"2026-07-19 22:39:39"}
{"level":"info","message":"Migrated Item record [B0pnIcc52O6G8hi8] of database \"dnd5e.spells\".","timestamp":"2026-07-19 22:39:39"}
{"level":"info","message":"Migrated Item record [B2kbmgbA2WQR00kx] of database \"dnd5e.spells\".","timestamp":"2026-07-19 22:39:39"}
{"level":"info","message":"Migrated Item record [BQk5Row4NymMnUQl] of database \"dnd5e.spells\".","timestamp":"2026-07-19 22:39:39"}
{"level":"info","message":"Migrated Item record [BYNvBJzHcF5VJhXw] of database \"dnd5e.spells\".","timestamp":"2026-07-19 22:39:39"}
{"level":"info","message":"Migrated Item record [CKZTpZlxj7hjjo2H] of database \"dnd5e.spells\".","timestamp":"2026-07-19 22:39:39"}
{"level":"info","message":"Migrated Item record [DGONTFbk5eORs5qv] of database \"dnd5e.spells\".","timestamp":"2026-07-19 22:39:39"}
{"level":"info","message":"Migrated Item record [GJ2WYm3SQFR0winH] of database \"dnd5e.spells\".","timestamp":"2026-07-19 22:39:39"}
{"level":"info","message":"Migrated Item record [JGT5bNqu9REL7Fuz] of database \"dnd5e.spells\".","timestamp":"2026-07-19 22:39:39"}
{"level":"info","message":"Migrated Item record [JPwIEfgUPVebr5AH] of database \"dnd5e.spells\".","timestamp":"2026-07-19 22:39:39"}
{"level":"info","message":"Migrated Item record [JQyigMNPiDnGI18b] of database \"dnd5e.spells\".","timestamp":"2026-07-19 22:39:39"}
{"level":"info","message":"Migrated Item record [KJRVzeMQXPj8Gtyx] of database \"dnd5e.spells\".","timestamp":"2026-07-19 22:39:39"}
{"level":"info","message":"Migrated Item record [KhwiSi9fwVfUPtku] of database \"dnd5e.spells\".","timestamp":"2026-07-19 22:39:39"}
{"level":"info","message":"Migrated Item record [LWTUqKkUQdMAmOe0] of database \"dnd5e.spells\".","timestamp":"2026-07-19 22:39:39"}
{"level":"info","message":"Migrated Item record [LrPvWHBPmiMQQsKB] of database \"dnd5e.spells\".","timestamp":"2026-07-19 22:39:39"}
{"level":"info","message":"Migrated Item record [MAxM77CDUu8dgIRQ] of database \"dnd5e.spells\".","timestamp":"2026-07-19 22:39:39"}
{"level":"info","message":"Migrated Item record [Mzh95utKDPIrjiH8] of database \"dnd5e.spells\".","timestamp":"2026-07-19 22:39:39"}
{"level":"info","message":"Migrated Item record [P7mF2MxSuVJwHRRY] of database \"dnd5e.spells\".","timestamp":"2026-07-19 22:39:39"}
{"level":"info","message":"Migrated Item record [ReMbjfeOKoSj3O79] of database \"dnd5e.spells\".","timestamp":"2026-07-19 22:39:39"}
{"level":"info","message":"Migrated Item record [Sgjrf8qqv97CCWM4] of database \"dnd5e.spells\".","timestamp":"2026-07-19 22:39:39"}
{"level":"info","message":"Migrated Item record [Szvk5FEVQW3uhJi5] of database \"dnd5e.spells\".","timestamp":"2026-07-19 22:39:39"}
{"level":"info","message":"Migrated Item record [T1vpZLam7LezjToj] of database \"dnd5e.spells\".","timestamp":"2026-07-19 22:39:39"}
{"level":"info","message":"Migrated Item record [VzgFzcmocr1X1cp4] of database \"dnd5e.spells\".","timestamp":"2026-07-19 22:39:39"}
{"level":"info","message":"Migrated Item record [XXUDGFELgoskdOD0] of database \"dnd5e.spells\".","timestamp":"2026-07-19 22:39:39"}
{"level":"info","message":"Migrated Item record [XvbiNhNqXXIFisIy] of database \"dnd5e.spells\".","timestamp":"2026-07-19 22:39:39"}
{"level":"info","message":"Migrated Item record [ZRqu3Xh9FmlBCZGy] of database \"dnd5e.spells\".","timestamp":"2026-07-19 22:39:39"}
{"level":"info","message":"Migrated Item record [ZU9d6woBdUP8pIPt] of database \"dnd5e.spells\".","timestamp":"2026-07-19 22:39:39"}
{"level":"info","message":"Migrated Item record [ZrTc23tToJ0JpH2h] of database \"dnd5e.spells\".","timestamp":"2026-07-19 22:39:40"}
{"level":"info","message":"Migrated Item record [aL1F8fvYLtNzUbKu] of database \"dnd5e.spells\".","timestamp":"2026-07-19 22:39:40"}
{"level":"info","message":"Migrated Item record [arzCrMRgcNiQuh43] of database \"dnd5e.spells\".","timestamp":"2026-07-19 22:39:40"}
{"level":"info","message":"Migrated Item record [avD5XUtkBPQQR97c] of database \"dnd5e.spells\".","timestamp":"2026-07-19 22:39:40"}
{"level":"info","message":"Migrated Item record [cdrYKaFi98YWaBMw] of database \"dnd5e.spells\".","timestamp":"2026-07-19 22:39:40"}
{"level":"info","message":"Migrated Item record [ctW81uiX56xZR2c5] of database \"dnd5e.spells\".","timestamp":"2026-07-19 22:39:40"}
{"level":"info","message":"Migrated Item record [da0a1t2FqaTjRZGT] of database \"dnd5e.spells\".","timestamp":"2026-07-19 22:39:40"}
{"level":"info","message":"Migrated Item record [dl8YwvMboBqX2OC4] of database \"dnd5e.spells\".","timestamp":"2026-07-19 22:39:40"}
{"level":"info","message":"Migrated Item record [eEpy1ONlXumKS1mp] of database \"dnd5e.spells\".","timestamp":"2026-07-19 22:39:40"}
{"level":"info","message":"Migrated Item record [eGMhwmuleAM46C6L] of database \"dnd5e.spells\".","timestamp":"2026-07-19 22:39:40"}
{"level":"info","message":"Migrated Item record [eS7XnnApoxRxYXPs] of database \"dnd5e.spells\".","timestamp":"2026-07-19 22:39:40"}
{"level":"info","message":"Migrated Item record [gMrWeG8fMDPRFiVe] of database \"dnd5e.spells\".","timestamp":"2026-07-19 22:39:40"}
{"level":"info","message":"Migrated Item record [ge3Saet9zPTDyaoL] of database \"dnd5e.spells\".","timestamp":"2026-07-19 22:39:40"}
{"level":"info","message":"Migrated Item record [ghXTfe7sgCbgf1Q8] of database \"dnd5e.spells\".","timestamp":"2026-07-19 22:39:40"}
{"level":"info","message":"Migrated Item record [gvdA9nPuWLck4tBl] of database \"dnd5e.spells\".","timestamp":"2026-07-19 22:39:40"}
{"level":"info","message":"Migrated Item record [hDOENzjuj5WpLq7B] of database \"dnd5e.spells\".","timestamp":"2026-07-19 22:39:40"}
{"level":"info","message":"Migrated Item record [hJ6ZiA3fpoY8v9cp] of database \"dnd5e.spells\".","timestamp":"2026-07-19 22:39:40"}
{"level":"info","message":"Migrated Item record [hYCrN82dMJFuJODB] of database \"dnd5e.spells\".","timestamp":"2026-07-19 22:39:40"}
{"level":"info","message":"Migrated Item record [jZ6JNykRtdQ90MOo] of database \"dnd5e.spells\".","timestamp":"2026-07-19 22:39:40"}
{"level":"info","message":"Migrated Item record [kozNy29b0X6exFhY] of database \"dnd5e.spells\".","timestamp":"2026-07-19 22:39:40"}
{"level":"info","message":"Migrated Item record [l9Ju5KE7bbn3WpTm] of database \"dnd5e.spells\".","timestamp":"2026-07-19 22:39:40"}
{"level":"info","message":"Migrated Item record [mGGlcLdggHwcL7MG] of database \"dnd5e.spells\".","timestamp":"2026-07-19 22:39:40"}
{"level":"info","message":"Migrated Item record [mgFqi0ev8f7Ut19y] of database \"dnd5e.spells\".","timestamp":"2026-07-19 22:39:40"}
{"level":"info","message":"Migrated Item record [nqBDWkVOfcGZt4YU] of database \"dnd5e.spells\".","timestamp":"2026-07-19 22:39:40"}
{"level":"info","message":"Migrated Item record [pO4zGe5LmFIYqJiL] of database \"dnd5e.spells\".","timestamp":"2026-07-19 22:39:40"}
{"level":"info","message":"Migrated Item record [pub0OWVEB71XQx1n] of database \"dnd5e.spells\".","timestamp":"2026-07-19 22:39:40"}
{"level":"info","message":"Migrated Item record [pxpb2eOB6bv4phAf] of database \"dnd5e.spells\".","timestamp":"2026-07-19 22:39:40"}
{"level":"info","message":"Migrated Item record [tEpDmYZNGc9f5OhJ] of database \"dnd5e.spells\".","timestamp":"2026-07-19 22:39:40"}
{"level":"info","message":"Migrated Item record [vrN18tbTw7io5MWd] of database \"dnd5e.spells\".","timestamp":"2026-07-19 22:39:40"}
{"level":"info","message":"Migrated Item record [xmDBqZhRVrtLP8h2] of database \"dnd5e.spells\".","timestamp":"2026-07-19 22:39:40"}
{"level":"info","message":"Migrated Item record [yqUDoxk4x0NWG5Bz] of database \"dnd5e.spells\".","timestamp":"2026-07-19 22:39:40"}
{"level":"info","message":"Migrated Item record [z1mx84ONwkXKUZd7] of database \"dnd5e.spells\".","timestamp":"2026-07-19 22:39:40"}
{"level":"info","message":"Migrated Item record [zPGohqJRir6MyQ3U] of database \"dnd5e.spells\".","timestamp":"2026-07-19 22:39:40"}
{"level":"info","message":"Migrated Item record [zwGsAv6kmwzYGhh3] of database \"dnd5e.spells\".","timestamp":"2026-07-19 22:39:40"}
{"level":"info","message":"Persisting migrated Item record [04nMsTWkIFvkbXlY] of database \"dnd5e.spells\".","timestamp":"2026-07-19 22:39:40"}
{"level":"info","message":"Persisting migrated Item record [0xmXiPiuYws1OGcX] of database \"dnd5e.spells\".","timestamp":"2026-07-19 22:39:40"}
{"level":"info","message":"Persisting migrated Item record [1N8dDMMgZ1h1YJ3B] of database \"dnd5e.spells\".","timestamp":"2026-07-19 22:39:40"}
{"level":"info","message":"Persisting migrated Item record [2skfDtglk1mGrb3l] of database \"dnd5e.spells\".","timestamp":"2026-07-19 22:39:40"}
{"level":"info","message":"Persisting migrated Item record [35j2QIMmIk6aEdxj] of database \"dnd5e.spells\".","timestamp":"2026-07-19 22:39:40"}
{"level":"info","message":"Persisting migrated Item record [3Lo9boi7P2ro6QV4] of database \"dnd5e.spells\".","timestamp":"2026-07-19 22:39:40"}
{"level":"info","message":"Persisting migrated Item record [4dSvfvTy2ZIJ3K4k] of database \"dnd5e.spells\".","timestamp":"2026-07-19 22:39:40"}
{"level":"info","message":"Persisting migrated Item record [6g3WLOZ2u0EbaLAd] of database \"dnd5e.spells\".","timestamp":"2026-07-19 22:39:40"}
{"level":"info","message":"Persisting migrated Item record [7buEm5KhI5lP8m1z] of database \"dnd5e.spells\".","timestamp":"2026-07-19 22:39:40"}
{"level":"info","message":"Persisting migrated Item record [7e3QXF10hLNDEdr6] of database \"dnd5e.spells\".","timestamp":"2026-07-19 22:39:40"}
{"level":"info","message":"Persisting migrated Item record [8MICCMeOXT3aJUy9] of database \"dnd5e.spells\".","timestamp":"2026-07-19 22:39:40"}
{"level":"info","message":"Persisting migrated Item record [8dzaICjGy6mTUaUr] of database \"dnd5e.spells\".","timestamp":"2026-07-19 22:39:40"}
{"level":"info","message":"Persisting migrated Item record [91Sw6vOIaO7U8DvM] of database \"dnd5e.spells\".","timestamp":"2026-07-19 22:39:40"}
{"level":"info","message":"Persisting migrated Item record [95K2aUhAGV9qXjnf] of database \"dnd5e.spells\".","timestamp":"2026-07-19 22:39:40"}
{"level":"info","message":"Persisting migrated Item record [B0pnIcc52O6G8hi8] of database \"dnd5e.spells\".","timestamp":"2026-07-19 22:39:40"}
{"level":"info","message":"Persisting migrated Item record [B2kbmgbA2WQR00kx] of database \"dnd5e.spells\".","timestamp":"2026-07-19 22:39:40"}
{"level":"info","message":"Persisting migrated Item record [BQk5Row4NymMnUQl] of database \"dnd5e.spells\".","timestamp":"2026-07-19 22:39:40"}
{"level":"info","message":"Persisting migrated Item record [BYNvBJzHcF5VJhXw] of database \"dnd5e.spells\".","timestamp":"2026-07-19 22:39:40"}
{"level":"info","message":"Persisting migrated Item record [CKZTpZlxj7hjjo2H] of database \"dnd5e.spells\".","timestamp":"2026-07-19 22:39:40"}
{"level":"info","message":"Persisting migrated Item record [DGONTFbk5eORs5qv] of database \"dnd5e.spells\".","timestamp":"2026-07-19 22:39:40"}
{"level":"info","message":"Persisting migrated Item record [GJ2WYm3SQFR0winH] of database \"dnd5e.spells\".","timestamp":"2026-07-19 22:39:40"}
{"level":"info","message":"Persisting migrated Item record [JGT5bNqu9REL7Fuz] of database \"dnd5e.spells\".","timestamp":"2026-07-19 22:39:40"}
{"level":"info","message":"Persisting migrated Item record [JPwIEfgUPVebr5AH] of database \"dnd5e.spells\".","timestamp":"2026-07-19 22:39:40"}
{"level":"info","message":"Persisting migrated Item record [JQyigMNPiDnGI18b] of database \"dnd5e.spells\".","timestamp":"2026-07-19 22:39:40"}
{"level":"info","message":"Persisting migrated Item record [KJRVzeMQXPj8Gtyx] of database \"dnd5e.spells\".","timestamp":"2026-07-19 22:39:40"}
{"level":"info","message":"Persisting migrated Item record [KhwiSi9fwVfUPtku] of database \"dnd5e.spells\".","timestamp":"2026-07-19 22:39:40"}
{"level":"info","message":"Persisting migrated Item record [LWTUqKkUQdMAmOe0] of database \"dnd5e.spells\".","timestamp":"2026-07-19 22:39:40"}
{"level":"info","message":"Persisting migrated Item record [LrPvWHBPmiMQQsKB] of database \"dnd5e.spells\".","timestamp":"2026-07-19 22:39:40"}
{"level":"info","message":"Persisting migrated Item record [MAxM77CDUu8dgIRQ] of database \"dnd5e.spells\".","timestamp":"2026-07-19 22:39:40"}
{"level":"info","message":"Persisting migrated Item record [Mzh95utKDPIrjiH8] of database \"dnd5e.spells\".","timestamp":"2026-07-19 22:39:40"}
{"level":"info","message":"Persisting migrated Item record [P7mF2MxSuVJwHRRY] of database \"dnd5e.spells\".","timestamp":"2026-07-19 22:39:40"}
{"level":"info","message":"Persisting migrated Item record [ReMbjfeOKoSj3O79] of database \"dnd5e.spells\".","timestamp":"2026-07-19 22:39:40"}
{"level":"info","message":"Persisting migrated Item record [Sgjrf8qqv97CCWM4] of database \"dnd5e.spells\".","timestamp":"2026-07-19 22:39:40"}
{"level":"info","message":"Persisting migrated Item record [Szvk5FEVQW3uhJi5] of database \"dnd5e.spells\".","timestamp":"2026-07-19 22:39:40"}
{"level":"info","message":"Persisting migrated Item record [T1vpZLam7LezjToj] of database \"dnd5e.spells\".","timestamp":"2026-07-19 22:39:40"}
{"level":"info","message":"Persisting migrated Item record [VzgFzcmocr1X1cp4] of database \"dnd5e.spells\".","timestamp":"2026-07-19 22:39:40"}
{"level":"info","message":"Persisting migrated Item record [XXUDGFELgoskdOD0] of database \"dnd5e.spells\".","timestamp":"2026-07-19 22:39:40"}
{"level":"info","message":"Persisting migrated Item record [XvbiNhNqXXIFisIy] of database \"dnd5e.spells\".","timestamp":"2026-07-19 22:39:40"}
{"level":"info","message":"Persisting migrated Item record [ZRqu3Xh9FmlBCZGy] of database \"dnd5e.spells\".","timestamp":"2026-07-19 22:39:40"}
{"level":"info","message":"Persisting migrated Item record [ZU9d6woBdUP8pIPt] of database \"dnd5e.spells\".","timestamp":"2026-07-19 22:39:40"}
{"level":"info","message":"Persisting migrated Item record [ZrTc23tToJ0JpH2h] of database \"dnd5e.spells\".","timestamp":"2026-07-19 22:39:40"}
{"level":"info","message":"Persisting migrated Item record [aL1F8fvYLtNzUbKu] of database \"dnd5e.spells\".","timestamp":"2026-07-19 22:39:40"}
{"level":"info","message":"Persisting migrated Item record [arzCrMRgcNiQuh43] of database \"dnd5e.spells\".","timestamp":"2026-07-19 22:39:40"}
{"level":"info","message":"Persisting migrated Item record [avD5XUtkBPQQR97c] of database \"dnd5e.spells\".","timestamp":"2026-07-19 22:39:40"}
{"level":"info","message":"Persisting migrated Item record [cdrYKaFi98YWaBMw] of database \"dnd5e.spells\".","timestamp":"2026-07-19 22:39:40"}
{"level":"info","message":"Persisting migrated Item record [ctW81uiX56xZR2c5] of database \"dnd5e.spells\".","timestamp":"2026-07-19 22:39:40"}
{"level":"info","message":"Persisting migrated Item record [da0a1t2FqaTjRZGT] of database \"dnd5e.spells\".","timestamp":"2026-07-19 22:39:40"}
{"level":"info","message":"Persisting migrated Item record [dl8YwvMboBqX2OC4] of database \"dnd5e.spells\".","timestamp":"2026-07-19 22:39:40"}
{"level":"info","message":"Persisting migrated Item record [eEpy1ONlXumKS1mp] of database \"dnd5e.spells\".","timestamp":"2026-07-19 22:39:40"}
{"level":"info","message":"Persisting migrated Item record [eGMhwmuleAM46C6L] of database \"dnd5e.spells\".","timestamp":"2026-07-19 22:39:40"}
{"level":"info","message":"Persisting migrated Item record [eS7XnnApoxRxYXPs] of database \"dnd5e.spells\".","timestamp":"2026-07-19 22:39:40"}
{"level":"info","message":"Persisting migrated Item record [gMrWeG8fMDPRFiVe] of database \"dnd5e.spells\".","timestamp":"2026-07-19 22:39:40"}
{"level":"info","message":"Persisting migrated Item record [ge3Saet9zPTDyaoL] of database \"dnd5e.spells\".","timestamp":"2026-07-19 22:39:40"}
{"level":"info","message":"Persisting migrated Item record [ghXTfe7sgCbgf1Q8] of database \"dnd5e.spells\".","timestamp":"2026-07-19 22:39:40"}
{"level":"info","message":"Persisting migrated Item record [gvdA9nPuWLck4tBl] of database \"dnd5e.spells\".","timestamp":"2026-07-19 22:39:40"}
{"level":"info","message":"Persisting migrated Item record [hDOENzjuj5WpLq7B] of database \"dnd5e.spells\".","timestamp":"2026-07-19 22:39:40"}
{"level":"info","message":"Persisting migrated Item record [hJ6ZiA3fpoY8v9cp] of database \"dnd5e.spells\".","timestamp":"2026-07-19 22:39:40"}
{"level":"info","message":"Persisting migrated Item record [hYCrN82dMJFuJODB] of database \"dnd5e.spells\".","timestamp":"2026-07-19 22:39:40"}
{"level":"info","message":"Persisting migrated Item record [jZ6JNykRtdQ90MOo] of database \"dnd5e.spells\".","timestamp":"2026-07-19 22:39:40"}
{"level":"info","message":"Persisting migrated Item record [kozNy29b0X6exFhY] of database \"dnd5e.spells\".","timestamp":"2026-07-19 22:39:40"}
{"level":"info","message":"Persisting migrated Item record [l9Ju5KE7bbn3WpTm] of database \"dnd5e.spells\".","timestamp":"2026-07-19 22:39:40"}
{"level":"info","message":"Persisting migrated Item record [mGGlcLdggHwcL7MG] of database \"dnd5e.spells\".","timestamp":"2026-07-19 22:39:40"}
{"level":"info","message":"Persisting migrated Item record [mgFqi0ev8f7Ut19y] of database \"dnd5e.spells\".","timestamp":"2026-07-19 22:39:40"}
{"level":"info","message":"Persisting migrated Item record [nqBDWkVOfcGZt4YU] of database \"dnd5e.spells\".","timestamp":"2026-07-19 22:39:40"}
{"level":"info","message":"Persisting migrated Item record [pO4zGe5LmFIYqJiL] of database \"dnd5e.spells\".","timestamp":"2026-07-19 22:39:40"}
{"level":"info","message":"Persisting migrated Item record [pub0OWVEB71XQx1n] of database \"dnd5e.spells\".","timestamp":"2026-07-19 22:39:40"}
{"level":"info","message":"Persisting migrated Item record [pxpb2eOB6bv4phAf] of database \"dnd5e.spells\".","timestamp":"2026-07-19 22:39:40"}
{"level":"info","message":"Persisting migrated Item record [tEpDmYZNGc9f5OhJ] of database \"dnd5e.spells\".","timestamp":"2026-07-19 22:39:40"}
{"level":"info","message":"Persisting migrated Item record [vrN18tbTw7io5MWd] of database \"dnd5e.spells\".","timestamp":"2026-07-19 22:39:40"}
{"level":"info","message":"Persisting migrated Item record [xmDBqZhRVrtLP8h2] of database \"dnd5e.spells\".","timestamp":"2026-07-19 22:39:40"}
{"level":"info","message":"Persisting migrated Item record [yqUDoxk4x0NWG5Bz] of database \"dnd5e.spells\".","timestamp":"2026-07-19 22:39:40"}
{"level":"info","message":"Persisting migrated Item record [z1mx84ONwkXKUZd7] of database \"dnd5e.spells\".","timestamp":"2026-07-19 22:39:40"}
{"level":"info","message":"Persisting migrated Item record [zPGohqJRir6MyQ3U] of database \"dnd5e.spells\".","timestamp":"2026-07-19 22:39:40"}
{"level":"info","message":"Persisting migrated Item record [zwGsAv6kmwzYGhh3] of database \"dnd5e.spells\".","timestamp":"2026-07-19 22:39:40"}
{"level":"info","message":"Completed migration of database \"dnd5e.spells.\"","timestamp":"2026-07-19 22:39:40"}
{"level":"info","message":"Launching World | Migrating Package Data - 54%","timestamp":"2026-07-19 22:39:40"}
{"level":"info","message":"Launching World | Migrating Package Data - 56%","timestamp":"2026-07-19 22:39:40"}
{"level":"info","message":"Launching World | Migrating Package Data - 59%","timestamp":"2026-07-19 22:39:40"}
{"level":"info","message":"Launching World | Migrating Package Data - 61%","timestamp":"2026-07-19 22:39:40"}
{"level":"info","message":"Migrated Item record [3jwFt3hSqDswBlOH] of database \"dnd5e.classfeatures\".","timestamp":"2026-07-19 22:39:40"}
{"level":"info","message":"Migrated Item record [3sN91lT1R3oxcDKd] of database \"dnd5e.classfeatures\".","timestamp":"2026-07-19 22:39:40"}
{"level":"info","message":"Migrated Item record [7D2EkLdISwShEDlN] of database \"dnd5e.classfeatures\".","timestamp":"2026-07-19 22:39:40"}
{"level":"info","message":"Migrated Item record [8YwPFv3UAPjWVDNf] of database \"dnd5e.classfeatures\".","timestamp":"2026-07-19 22:39:40"}
{"level":"info","message":"Migrated Item record [9UZ2WjUF2k58CQug] of database \"dnd5e.classfeatures\".","timestamp":"2026-07-19 22:39:40"}
{"level":"info","message":"Migrated Item record [FAk41RPCTcvCk6KI] of database \"dnd5e.classfeatures\".","timestamp":"2026-07-19 22:39:40"}
{"level":"info","message":"Migrated Item record [Kl6zifJ5OmdHlOi2] of database \"dnd5e.classfeatures\".","timestamp":"2026-07-19 22:39:40"}
{"level":"info","message":"Migrated Item record [MW1ExvBLm8Hg82aA] of database \"dnd5e.classfeatures\".","timestamp":"2026-07-19 22:39:40"}
{"level":"info","message":"Migrated Item record [NlXslw4yAqmKZWtN] of database \"dnd5e.classfeatures\".","timestamp":"2026-07-19 22:39:40"}
{"level":"info","message":"Migrated Item record [OTvrJSJSUgAwXrWX] of database \"dnd5e.classfeatures\".","timestamp":"2026-07-19 22:39:40"}
{"level":"info","message":"Migrated Item record [SZbsNbaxFFGwBpNK] of database \"dnd5e.classfeatures\".","timestamp":"2026-07-19 22:39:40"}
{"level":"info","message":"Migrated Item record [UAvV7N7T4zJhxdfI] of database \"dnd5e.classfeatures\".","timestamp":"2026-07-19 22:39:40"}
{"level":"info","message":"Migrated Item record [VoR0SUrNX5EJVPIO] of database \"dnd5e.classfeatures\".","timestamp":"2026-07-19 22:39:40"}
{"level":"info","message":"Migrated Item record [YN9xm6MCvse4Y60u] of database \"dnd5e.classfeatures\".","timestamp":"2026-07-19 22:39:40"}
{"level":"info","message":"Migrated Item record [ezWijmCnlnQ9ZRX2] of database \"dnd5e.classfeatures\".","timestamp":"2026-07-19 22:39:40"}
{"level":"info","message":"Migrated Item record [hCop9uJrWhF1QPb4] of database \"dnd5e.classfeatures\".","timestamp":"2026-07-19 22:39:40"}
{"level":"info","message":"Migrated Item record [pvRc6GAu1ok6zihC] of database \"dnd5e.classfeatures\".","timestamp":"2026-07-19 22:39:40"}
{"level":"info","message":"Migrated Item record [r0unvWK0lPsDthDx] of database \"dnd5e.classfeatures\".","timestamp":"2026-07-19 22:39:40"}
{"level":"info","message":"Migrated Item record [zCeqyQ8uIPNdYJSW] of database \"dnd5e.classfeatures\".","timestamp":"2026-07-19 22:39:40"}
{"level":"info","message":"Migrated Item record [zSlV0O2rQMdoq6pB] of database \"dnd5e.classfeatures\".","timestamp":"2026-07-19 22:39:40"}
{"level":"info","message":"Persisting migrated Item record [3jwFt3hSqDswBlOH] of database \"dnd5e.classfeatures\".","timestamp":"2026-07-19 22:39:40"}
{"level":"info","message":"Persisting migrated Item record [3sN91lT1R3oxcDKd] of database \"dnd5e.classfeatures\".","timestamp":"2026-07-19 22:39:40"}
{"level":"info","message":"Persisting migrated Item record [7D2EkLdISwShEDlN] of database \"dnd5e.classfeatures\".","timestamp":"2026-07-19 22:39:40"}
{"level":"info","message":"Persisting migrated Item record [8YwPFv3UAPjWVDNf] of database \"dnd5e.classfeatures\".","timestamp":"2026-07-19 22:39:40"}
{"level":"info","message":"Persisting migrated Item record [9UZ2WjUF2k58CQug] of database \"dnd5e.classfeatures\".","timestamp":"2026-07-19 22:39:40"}
{"level":"info","message":"Persisting migrated Item record [FAk41RPCTcvCk6KI] of database \"dnd5e.classfeatures\".","timestamp":"2026-07-19 22:39:40"}
{"level":"info","message":"Persisting migrated Item record [Kl6zifJ5OmdHlOi2] of database \"dnd5e.classfeatures\".","timestamp":"2026-07-19 22:39:40"}
{"level":"info","message":"Persisting migrated Item record [MW1ExvBLm8Hg82aA] of database \"dnd5e.classfeatures\".","timestamp":"2026-07-19 22:39:40"}
{"level":"info","message":"Persisting migrated Item record [NlXslw4yAqmKZWtN] of database \"dnd5e.classfeatures\".","timestamp":"2026-07-19 22:39:40"}
{"level":"info","message":"Persisting migrated Item record [OTvrJSJSUgAwXrWX] of database \"dnd5e.classfeatures\".","timestamp":"2026-07-19 22:39:40"}
{"level":"info","message":"Persisting migrated Item record [SZbsNbaxFFGwBpNK] of database \"dnd5e.classfeatures\".","timestamp":"2026-07-19 22:39:40"}
{"level":"info","message":"Persisting migrated Item record [UAvV7N7T4zJhxdfI] of database \"dnd5e.classfeatures\".","timestamp":"2026-07-19 22:39:40"}
{"level":"info","message":"Persisting migrated Item record [VoR0SUrNX5EJVPIO] of database \"dnd5e.classfeatures\".","timestamp":"2026-07-19 22:39:40"}
{"level":"info","message":"Persisting migrated Item record [YN9xm6MCvse4Y60u] of database \"dnd5e.classfeatures\".","timestamp":"2026-07-19 22:39:40"}
{"level":"info","message":"Persisting migrated Item record [ezWijmCnlnQ9ZRX2] of database \"dnd5e.classfeatures\".","timestamp":"2026-07-19 22:39:40"}
{"level":"info","message":"Persisting migrated Item record [hCop9uJrWhF1QPb4] of database \"dnd5e.classfeatures\".","timestamp":"2026-07-19 22:39:40"}
{"level":"info","message":"Persisting migrated Item record [pvRc6GAu1ok6zihC] of database \"dnd5e.classfeatures\".","timestamp":"2026-07-19 22:39:40"}
{"level":"info","message":"Persisting migrated Item record [r0unvWK0lPsDthDx] of database \"dnd5e.classfeatures\".","timestamp":"2026-07-19 22:39:40"}
{"level":"info","message":"Persisting migrated Item record [zCeqyQ8uIPNdYJSW] of database \"dnd5e.classfeatures\".","timestamp":"2026-07-19 22:39:40"}
{"level":"info","message":"Persisting migrated Item record [zSlV0O2rQMdoq6pB] of database \"dnd5e.classfeatures\".","timestamp":"2026-07-19 22:39:40"}
{"level":"info","message":"Completed migration of database \"dnd5e.classfeatures.\"","timestamp":"2026-07-19 22:39:40"}
{"level":"info","message":"Launching World | Migrating Package Data - 63%","timestamp":"2026-07-19 22:39:40"}
{"level":"info","message":"Migrated Item record [0kUsT4sMUOr5FcoX] of database \"dnd5e.races\".","timestamp":"2026-07-19 22:39:40"}
{"level":"info","message":"Migrated Item record [PqxZgcJzp1VVgP8t] of database \"dnd5e.races\".","timestamp":"2026-07-19 22:39:40"}
{"level":"info","message":"Persisting migrated Item record [0kUsT4sMUOr5FcoX] of database \"dnd5e.races\".","timestamp":"2026-07-19 22:39:40"}
{"level":"info","message":"Persisting migrated Item record [PqxZgcJzp1VVgP8t] of database \"dnd5e.races\".","timestamp":"2026-07-19 22:39:40"}
{"level":"info","message":"Completed migration of database \"dnd5e.races.\"","timestamp":"2026-07-19 22:39:40"}
{"level":"info","message":"Launching World | Migrating Package Data - 66%","timestamp":"2026-07-19 22:39:40"}
{"level":"info","message":"Migrated Item record [mUwZfxiOyao1Xuxt] of database \"dnd5e.monsterfeatures\".","timestamp":"2026-07-19 22:39:40"}
{"level":"info","message":"Persisting migrated Item record [mUwZfxiOyao1Xuxt] of database \"dnd5e.monsterfeatures\".","timestamp":"2026-07-19 22:39:40"}
{"level":"info","message":"Completed migration of database \"dnd5e.monsterfeatures.\"","timestamp":"2026-07-19 22:39:40"}
{"level":"info","message":"Launching World | Migrating Package Data - 68%","timestamp":"2026-07-19 22:39:40"}
{"level":"info","message":"Launching World | Migrating Package Data - 71%","timestamp":"2026-07-19 22:39:40"}
{"level":"info","message":"Launching World | Migrating Package Data - 73%","timestamp":"2026-07-19 22:39:40"}
{"level":"info","message":"Migrated JournalEntry record [dmgEnsuringFunFo] of database \"dnd5e.content24\".","timestamp":"2026-07-19 22:39:40"}
{"level":"info","message":"Migrated JournalEntry record [dmgRunningCombat] of database \"dnd5e.content24\".","timestamp":"2026-07-19 22:39:40"}
{"level":"info","message":"Migrated JournalEntry record [dmgTheBasics0000] of database \"dnd5e.content24\".","timestamp":"2026-07-19 22:39:40"}
{"level":"info","message":"Migrated JournalEntry record [dmgTrackingSheet] of database \"dnd5e.content24\".","timestamp":"2026-07-19 22:39:40"}
{"level":"info","message":"Migrated JournalEntry record [mmAppendixMonste] of database \"dnd5e.content24\".","timestamp":"2026-07-19 22:39:40"}
{"level":"info","message":"Migrated JournalEntry record [mmMonsterManual1] of database \"dnd5e.content24\".","timestamp":"2026-07-19 22:39:40"}
{"level":"info","message":"Migrated JournalEntry record [phbAppendixBackg] of database \"dnd5e.content24\".","timestamp":"2026-07-19 22:39:40"}
{"level":"info","message":"Migrated JournalEntry record [phbAppendixClass] of database \"dnd5e.content24\".","timestamp":"2026-07-19 22:39:40"}
{"level":"info","message":"Migrated JournalEntry record [phbAppendixSpeci] of database \"dnd5e.content24\".","timestamp":"2026-07-19 22:39:40"}
{"level":"info","message":"Migrated JournalEntry record [phbIntroduction0] of database \"dnd5e.content24\".","timestamp":"2026-07-19 22:39:40"}
{"level":"info","message":"Persisting migrated JournalEntry record [dmgEnsuringFunFo] of database \"dnd5e.content24\".","timestamp":"2026-07-19 22:39:40"}
{"level":"info","message":"Persisting migrated JournalEntry record [dmgRunningCombat] of database \"dnd5e.content24\".","timestamp":"2026-07-19 22:39:40"}
{"level":"info","message":"Persisting migrated JournalEntry record [dmgTheBasics0000] of database \"dnd5e.content24\".","timestamp":"2026-07-19 22:39:40"}
{"level":"info","message":"Persisting migrated JournalEntry record [dmgTrackingSheet] of database \"dnd5e.content24\".","timestamp":"2026-07-19 22:39:40"}
{"level":"info","message":"Persisting migrated JournalEntry record [mmAppendixMonste] of database \"dnd5e.content24\".","timestamp":"2026-07-19 22:39:40"}
{"level":"info","message":"Persisting migrated JournalEntry record [mmMonsterManual1] of database \"dnd5e.content24\".","timestamp":"2026-07-19 22:39:40"}
{"level":"info","message":"Persisting migrated JournalEntry record [phbAppendixBackg] of database \"dnd5e.content24\".","timestamp":"2026-07-19 22:39:40"}
{"level":"info","message":"Persisting migrated JournalEntry record [phbAppendixClass] of database \"dnd5e.content24\".","timestamp":"2026-07-19 22:39:40"}
{"level":"info","message":"Persisting migrated JournalEntry record [phbAppendixSpeci] of database \"dnd5e.content24\".","timestamp":"2026-07-19 22:39:40"}
{"level":"info","message":"Persisting migrated JournalEntry record [phbIntroduction0] of database \"dnd5e.content24\".","timestamp":"2026-07-19 22:39:40"}
{"level":"info","message":"Completed migration of database \"dnd5e.content24.\"","timestamp":"2026-07-19 22:39:40"}
{"level":"info","message":"Launching World | Migrating Package Data - 76%","timestamp":"2026-07-19 22:39:40"}
{"level":"info","message":"Migrated Item record [phbDivineOrderPr] of database \"dnd5e.classes24\".","timestamp":"2026-07-19 22:39:40"}
{"level":"info","message":"Migrated Item record [phbDivineOrderTh] of database \"dnd5e.classes24\".","timestamp":"2026-07-19 22:39:40"}
{"level":"info","message":"Migrated Item record [phbPrimalOrderMa] of database \"dnd5e.classes24\".","timestamp":"2026-07-19 22:39:40"}
{"level":"info","message":"Migrated Item record [phbPrimalOrderWa] of database \"dnd5e.classes24\".","timestamp":"2026-07-19 22:39:40"}
{"level":"info","message":"Migrated Item record [phbbrbBrutalStri] of database \"dnd5e.classes24\".","timestamp":"2026-07-19 22:39:40"}
{"level":"info","message":"Migrated Item record [phbbrbDangerSens] of database \"dnd5e.classes24\".","timestamp":"2026-07-19 22:39:40"}
{"level":"info","message":"Migrated Item record [phbbrbFastMoveme] of database \"dnd5e.classes24\".","timestamp":"2026-07-19 22:39:40"}
{"level":"info","message":"Migrated Item record [phbbrbFeralInsti] of database \"dnd5e.classes24\".","timestamp":"2026-07-19 22:39:40"}
{"level":"info","message":"Migrated Item record [phbbrbImpBrutalS] of database \"dnd5e.classes24\".","timestamp":"2026-07-19 22:39:40"}
{"level":"info","message":"Migrated Item record [phbbrbIntimidati] of database \"dnd5e.classes24\".","timestamp":"2026-07-19 22:39:40"}
{"level":"info","message":"Migrated Item record [phbbrbMindlessRa] of database \"dnd5e.classes24\".","timestamp":"2026-07-19 22:39:40"}
{"level":"info","message":"Migrated Item record [phbbrbPrimalKnow] of database \"dnd5e.classes24\".","timestamp":"2026-07-19 22:39:40"}
{"level":"info","message":"Migrated Item record [phbbrbRage000000] of database \"dnd5e.classes24\".","timestamp":"2026-07-19 22:39:40"}
{"level":"info","message":"Migrated Item record [phbbrbRecklessAt] of database \"dnd5e.classes24\".","timestamp":"2026-07-19 22:39:40"}
{"level":"info","message":"Migrated Item record [phbbrbUnarmedStr] of database \"dnd5e.classes24\".","timestamp":"2026-07-19 22:39:40"}
{"level":"info","message":"Migrated Item record [phbbrbUnarmoredD] of database \"dnd5e.classes24\".","timestamp":"2026-07-19 22:39:40"}
{"level":"info","message":"Migrated Item record [phbbrdBardicInsp] of database \"dnd5e.classes24\".","timestamp":"2026-07-19 22:39:40"}
{"level":"info","message":"Migrated Item record [phbbrdJackOfAllT] of database \"dnd5e.classes24\".","timestamp":"2026-07-19 22:39:40"}
{"level":"info","message":"Migrated Item record [phbclcChannelDiv] of database \"dnd5e.classes24\".","timestamp":"2026-07-19 22:39:40"}
{"level":"info","message":"Migrated Item record [phbclcSearUndead] of database \"dnd5e.classes24\".","timestamp":"2026-07-19 22:39:40"}
{"level":"info","message":"Migrated Item record [phbdrdNaturesSan] of database \"dnd5e.classes24\".","timestamp":"2026-07-19 22:39:40"}
{"level":"info","message":"Migrated Item record [phbdrdNaturesWar] of database \"dnd5e.classes24\".","timestamp":"2026-07-19 22:39:40"}
{"level":"info","message":"Migrated Item record [phbftrImprovedCr] of database \"dnd5e.classes24\".","timestamp":"2026-07-19 22:39:40"}
{"level":"info","message":"Migrated Item record [phbftrRemarkable] of database \"dnd5e.classes24\".","timestamp":"2026-07-19 22:39:40"}
{"level":"info","message":"Migrated Item record [phbftrSuperiorCr] of database \"dnd5e.classes24\".","timestamp":"2026-07-19 22:39:40"}
{"level":"info","message":"Migrated Item record [phbftrTacticalMa] of database \"dnd5e.classes24\".","timestamp":"2026-07-19 22:39:40"}
{"level":"info","message":"Migrated Item record [phbinvArmorofSha] of database \"dnd5e.classes24\".","timestamp":"2026-07-19 22:39:40"}
{"level":"info","message":"Migrated Item record [phbinvAscendantS] of database \"dnd5e.classes24\".","timestamp":"2026-07-19 22:39:40"}
{"level":"info","message":"Migrated Item record [phbinvDevilsSigh] of database \"dnd5e.classes24\".","timestamp":"2026-07-19 22:39:40"}
{"level":"info","message":"Migrated Item record [phbinvEldritchMi] of database \"dnd5e.classes24\".","timestamp":"2026-07-19 22:39:40"}
{"level":"info","message":"Migrated Item record [phbinvEldritchSp] of database \"dnd5e.classes24\".","timestamp":"2026-07-19 22:39:40"}
{"level":"info","message":"Migrated Item record [phbinvGiftoftheD] of database \"dnd5e.classes24\".","timestamp":"2026-07-19 22:39:40"}
{"level":"info","message":"Migrated Item record [phbinvInvestment] of database \"dnd5e.classes24\".","timestamp":"2026-07-19 22:39:40"}
{"level":"info","message":"Migrated Item record [phbinvMaskofMany] of database \"dnd5e.classes24\".","timestamp":"2026-07-19 22:39:40"}
{"level":"info","message":"Migrated Item record [phbinvMasterofMy] of database \"dnd5e.classes24\".","timestamp":"2026-07-19 22:39:40"}
{"level":"info","message":"Migrated Item record [phbinvOnewithSha] of database \"dnd5e.classes24\".","timestamp":"2026-07-19 22:39:40"}
{"level":"info","message":"Migrated Item record [phbinvOtherworld] of database \"dnd5e.classes24\".","timestamp":"2026-07-19 22:39:40"}
{"level":"info","message":"Migrated Item record [phbinvPactBlade0] of database \"dnd5e.classes24\".","timestamp":"2026-07-19 22:39:40"}
{"level":"info","message":"Migrated Item record [phbinvRepellingB] of database \"dnd5e.classes24\".","timestamp":"2026-07-19 22:39:40"}
{"level":"info","message":"Migrated Item record [phbinvWitchSight] of database \"dnd5e.classes24\".","timestamp":"2026-07-19 22:39:40"}
{"level":"info","message":"Migrated Item record [phbmnkDiscipline] of database \"dnd5e.classes24\".","timestamp":"2026-07-19 22:39:40"}
{"level":"info","message":"Migrated Item record [phbmnkMartialArt] of database \"dnd5e.classes24\".","timestamp":"2026-07-19 22:39:40"}
{"level":"info","message":"Migrated Item record [phbmnkMonksFocus] of database \"dnd5e.classes24\".","timestamp":"2026-07-19 22:39:40"}
{"level":"info","message":"Migrated Item record [phbmnkOpenHandTe] of database \"dnd5e.classes24\".","timestamp":"2026-07-19 22:39:40"}
{"level":"info","message":"Migrated Item record [phbmnkQuiveringP] of database \"dnd5e.classes24\".","timestamp":"2026-07-19 22:39:40"}
{"level":"info","message":"Migrated Item record [phbmnkStunningSt] of database \"dnd5e.classes24\".","timestamp":"2026-07-19 22:39:40"}
{"level":"info","message":"Migrated Item record [phbmnkSuperiorDe] of database \"dnd5e.classes24\".","timestamp":"2026-07-19 22:39:40"}
{"level":"info","message":"Migrated Item record [phbmnkUnarmedStr] of database \"dnd5e.classes24\".","timestamp":"2026-07-19 22:39:40"}
{"level":"info","message":"Migrated Item record [phbmnkUnarmoredD] of database \"dnd5e.classes24\".","timestamp":"2026-07-19 22:39:40"}
{"level":"info","message":"Migrated Item record [phbmnkUnarmoredM] of database \"dnd5e.classes24\".","timestamp":"2026-07-19 22:39:40"}
{"level":"info","message":"Migrated Item record [phbpdnAbjureFoes] of database \"dnd5e.classes24\".","timestamp":"2026-07-19 22:39:40"}
{"level":"info","message":"Migrated Item record [phbpdnChannelDiv] of database \"dnd5e.classes24\".","timestamp":"2026-07-19 22:39:40"}
{"level":"info","message":"Migrated Item record [phbpdnCourageAur] of database \"dnd5e.classes24\".","timestamp":"2026-07-19 22:39:40"}
{"level":"info","message":"Migrated Item record [phbpdnDevotionAu] of database \"dnd5e.classes24\".","timestamp":"2026-07-19 22:39:40"}
{"level":"info","message":"Migrated Item record [phbpdnHolyNimbus] of database \"dnd5e.classes24\".","timestamp":"2026-07-19 22:39:40"}
{"level":"info","message":"Migrated Item record [phbpdnProtection] of database \"dnd5e.classes24\".","timestamp":"2026-07-19 22:39:40"}
{"level":"info","message":"Migrated Item record [phbpdnRadiantStr] of database \"dnd5e.classes24\".","timestamp":"2026-07-19 22:39:40"}
{"level":"info","message":"Migrated Item record [phbpdnSacredWeap] of database \"dnd5e.classes24\".","timestamp":"2026-07-19 22:39:40"}
{"level":"info","message":"Migrated Item record [phbpdnSmiteOfPro] of database \"dnd5e.classes24\".","timestamp":"2026-07-19 22:39:40"}
{"level":"info","message":"Migrated Item record [phbrgeCunningAct] of database \"dnd5e.classes24\".","timestamp":"2026-07-19 22:39:40"}
{"level":"info","message":"Migrated Item record [phbrgeCunningStr] of database \"dnd5e.classes24\".","timestamp":"2026-07-19 22:39:40"}
{"level":"info","message":"Migrated Item record [phbrgeDeviousStr] of database \"dnd5e.classes24\".","timestamp":"2026-07-19 22:39:40"}
{"level":"info","message":"Migrated Item record [phbrgeReliableTa] of database \"dnd5e.classes24\".","timestamp":"2026-07-19 22:39:40"}
{"level":"info","message":"Migrated Item record [phbrgeSecondstor] of database \"dnd5e.classes24\".","timestamp":"2026-07-19 22:39:40"}
{"level":"info","message":"Migrated Item record [phbrgeUseMagicDe] of database \"dnd5e.classes24\".","timestamp":"2026-07-19 22:39:40"}
{"level":"info","message":"Migrated Item record [phbrgrDefensiveT] of database \"dnd5e.classes24\".","timestamp":"2026-07-19 22:39:40"}
{"level":"info","message":"Migrated Item record [phbrgrFeralSense] of database \"dnd5e.classes24\".","timestamp":"2026-07-19 22:39:40"}
{"level":"info","message":"Migrated Item record [phbrgrNaturesVei] of database \"dnd5e.classes24\".","timestamp":"2026-07-19 22:39:40"}
{"level":"info","message":"Migrated Item record [phbrgrRoving0000] of database \"dnd5e.classes24\".","timestamp":"2026-07-19 22:39:40"}
{"level":"info","message":"Migrated Item record [phbrgrSuperiorDe] of database \"dnd5e.classes24\".","timestamp":"2026-07-19 22:39:40"}
{"level":"info","message":"Migrated Item record [phbscrDraconicRe] of database \"dnd5e.classes24\".","timestamp":"2026-07-19 22:39:40"}
{"level":"info","message":"Migrated Item record [phbscrDragonWing] of database \"dnd5e.classes24\".","timestamp":"2026-07-19 22:39:40"}
{"level":"info","message":"Migrated Item record [phbscrInnateSorc] of database \"dnd5e.classes24\".","timestamp":"2026-07-19 22:39:40"}
{"level":"info","message":"Migrated Item record [phbwlkFiendishRe] of database \"dnd5e.classes24\".","timestamp":"2026-07-19 22:39:40"}
{"level":"info","message":"Migrated Item record [phbwzdSignatureS] of database \"dnd5e.classes24\".","timestamp":"2026-07-19 22:39:40"}
{"level":"info","message":"Migrated Item record [phbwzdSpellMaste] of database \"dnd5e.classes24\".","timestamp":"2026-07-19 22:39:40"}
{"level":"info","message":"Persisting migrated Item record [phbDivineOrderPr] of database \"dnd5e.classes24\".","timestamp":"2026-07-19 22:39:40"}
{"level":"info","message":"Persisting migrated Item record [phbDivineOrderTh] of database \"dnd5e.classes24\".","timestamp":"2026-07-19 22:39:40"}
{"level":"info","message":"Persisting migrated Item record [phbPrimalOrderMa] of database \"dnd5e.classes24\".","timestamp":"2026-07-19 22:39:40"}
{"level":"info","message":"Persisting migrated Item record [phbPrimalOrderWa] of database \"dnd5e.classes24\".","timestamp":"2026-07-19 22:39:40"}
{"level":"info","message":"Persisting migrated Item record [phbbrbBrutalStri] of database \"dnd5e.classes24\".","timestamp":"2026-07-19 22:39:40"}
{"level":"info","message":"Persisting migrated Item record [phbbrbDangerSens] of database \"dnd5e.classes24\".","timestamp":"2026-07-19 22:39:40"}
{"level":"info","message":"Persisting migrated Item record [phbbrbFastMoveme] of database \"dnd5e.classes24\".","timestamp":"2026-07-19 22:39:40"}
{"level":"info","message":"Persisting migrated Item record [phbbrbFeralInsti] of database \"dnd5e.classes24\".","timestamp":"2026-07-19 22:39:40"}
{"level":"info","message":"Persisting migrated Item record [phbbrbImpBrutalS] of database \"dnd5e.classes24\".","timestamp":"2026-07-19 22:39:40"}
{"level":"info","message":"Persisting migrated Item record [phbbrbIntimidati] of database \"dnd5e.classes24\".","timestamp":"2026-07-19 22:39:40"}
{"level":"info","message":"Persisting migrated Item record [phbbrbMindlessRa] of database \"dnd5e.classes24\".","timestamp":"2026-07-19 22:39:40"}
{"level":"info","message":"Persisting migrated Item record [phbbrbPrimalKnow] of database \"dnd5e.classes24\".","timestamp":"2026-07-19 22:39:40"}
{"level":"info","message":"Persisting migrated Item record [phbbrbRage000000] of database \"dnd5e.classes24\".","timestamp":"2026-07-19 22:39:40"}
{"level":"info","message":"Persisting migrated Item record [phbbrbRecklessAt] of database \"dnd5e.classes24\".","timestamp":"2026-07-19 22:39:40"}
{"level":"info","message":"Persisting migrated Item record [phbbrbUnarmedStr] of database \"dnd5e.classes24\".","timestamp":"2026-07-19 22:39:40"}
{"level":"info","message":"Persisting migrated Item record [phbbrbUnarmoredD] of database \"dnd5e.classes24\".","timestamp":"2026-07-19 22:39:40"}
{"level":"info","message":"Persisting migrated Item record [phbbrdBardicInsp] of database \"dnd5e.classes24\".","timestamp":"2026-07-19 22:39:40"}
{"level":"info","message":"Persisting migrated Item record [phbbrdJackOfAllT] of database \"dnd5e.classes24\".","timestamp":"2026-07-19 22:39:40"}
{"level":"info","message":"Persisting migrated Item record [phbclcChannelDiv] of database \"dnd5e.classes24\".","timestamp":"2026-07-19 22:39:40"}
{"level":"info","message":"Persisting migrated Item record [phbclcSearUndead] of database \"dnd5e.classes24\".","timestamp":"2026-07-19 22:39:40"}
{"level":"info","message":"Persisting migrated Item record [phbdrdNaturesSan] of database \"dnd5e.classes24\".","timestamp":"2026-07-19 22:39:40"}
{"level":"info","message":"Persisting migrated Item record [phbdrdNaturesWar] of database \"dnd5e.classes24\".","timestamp":"2026-07-19 22:39:40"}
{"level":"info","message":"Persisting migrated Item record [phbftrImprovedCr] of database \"dnd5e.classes24\".","timestamp":"2026-07-19 22:39:40"}
{"level":"info","message":"Persisting migrated Item record [phbftrRemarkable] of database \"dnd5e.classes24\".","timestamp":"2026-07-19 22:39:40"}
{"level":"info","message":"Persisting migrated Item record [phbftrSuperiorCr] of database \"dnd5e.classes24\".","timestamp":"2026-07-19 22:39:40"}
{"level":"info","message":"Persisting migrated Item record [phbftrTacticalMa] of database \"dnd5e.classes24\".","timestamp":"2026-07-19 22:39:40"}
{"level":"info","message":"Persisting migrated Item record [phbinvArmorofSha] of database \"dnd5e.classes24\".","timestamp":"2026-07-19 22:39:40"}
{"level":"info","message":"Persisting migrated Item record [phbinvAscendantS] of database \"dnd5e.classes24\".","timestamp":"2026-07-19 22:39:40"}
{"level":"info","message":"Persisting migrated Item record [phbinvDevilsSigh] of database \"dnd5e.classes24\".","timestamp":"2026-07-19 22:39:40"}
{"level":"info","message":"Persisting migrated Item record [phbinvEldritchMi] of database \"dnd5e.classes24\".","timestamp":"2026-07-19 22:39:40"}
{"level":"info","message":"Persisting migrated Item record [phbinvEldritchSp] of database \"dnd5e.classes24\".","timestamp":"2026-07-19 22:39:40"}
{"level":"info","message":"Persisting migrated Item record [phbinvGiftoftheD] of database \"dnd5e.classes24\".","timestamp":"2026-07-19 22:39:40"}
{"level":"info","message":"Persisting migrated Item record [phbinvInvestment] of database \"dnd5e.classes24\".","timestamp":"2026-07-19 22:39:40"}
{"level":"info","message":"Persisting migrated Item record [phbinvMaskofMany] of database \"dnd5e.classes24\".","timestamp":"2026-07-19 22:39:40"}
{"level":"info","message":"Persisting migrated Item record [phbinvMasterofMy] of database \"dnd5e.classes24\".","timestamp":"2026-07-19 22:39:40"}
{"level":"info","message":"Persisting migrated Item record [phbinvOnewithSha] of database \"dnd5e.classes24\".","timestamp":"2026-07-19 22:39:40"}
{"level":"info","message":"Persisting migrated Item record [phbinvOtherworld] of database \"dnd5e.classes24\".","timestamp":"2026-07-19 22:39:40"}
{"level":"info","message":"Persisting migrated Item record [phbinvPactBlade0] of database \"dnd5e.classes24\".","timestamp":"2026-07-19 22:39:40"}
{"level":"info","message":"Persisting migrated Item record [phbinvRepellingB] of database \"dnd5e.classes24\".","timestamp":"2026-07-19 22:39:40"}
{"level":"info","message":"Persisting migrated Item record [phbinvWitchSight] of database \"dnd5e.classes24\".","timestamp":"2026-07-19 22:39:40"}
{"level":"info","message":"Persisting migrated Item record [phbmnkDiscipline] of database \"dnd5e.classes24\".","timestamp":"2026-07-19 22:39:40"}
{"level":"info","message":"Persisting migrated Item record [phbmnkMartialArt] of database \"dnd5e.classes24\".","timestamp":"2026-07-19 22:39:40"}
{"level":"info","message":"Persisting migrated Item record [phbmnkMonksFocus] of database \"dnd5e.classes24\".","timestamp":"2026-07-19 22:39:40"}
{"level":"info","message":"Persisting migrated Item record [phbmnkOpenHandTe] of database \"dnd5e.classes24\".","timestamp":"2026-07-19 22:39:40"}
{"level":"info","message":"Persisting migrated Item record [phbmnkQuiveringP] of database \"dnd5e.classes24\".","timestamp":"2026-07-19 22:39:40"}
{"level":"info","message":"Persisting migrated Item record [phbmnkStunningSt] of database \"dnd5e.classes24\".","timestamp":"2026-07-19 22:39:40"}
{"level":"info","message":"Persisting migrated Item record [phbmnkSuperiorDe] of database \"dnd5e.classes24\".","timestamp":"2026-07-19 22:39:40"}
{"level":"info","message":"Persisting migrated Item record [phbmnkUnarmedStr] of database \"dnd5e.classes24\".","timestamp":"2026-07-19 22:39:40"}
{"level":"info","message":"Persisting migrated Item record [phbmnkUnarmoredD] of database \"dnd5e.classes24\".","timestamp":"2026-07-19 22:39:40"}
{"level":"info","message":"Persisting migrated Item record [phbmnkUnarmoredM] of database \"dnd5e.classes24\".","timestamp":"2026-07-19 22:39:40"}
{"level":"info","message":"Persisting migrated Item record [phbpdnAbjureFoes] of database \"dnd5e.classes24\".","timestamp":"2026-07-19 22:39:40"}
{"level":"info","message":"Persisting migrated Item record [phbpdnChannelDiv] of database \"dnd5e.classes24\".","timestamp":"2026-07-19 22:39:40"}
{"level":"info","message":"Persisting migrated Item record [phbpdnCourageAur] of database \"dnd5e.classes24\".","timestamp":"2026-07-19 22:39:40"}
{"level":"info","message":"Persisting migrated Item record [phbpdnDevotionAu] of database \"dnd5e.classes24\".","timestamp":"2026-07-19 22:39:40"}
{"level":"info","message":"Persisting migrated Item record [phbpdnHolyNimbus] of database \"dnd5e.classes24\".","timestamp":"2026-07-19 22:39:40"}
{"level":"info","message":"Persisting migrated Item record [phbpdnProtection] of database \"dnd5e.classes24\".","timestamp":"2026-07-19 22:39:40"}
{"level":"info","message":"Persisting migrated Item record [phbpdnRadiantStr] of database \"dnd5e.classes24\".","timestamp":"2026-07-19 22:39:40"}
{"level":"info","message":"Persisting migrated Item record [phbpdnSacredWeap] of database \"dnd5e.classes24\".","timestamp":"2026-07-19 22:39:40"}
{"level":"info","message":"Persisting migrated Item record [phbpdnSmiteOfPro] of database \"dnd5e.classes24\".","timestamp":"2026-07-19 22:39:40"}
{"level":"info","message":"Persisting migrated Item record [phbrgeCunningAct] of database \"dnd5e.classes24\".","timestamp":"2026-07-19 22:39:40"}
{"level":"info","message":"Persisting migrated Item record [phbrgeCunningStr] of database \"dnd5e.classes24\".","timestamp":"2026-07-19 22:39:40"}
{"level":"info","message":"Persisting migrated Item record [phbrgeDeviousStr] of database \"dnd5e.classes24\".","timestamp":"2026-07-19 22:39:40"}
{"level":"info","message":"Persisting migrated Item record [phbrgeReliableTa] of database \"dnd5e.classes24\".","timestamp":"2026-07-19 22:39:40"}
{"level":"info","message":"Persisting migrated Item record [phbrgeSecondstor] of database \"dnd5e.classes24\".","timestamp":"2026-07-19 22:39:40"}
{"level":"info","message":"Persisting migrated Item record [phbrgeUseMagicDe] of database \"dnd5e.classes24\".","timestamp":"2026-07-19 22:39:40"}
{"level":"info","message":"Persisting migrated Item record [phbrgrDefensiveT] of database \"dnd5e.classes24\".","timestamp":"2026-07-19 22:39:40"}
{"level":"info","message":"Persisting migrated Item record [phbrgrFeralSense] of database \"dnd5e.classes24\".","timestamp":"2026-07-19 22:39:40"}
{"level":"info","message":"Persisting migrated Item record [phbrgrNaturesVei] of database \"dnd5e.classes24\".","timestamp":"2026-07-19 22:39:40"}
{"level":"info","message":"Persisting migrated Item record [phbrgrRoving0000] of database \"dnd5e.classes24\".","timestamp":"2026-07-19 22:39:40"}
{"level":"info","message":"Persisting migrated Item record [phbrgrSuperiorDe] of database \"dnd5e.classes24\".","timestamp":"2026-07-19 22:39:40"}
{"level":"info","message":"Persisting migrated Item record [phbscrDraconicRe] of database \"dnd5e.classes24\".","timestamp":"2026-07-19 22:39:40"}
{"level":"info","message":"Persisting migrated Item record [phbscrDragonWing] of database \"dnd5e.classes24\".","timestamp":"2026-07-19 22:39:40"}
{"level":"info","message":"Persisting migrated Item record [phbscrInnateSorc] of database \"dnd5e.classes24\".","timestamp":"2026-07-19 22:39:40"}
{"level":"info","message":"Persisting migrated Item record [phbwlkFiendishRe] of database \"dnd5e.classes24\".","timestamp":"2026-07-19 22:39:40"}
{"level":"info","message":"Persisting migrated Item record [phbwzdSignatureS] of database \"dnd5e.classes24\".","timestamp":"2026-07-19 22:39:40"}
{"level":"info","message":"Persisting migrated Item record [phbwzdSpellMaste] of database \"dnd5e.classes24\".","timestamp":"2026-07-19 22:39:40"}
{"level":"info","message":"Completed migration of database \"dnd5e.classes24.\"","timestamp":"2026-07-19 22:39:40"}
{"level":"info","message":"Launching World | Migrating Package Data - 78%","timestamp":"2026-07-19 22:39:40"}
{"level":"info","message":"Migrated Item record [phbsptDraconicFl] of database \"dnd5e.origins24\".","timestamp":"2026-07-19 22:39:40"}
{"level":"info","message":"Migrated Item record [phbsptDwarvenTou] of database \"dnd5e.origins24\".","timestamp":"2026-07-19 22:39:40"}
{"level":"info","message":"Migrated Item record [phbsptFrostsChil] of database \"dnd5e.origins24\".","timestamp":"2026-07-19 22:39:40"}
{"level":"info","message":"Migrated Item record [phbsptGnomishCun] of database \"dnd5e.origins24\".","timestamp":"2026-07-19 22:39:40"}
{"level":"info","message":"Migrated Item record [phbsptHalflingNi] of database \"dnd5e.origins24\".","timestamp":"2026-07-19 22:39:40"}
{"level":"info","message":"Migrated Item record [phbsptLargeForm0] of database \"dnd5e.origins24\".","timestamp":"2026-07-19 22:39:40"}
{"level":"info","message":"Migrated Item record [phbsptLuck000000] of database \"dnd5e.origins24\".","timestamp":"2026-07-19 22:39:40"}
{"level":"info","message":"Migrated Item record [phbsptPowerfulBu] of database \"dnd5e.origins24\".","timestamp":"2026-07-19 22:39:40"}
{"level":"info","message":"Migrated Item record [phbsptStonecunni] of database \"dnd5e.origins24\".","timestamp":"2026-07-19 22:39:40"}
{"level":"info","message":"Persisting migrated Item record [phbsptDraconicFl] of database \"dnd5e.origins24\".","timestamp":"2026-07-19 22:39:40"}
{"level":"info","message":"Persisting migrated Item record [phbsptDwarvenTou] of database \"dnd5e.origins24\".","timestamp":"2026-07-19 22:39:40"}
{"level":"info","message":"Persisting migrated Item record [phbsptFrostsChil] of database \"dnd5e.origins24\".","timestamp":"2026-07-19 22:39:40"}
{"level":"info","message":"Persisting migrated Item record [phbsptGnomishCun] of database \"dnd5e.origins24\".","timestamp":"2026-07-19 22:39:40"}
{"level":"info","message":"Persisting migrated Item record [phbsptHalflingNi] of database \"dnd5e.origins24\".","timestamp":"2026-07-19 22:39:40"}
{"level":"info","message":"Persisting migrated Item record [phbsptLargeForm0] of database \"dnd5e.origins24\".","timestamp":"2026-07-19 22:39:40"}
{"level":"info","message":"Persisting migrated Item record [phbsptLuck000000] of database \"dnd5e.origins24\".","timestamp":"2026-07-19 22:39:40"}
{"level":"info","message":"Persisting migrated Item record [phbsptPowerfulBu] of database \"dnd5e.origins24\".","timestamp":"2026-07-19 22:39:40"}
{"level":"info","message":"Persisting migrated Item record [phbsptStonecunni] of database \"dnd5e.origins24\".","timestamp":"2026-07-19 22:39:40"}
{"level":"info","message":"Completed migration of database \"dnd5e.origins24.\"","timestamp":"2026-07-19 22:39:40"}
{"level":"info","message":"Launching World | Migrating Package Data - 80%","timestamp":"2026-07-19 22:39:40"}
{"level":"info","message":"Migrated Item record [phbBoonofTruesig] of database \"dnd5e.feats24\".","timestamp":"2026-07-19 22:39:40"}
{"level":"info","message":"Migrated Item record [phbBoonoftheNigh] of database \"dnd5e.feats24\".","timestamp":"2026-07-19 22:39:40"}
{"level":"info","message":"Migrated Item record [phbfstArchery000] of database \"dnd5e.feats24\".","timestamp":"2026-07-19 22:39:40"}
{"level":"info","message":"Migrated Item record [phbfstDefense000] of database \"dnd5e.feats24\".","timestamp":"2026-07-19 22:39:40"}
{"level":"info","message":"Migrated Item record [phbftAlert000000] of database \"dnd5e.feats24\".","timestamp":"2026-07-19 22:39:40"}
{"level":"info","message":"Persisting migrated Item record [phbBoonofTruesig] of database \"dnd5e.feats24\".","timestamp":"2026-07-19 22:39:40"}
{"level":"info","message":"Persisting migrated Item record [phbBoonoftheNigh] of database \"dnd5e.feats24\".","timestamp":"2026-07-19 22:39:40"}
{"level":"info","message":"Persisting migrated Item record [phbfstArchery000] of database \"dnd5e.feats24\".","timestamp":"2026-07-19 22:39:40"}
{"level":"info","message":"Persisting migrated Item record [phbfstDefense000] of database \"dnd5e.feats24\".","timestamp":"2026-07-19 22:39:40"}
{"level":"info","message":"Persisting migrated Item record [phbftAlert000000] of database \"dnd5e.feats24\".","timestamp":"2026-07-19 22:39:40"}
{"level":"info","message":"Completed migration of database \"dnd5e.feats24.\"","timestamp":"2026-07-19 22:39:40"}
{"level":"info","message":"Launching World | Migrating Package Data - 83%","timestamp":"2026-07-19 22:39:40"}
{"level":"info","message":"Migrated Item record [phbEvilAndGoodPr] of database \"dnd5e.spells24\".","timestamp":"2026-07-19 22:39:40"}
{"level":"info","message":"Migrated Item record [phbPhantasmalFor] of database \"dnd5e.spells24\".","timestamp":"2026-07-19 22:39:40"}
{"level":"info","message":"Migrated Item record [phbProtectionFro] of database \"dnd5e.spells24\".","timestamp":"2026-07-19 22:39:40"}
{"level":"info","message":"Migrated Item record [phbSanctuary0000] of database \"dnd5e.spells24\".","timestamp":"2026-07-19 22:39:40"}
{"level":"info","message":"Migrated Item record [phbsplAid0000000] of database \"dnd5e.spells24\".","timestamp":"2026-07-19 22:39:40"}
{"level":"info","message":"Migrated Item record [phbsplAlterSelf0] of database \"dnd5e.spells24\".","timestamp":"2026-07-19 22:39:40"}
{"level":"info","message":"Migrated Item record [phbsplAnimalFrie] of database \"dnd5e.spells24\".","timestamp":"2026-07-19 22:39:40"}
{"level":"info","message":"Migrated Item record [phbsplAnimalMess] of database \"dnd5e.spells24\".","timestamp":"2026-07-19 22:39:40"}
{"level":"info","message":"Migrated Item record [phbsplAntilifeSh] of database \"dnd5e.spells24\".","timestamp":"2026-07-19 22:39:40"}
{"level":"info","message":"Migrated Item record [phbsplAntipathyS] of database \"dnd5e.spells24\".","timestamp":"2026-07-19 22:39:40"}
{"level":"info","message":"Migrated Item record [phbsplAstralProj] of database \"dnd5e.spells24\".","timestamp":"2026-07-19 22:39:40"}
{"level":"info","message":"Migrated Item record [phbsplAuraofLife] of database \"dnd5e.spells24\".","timestamp":"2026-07-19 22:39:40"}
{"level":"info","message":"Migrated Item record [phbsplBane000000] of database \"dnd5e.spells24\".","timestamp":"2026-07-19 22:39:40"}
{"level":"info","message":"Migrated Item record [phbsplBanishment] of database \"dnd5e.spells24\".","timestamp":"2026-07-19 22:39:40"}
{"level":"info","message":"Migrated Item record [phbsplBarkskin00] of database \"dnd5e.spells24\".","timestamp":"2026-07-19 22:39:40"}
{"level":"info","message":"Migrated Item record [phbsplBeaconofHo] of database \"dnd5e.spells24\".","timestamp":"2026-07-19 22:39:40"}
{"level":"info","message":"Migrated Item record [phbsplBefuddleme] of database \"dnd5e.spells24\".","timestamp":"2026-07-19 22:39:40"}
{"level":"info","message":"Migrated Item record [phbsplBestowCurs] of database \"dnd5e.spells24\".","timestamp":"2026-07-19 22:39:40"}
{"level":"info","message":"Migrated Item record [phbsplBless00000] of database \"dnd5e.spells24\".","timestamp":"2026-07-19 22:39:40"}
{"level":"info","message":"Migrated Item record [phbsplBlindnessD] of database \"dnd5e.spells24\".","timestamp":"2026-07-19 22:39:40"}
{"level":"info","message":"Migrated Item record [phbsplBlink00000] of database \"dnd5e.spells24\".","timestamp":"2026-07-19 22:39:40"}
{"level":"info","message":"Migrated Item record [phbsplBlur000000] of database \"dnd5e.spells24\".","timestamp":"2026-07-19 22:39:40"}
{"level":"info","message":"Migrated Item record [phbsplCalmEmotio] of database \"dnd5e.spells24\".","timestamp":"2026-07-19 22:39:40"}
{"level":"info","message":"Migrated Item record [phbsplCharmMonst] of database \"dnd5e.spells24\".","timestamp":"2026-07-19 22:39:40"}
{"level":"info","message":"Migrated Item record [phbsplCharmPerso] of database \"dnd5e.spells24\".","timestamp":"2026-07-19 22:39:40"}
{"level":"info","message":"Migrated Item record [phbsplChillTouch] of database \"dnd5e.spells24\".","timestamp":"2026-07-19 22:39:40"}
{"level":"info","message":"Migrated Item record [phbsplColorSpray] of database \"dnd5e.spells24\".","timestamp":"2026-07-19 22:39:40"}
{"level":"info","message":"Migrated Item record [phbsplComprehend] of database \"dnd5e.spells24\".","timestamp":"2026-07-19 22:39:40"}
{"level":"info","message":"Migrated Item record [phbsplCompulsion] of database \"dnd5e.spells24\".","timestamp":"2026-07-19 22:39:40"}
{"level":"info","message":"Migrated Item record [phbsplConfusion0] of database \"dnd5e.spells24\".","timestamp":"2026-07-19 22:39:40"}
{"level":"info","message":"Migrated Item record [phbsplContagion0] of database \"dnd5e.spells24\".","timestamp":"2026-07-19 22:39:40"}
{"level":"info","message":"Migrated Item record [phbsplContingenc] of database \"dnd5e.spells24\".","timestamp":"2026-07-19 22:39:40"}
{"level":"info","message":"Migrated Item record [phbsplDarkvision] of database \"dnd5e.spells24\".","timestamp":"2026-07-19 22:39:40"}
{"level":"info","message":"Migrated Item record [phbsplDeathWard0] of database \"dnd5e.spells24\".","timestamp":"2026-07-19 22:39:40"}
{"level":"info","message":"Migrated Item record [phbsplDetectEvil] of database \"dnd5e.spells24\".","timestamp":"2026-07-19 22:39:40"}
{"level":"info","message":"Migrated Item record [phbsplDetectMagi] of database \"dnd5e.spells24\".","timestamp":"2026-07-19 22:39:40"}
{"level":"info","message":"Migrated Item record [phbsplDetectPois] of database \"dnd5e.spells24\".","timestamp":"2026-07-19 22:39:40"}
{"level":"info","message":"Migrated Item record [phbsplDisguiseSe] of database \"dnd5e.spells24\".","timestamp":"2026-07-19 22:39:40"}
{"level":"info","message":"Migrated Item record [phbsplDispelEvil] of database \"dnd5e.spells24\".","timestamp":"2026-07-19 22:39:40"}
{"level":"info","message":"Migrated Item record [phbsplDivineFavo] of database \"dnd5e.spells24\".","timestamp":"2026-07-19 22:39:40"}
{"level":"info","message":"Migrated Item record [phbsplDivineWord] of database \"dnd5e.spells24\".","timestamp":"2026-07-19 22:39:40"}
{"level":"info","message":"Migrated Item record [phbsplDominateBe] of database \"dnd5e.spells24\".","timestamp":"2026-07-19 22:39:40"}
{"level":"info","message":"Migrated Item record [phbsplDominateMo] of database \"dnd5e.spells24\".","timestamp":"2026-07-19 22:39:40"}
{"level":"info","message":"Migrated Item record [phbsplDominatePe] of database \"dnd5e.spells24\".","timestamp":"2026-07-19 22:39:40"}
{"level":"info","message":"Migrated Item record [phbsplDream00000] of database \"dnd5e.spells24\".","timestamp":"2026-07-19 22:39:40"}
{"level":"info","message":"Migrated Item record [phbsplEarthquake] of database \"dnd5e.spells24\".","timestamp":"2026-07-19 22:39:40"}
{"level":"info","message":"Migrated Item record [phbsplEnhanceAbi] of database \"dnd5e.spells24\".","timestamp":"2026-07-19 22:39:40"}
{"level":"info","message":"Migrated Item record [phbsplEnlargeRed] of database \"dnd5e.spells24\".","timestamp":"2026-07-19 22:39:40"}
{"level":"info","message":"Migrated Item record [phbsplEnsnaringS] of database \"dnd5e.spells24\".","timestamp":"2026-07-19 22:39:40"}
{"level":"info","message":"Migrated Item record [phbsplEntangle00] of database \"dnd5e.spells24\".","timestamp":"2026-07-19 22:39:40"}
{"level":"info","message":"Migrated Item record [phbsplEnthrall00] of database \"dnd5e.spells24\".","timestamp":"2026-07-19 22:39:40"}
{"level":"info","message":"Migrated Item record [phbsplEtherealne] of database \"dnd5e.spells24\".","timestamp":"2026-07-19 22:39:40"}
{"level":"info","message":"Migrated Item record [phbsplEvardsBlac] of database \"dnd5e.spells24\".","timestamp":"2026-07-19 22:39:40"}
{"level":"info","message":"Migrated Item record [phbsplEyebite000] of database \"dnd5e.spells24\".","timestamp":"2026-07-19 22:39:40"}
{"level":"info","message":"Migrated Item record [phbsplFaerieFire] of database \"dnd5e.spells24\".","timestamp":"2026-07-19 22:39:40"}
{"level":"info","message":"Migrated Item record [phbsplFear000000] of database \"dnd5e.spells24\".","timestamp":"2026-07-19 22:39:40"}
{"level":"info","message":"Migrated Item record [phbsplFindSteed0] of database \"dnd5e.spells24\".","timestamp":"2026-07-19 22:39:40"}
{"level":"info","message":"Migrated Item record [phbsplFireShield] of database \"dnd5e.spells24\".","timestamp":"2026-07-19 22:39:40"}
{"level":"info","message":"Migrated Item record [phbsplFleshtoSto] of database \"dnd5e.spells24\".","timestamp":"2026-07-19 22:39:40"}
{"level":"info","message":"Migrated Item record [phbsplFly0000000] of database \"dnd5e.spells24\".","timestamp":"2026-07-19 22:39:40"}
{"level":"info","message":"Migrated Item record [phbsplForesight0] of database \"dnd5e.spells24\".","timestamp":"2026-07-19 22:39:40"}
{"level":"info","message":"Migrated Item record [phbsplFreedomofM] of database \"dnd5e.spells24\".","timestamp":"2026-07-19 22:39:40"}
{"level":"info","message":"Migrated Item record [phbsplGaseousFor] of database \"dnd5e.spells24\".","timestamp":"2026-07-19 22:39:40"}
{"level":"info","message":"Migrated Item record [phbsplGeas000000] of database \"dnd5e.spells24\".","timestamp":"2026-07-19 22:39:40"}
{"level":"info","message":"Migrated Item record [phbsplGlibness00] of database \"dnd5e.spells24\".","timestamp":"2026-07-19 22:39:40"}
{"level":"info","message":"Migrated Item record [phbsplGreaterInv] of database \"dnd5e.spells24\".","timestamp":"2026-07-19 22:39:40"}
{"level":"info","message":"Migrated Item record [phbsplGuidance00] of database \"dnd5e.spells24\".","timestamp":"2026-07-19 22:39:40"}
{"level":"info","message":"Migrated Item record [phbsplGuidingBol] of database \"dnd5e.spells24\".","timestamp":"2026-07-19 22:39:40"}
{"level":"info","message":"Migrated Item record [phbsplHaste00000] of database \"dnd5e.spells24\".","timestamp":"2026-07-19 22:39:40"}
{"level":"info","message":"Migrated Item record [phbsplHeatMetal0] of database \"dnd5e.spells24\".","timestamp":"2026-07-19 22:39:40"}
{"level":"info","message":"Migrated Item record [phbsplHeroesFeas] of database \"dnd5e.spells24\".","timestamp":"2026-07-19 22:39:40"}
{"level":"info","message":"Migrated Item record [phbsplHeroism000] of database \"dnd5e.spells24\".","timestamp":"2026-07-19 22:39:40"}
{"level":"info","message":"Migrated Item record [phbsplHex0000000] of database \"dnd5e.spells24\".","timestamp":"2026-07-19 22:39:40"}
{"level":"info","message":"Migrated Item record [phbsplHoldMonste] of database \"dnd5e.spells24\".","timestamp":"2026-07-19 22:39:40"}
{"level":"info","message":"Migrated Item record [phbsplHoldPerson] of database \"dnd5e.spells24\".","timestamp":"2026-07-19 22:39:40"}
{"level":"info","message":"Migrated Item record [phbsplHolyAura00] of database \"dnd5e.spells24\".","timestamp":"2026-07-19 22:39:40"}
{"level":"info","message":"Migrated Item record [phbsplHuntersMar] of database \"dnd5e.spells24\".","timestamp":"2026-07-19 22:39:40"}
{"level":"info","message":"Migrated Item record [phbsplHypnoticPa] of database \"dnd5e.spells24\".","timestamp":"2026-07-19 22:39:40"}
{"level":"info","message":"Migrated Item record [phbsplImprisonme] of database \"dnd5e.spells24\".","timestamp":"2026-07-19 22:39:40"}
{"level":"info","message":"Migrated Item record [phbsplInvisibili] of database \"dnd5e.spells24\".","timestamp":"2026-07-19 22:39:40"}
{"level":"info","message":"Migrated Item record [phbsplJump000000] of database \"dnd5e.spells24\".","timestamp":"2026-07-19 22:39:40"}
{"level":"info","message":"Migrated Item record [phbsplLevitate00] of database \"dnd5e.spells24\".","timestamp":"2026-07-19 22:39:40"}
{"level":"info","message":"Migrated Item record [phbsplLongstride] of database \"dnd5e.spells24\".","timestamp":"2026-07-19 22:39:40"}
{"level":"info","message":"Migrated Item record [phbsplMageArmor0] of database \"dnd5e.spells24\".","timestamp":"2026-07-19 22:39:40"}
{"level":"info","message":"Migrated Item record [phbsplMagicJar00] of database \"dnd5e.spells24\".","timestamp":"2026-07-19 22:39:40"}
{"level":"info","message":"Migrated Item record [phbsplMagicWeapo] of database \"dnd5e.spells24\".","timestamp":"2026-07-19 22:39:40"}
{"level":"info","message":"Migrated Item record [phbsplMassSugges] of database \"dnd5e.spells24\".","timestamp":"2026-07-19 22:39:40"}
{"level":"info","message":"Migrated Item record [phbsplMaze000000] of database \"dnd5e.spells24\".","timestamp":"2026-07-19 22:39:40"}
{"level":"info","message":"Migrated Item record [phbsplMelfsAcidA] of database \"dnd5e.spells24\".","timestamp":"2026-07-19 22:39:40"}
{"level":"info","message":"Migrated Item record [phbsplMindBlank0] of database \"dnd5e.spells24\".","timestamp":"2026-07-19 22:39:40"}
{"level":"info","message":"Migrated Item record [phbsplMindSpike0] of database \"dnd5e.spells24\".","timestamp":"2026-07-19 22:39:40"}
{"level":"info","message":"Migrated Item record [phbsplMirrorImag] of database \"dnd5e.spells24\".","timestamp":"2026-07-19 22:39:40"}
{"level":"info","message":"Migrated Item record [phbsplMislead000] of database \"dnd5e.spells24\".","timestamp":"2026-07-19 22:39:40"}
{"level":"info","message":"Migrated Item record [phbsplModifyMemo] of database \"dnd5e.spells24\".","timestamp":"2026-07-19 22:39:40"}
{"level":"info","message":"Migrated Item record [phbsplNondetecti] of database \"dnd5e.spells24\".","timestamp":"2026-07-19 22:39:40"}
{"level":"info","message":"Migrated Item record [phbsplNystulsMag] of database \"dnd5e.spells24\".","timestamp":"2026-07-19 22:39:40"}
{"level":"info","message":"Migrated Item record [phbsplOtilukesFr] of database \"dnd5e.spells24\".","timestamp":"2026-07-19 22:39:40"}
{"level":"info","message":"Migrated Item record [phbsplOtilukesRe] of database \"dnd5e.spells24\".","timestamp":"2026-07-19 22:39:40"}
{"level":"info","message":"Migrated Item record [phbsplOttosIrres] of database \"dnd5e.spells24\".","timestamp":"2026-07-19 22:39:40"}
{"level":"info","message":"Migrated Item record [phbsplPasswithou] of database \"dnd5e.spells24\".","timestamp":"2026-07-19 22:39:40"}
{"level":"info","message":"Migrated Item record [phbsplPhantasmal] of database \"dnd5e.spells24\".","timestamp":"2026-07-19 22:39:40"}
{"level":"info","message":"Migrated Item record [phbsplPlanarBind] of database \"dnd5e.spells24\".","timestamp":"2026-07-19 22:39:40"}
{"level":"info","message":"Migrated Item record [phbsplPowerWordS] of database \"dnd5e.spells24\".","timestamp":"2026-07-19 22:39:40"}
{"level":"info","message":"Migrated Item record [phbsplPrayerofHe] of database \"dnd5e.spells24\".","timestamp":"2026-07-19 22:39:40"}
{"level":"info","message":"Migrated Item record [phbsplPrismaticS] of database \"dnd5e.spells24\".","timestamp":"2026-07-19 22:39:40"}
{"level":"info","message":"Migrated Item record [phbsplPrismaticW] of database \"dnd5e.spells24\".","timestamp":"2026-07-19 22:39:40"}
{"level":"info","message":"Migrated Item record [phbsplProtection] of database \"dnd5e.spells24\".","timestamp":"2026-07-19 22:39:40"}
{"level":"info","message":"Migrated Item record [phbsplRaiseDead0] of database \"dnd5e.spells24\".","timestamp":"2026-07-19 22:39:40"}
{"level":"info","message":"Migrated Item record [phbsplRarysTelep] of database \"dnd5e.spells24\".","timestamp":"2026-07-19 22:39:40"}
{"level":"info","message":"Migrated Item record [phbsplRayofEnfee] of database \"dnd5e.spells24\".","timestamp":"2026-07-19 22:39:40"}
{"level":"info","message":"Migrated Item record [phbsplRayofFrost] of database \"dnd5e.spells24\".","timestamp":"2026-07-19 22:39:40"}
{"level":"info","message":"Migrated Item record [phbsplRegenerate] of database \"dnd5e.spells24\".","timestamp":"2026-07-19 22:39:40"}
{"level":"info","message":"Migrated Item record [phbsplResistance] of database \"dnd5e.spells24\".","timestamp":"2026-07-19 22:39:40"}
{"level":"info","message":"Migrated Item record [phbsplResurrecti] of database \"dnd5e.spells24\".","timestamp":"2026-07-19 22:39:40"}
{"level":"info","message":"Migrated Item record [phbsplSearingSmi] of database \"dnd5e.spells24\".","timestamp":"2026-07-19 22:39:40"}
{"level":"info","message":"Migrated Item record [phbsplSeeInvisib] of database \"dnd5e.spells24\".","timestamp":"2026-07-19 22:39:40"}
{"level":"info","message":"Migrated Item record [phbsplSeeming000] of database \"dnd5e.spells24\".","timestamp":"2026-07-19 22:39:40"}
{"level":"info","message":"Migrated Item record [phbsplSequester0] of database \"dnd5e.spells24\".","timestamp":"2026-07-19 22:39:40"}
{"level":"info","message":"Migrated Item record [phbsplShield0000] of database \"dnd5e.spells24\".","timestamp":"2026-07-19 22:39:40"}
{"level":"info","message":"Migrated Item record [phbsplShieldofFa] of database \"dnd5e.spells24\".","timestamp":"2026-07-19 22:39:40"}
{"level":"info","message":"Migrated Item record [phbsplShillelagh] of database \"dnd5e.spells24\".","timestamp":"2026-07-19 22:39:40"}
{"level":"info","message":"Migrated Item record [phbsplShiningSmi] of database \"dnd5e.spells24\".","timestamp":"2026-07-19 22:39:40"}
{"level":"info","message":"Migrated Item record [phbsplShockingGr] of database \"dnd5e.spells24\".","timestamp":"2026-07-19 22:39:40"}
{"level":"info","message":"Migrated Item record [phbsplSilence000] of database \"dnd5e.spells24\".","timestamp":"2026-07-19 22:39:40"}
{"level":"info","message":"Migrated Item record [phbsplSleep00000] of database \"dnd5e.spells24\".","timestamp":"2026-07-19 22:39:40"}
{"level":"info","message":"Migrated Item record [phbsplSlow000000] of database \"dnd5e.spells24\".","timestamp":"2026-07-19 22:39:40"}
{"level":"info","message":"Migrated Item record [phbsplSparetheDy] of database \"dnd5e.spells24\".","timestamp":"2026-07-19 22:39:40"}
{"level":"info","message":"Migrated Item record [phbsplSpeakwithA] of database \"dnd5e.spells24\".","timestamp":"2026-07-19 22:39:40"}
{"level":"info","message":"Migrated Item record [phbsplSpeakwithP] of database \"dnd5e.spells24\".","timestamp":"2026-07-19 22:39:40"}
{"level":"info","message":"Migrated Item record [phbsplSpiderClim] of database \"dnd5e.spells24\".","timestamp":"2026-07-19 22:39:40"}
{"level":"info","message":"Migrated Item record [phbsplSpiritGuar] of database \"dnd5e.spells24\".","timestamp":"2026-07-19 22:39:40"}
{"level":"info","message":"Migrated Item record [phbsplStarryWisp] of database \"dnd5e.spells24\".","timestamp":"2026-07-19 22:39:40"}
{"level":"info","message":"Migrated Item record [phbsplStinkingCl] of database \"dnd5e.spells24\".","timestamp":"2026-07-19 22:39:40"}
{"level":"info","message":"Migrated Item record [phbsplStoneskin0] of database \"dnd5e.spells24\".","timestamp":"2026-07-19 22:39:40"}
{"level":"info","message":"Migrated Item record [phbsplStormofVen] of database \"dnd5e.spells24\".","timestamp":"2026-07-19 22:39:40"}
{"level":"info","message":"Migrated Item record [phbsplSuggestion] of database \"dnd5e.spells24\".","timestamp":"2026-07-19 22:39:40"}
{"level":"info","message":"Migrated Item record [phbsplSunbeam000] of database \"dnd5e.spells24\".","timestamp":"2026-07-19 22:39:40"}
{"level":"info","message":"Migrated Item record [phbsplSunburst00] of database \"dnd5e.spells24\".","timestamp":"2026-07-19 22:39:40"}
{"level":"info","message":"Migrated Item record [phbsplSymbol0000] of database \"dnd5e.spells24\".","timestamp":"2026-07-19 22:39:40"}
{"level":"info","message":"Migrated Item record [phbsplTashasHide] of database \"dnd5e.spells24\".","timestamp":"2026-07-19 22:39:40"}
{"level":"info","message":"Migrated Item record [phbsplThaumaturg] of database \"dnd5e.spells24\".","timestamp":"2026-07-19 22:39:40"}
{"level":"info","message":"Migrated Item record [phbsplTongues000] of database \"dnd5e.spells24\".","timestamp":"2026-07-19 22:39:40"}
{"level":"info","message":"Migrated Item record [phbsplTrueSeeing] of database \"dnd5e.spells24\".","timestamp":"2026-07-19 22:39:40"}
{"level":"info","message":"Migrated Item record [phbsplTrueStrike] of database \"dnd5e.spells24\".","timestamp":"2026-07-19 22:39:40"}
{"level":"info","message":"Migrated Item record [phbsplViciousMoc] of database \"dnd5e.spells24\".","timestamp":"2026-07-19 22:39:40"}
{"level":"info","message":"Migrated Item record [phbsplVitriolicS] of database \"dnd5e.spells24\".","timestamp":"2026-07-19 22:39:40"}
{"level":"info","message":"Migrated Item record [phbsplWardingBon] of database \"dnd5e.spells24\".","timestamp":"2026-07-19 22:39:40"}
{"level":"info","message":"Migrated Item record [phbsplWaterBreat] of database \"dnd5e.spells24\".","timestamp":"2026-07-19 22:39:40"}
{"level":"info","message":"Migrated Item record [phbsplWaterWalk0] of database \"dnd5e.spells24\".","timestamp":"2026-07-19 22:39:40"}
{"level":"info","message":"Migrated Item record [phbsplWeird00000] of database \"dnd5e.spells24\".","timestamp":"2026-07-19 22:39:40"}
{"level":"info","message":"Migrated Item record [phbsplWindWalk00] of database \"dnd5e.spells24\".","timestamp":"2026-07-19 22:39:40"}
{"level":"info","message":"Migrated Item record [phbsplWish000000] of database \"dnd5e.spells24\".","timestamp":"2026-07-19 22:39:40"}
{"level":"info","message":"Migrated Item record [phbsplZoneofTrut] of database \"dnd5e.spells24\".","timestamp":"2026-07-19 22:39:40"}
{"level":"info","message":"Persisting migrated Item record [phbEvilAndGoodPr] of database \"dnd5e.spells24\".","timestamp":"2026-07-19 22:39:40"}
{"level":"info","message":"Persisting migrated Item record [phbPhantasmalFor] of database \"dnd5e.spells24\".","timestamp":"2026-07-19 22:39:40"}
{"level":"info","message":"Persisting migrated Item record [phbProtectionFro] of database \"dnd5e.spells24\".","timestamp":"2026-07-19 22:39:40"}
{"level":"info","message":"Persisting migrated Item record [phbSanctuary0000] of database \"dnd5e.spells24\".","timestamp":"2026-07-19 22:39:40"}
{"level":"info","message":"Persisting migrated Item record [phbsplAid0000000] of database \"dnd5e.spells24\".","timestamp":"2026-07-19 22:39:40"}
{"level":"info","message":"Persisting migrated Item record [phbsplAlterSelf0] of database \"dnd5e.spells24\".","timestamp":"2026-07-19 22:39:40"}
{"level":"info","message":"Persisting migrated Item record [phbsplAnimalFrie] of database \"dnd5e.spells24\".","timestamp":"2026-07-19 22:39:40"}
{"level":"info","message":"Persisting migrated Item record [phbsplAnimalMess] of database \"dnd5e.spells24\".","timestamp":"2026-07-19 22:39:40"}
{"level":"info","message":"Persisting migrated Item record [phbsplAntilifeSh] of database \"dnd5e.spells24\".","timestamp":"2026-07-19 22:39:40"}
{"level":"info","message":"Persisting migrated Item record [phbsplAntipathyS] of database \"dnd5e.spells24\".","timestamp":"2026-07-19 22:39:40"}
{"level":"info","message":"Persisting migrated Item record [phbsplAstralProj] of database \"dnd5e.spells24\".","timestamp":"2026-07-19 22:39:40"}
{"level":"info","message":"Persisting migrated Item record [phbsplAuraofLife] of database \"dnd5e.spells24\".","timestamp":"2026-07-19 22:39:40"}
{"level":"info","message":"Persisting migrated Item record [phbsplBane000000] of database \"dnd5e.spells24\".","timestamp":"2026-07-19 22:39:40"}
{"level":"info","message":"Persisting migrated Item record [phbsplBanishment] of database \"dnd5e.spells24\".","timestamp":"2026-07-19 22:39:40"}
{"level":"info","message":"Persisting migrated Item record [phbsplBarkskin00] of database \"dnd5e.spells24\".","timestamp":"2026-07-19 22:39:40"}
{"level":"info","message":"Persisting migrated Item record [phbsplBeaconofHo] of database \"dnd5e.spells24\".","timestamp":"2026-07-19 22:39:40"}
{"level":"info","message":"Persisting migrated Item record [phbsplBefuddleme] of database \"dnd5e.spells24\".","timestamp":"2026-07-19 22:39:40"}
{"level":"info","message":"Persisting migrated Item record [phbsplBestowCurs] of database \"dnd5e.spells24\".","timestamp":"2026-07-19 22:39:40"}
{"level":"info","message":"Persisting migrated Item record [phbsplBless00000] of database \"dnd5e.spells24\".","timestamp":"2026-07-19 22:39:40"}
{"level":"info","message":"Persisting migrated Item record [phbsplBlindnessD] of database \"dnd5e.spells24\".","timestamp":"2026-07-19 22:39:40"}
{"level":"info","message":"Persisting migrated Item record [phbsplBlink00000] of database \"dnd5e.spells24\".","timestamp":"2026-07-19 22:39:40"}
{"level":"info","message":"Persisting migrated Item record [phbsplBlur000000] of database \"dnd5e.spells24\".","timestamp":"2026-07-19 22:39:40"}
{"level":"info","message":"Persisting migrated Item record [phbsplCalmEmotio] of database \"dnd5e.spells24\".","timestamp":"2026-07-19 22:39:40"}
{"level":"info","message":"Persisting migrated Item record [phbsplCharmMonst] of database \"dnd5e.spells24\".","timestamp":"2026-07-19 22:39:40"}
{"level":"info","message":"Persisting migrated Item record [phbsplCharmPerso] of database \"dnd5e.spells24\".","timestamp":"2026-07-19 22:39:40"}
{"level":"info","message":"Persisting migrated Item record [phbsplChillTouch] of database \"dnd5e.spells24\".","timestamp":"2026-07-19 22:39:40"}
{"level":"info","message":"Persisting migrated Item record [phbsplColorSpray] of database \"dnd5e.spells24\".","timestamp":"2026-07-19 22:39:40"}
{"level":"info","message":"Persisting migrated Item record [phbsplComprehend] of database \"dnd5e.spells24\".","timestamp":"2026-07-19 22:39:40"}
{"level":"info","message":"Persisting migrated Item record [phbsplCompulsion] of database \"dnd5e.spells24\".","timestamp":"2026-07-19 22:39:40"}
{"level":"info","message":"Persisting migrated Item record [phbsplConfusion0] of database \"dnd5e.spells24\".","timestamp":"2026-07-19 22:39:40"}
{"level":"info","message":"Persisting migrated Item record [phbsplContagion0] of database \"dnd5e.spells24\".","timestamp":"2026-07-19 22:39:40"}
{"level":"info","message":"Persisting migrated Item record [phbsplContingenc] of database \"dnd5e.spells24\".","timestamp":"2026-07-19 22:39:40"}
{"level":"info","message":"Persisting migrated Item record [phbsplDarkvision] of database \"dnd5e.spells24\".","timestamp":"2026-07-19 22:39:40"}
{"level":"info","message":"Persisting migrated Item record [phbsplDeathWard0] of database \"dnd5e.spells24\".","timestamp":"2026-07-19 22:39:40"}
{"level":"info","message":"Persisting migrated Item record [phbsplDetectEvil] of database \"dnd5e.spells24\".","timestamp":"2026-07-19 22:39:40"}
{"level":"info","message":"Persisting migrated Item record [phbsplDetectMagi] of database \"dnd5e.spells24\".","timestamp":"2026-07-19 22:39:40"}
{"level":"info","message":"Persisting migrated Item record [phbsplDetectPois] of database \"dnd5e.spells24\".","timestamp":"2026-07-19 22:39:40"}
{"level":"info","message":"Persisting migrated Item record [phbsplDisguiseSe] of database \"dnd5e.spells24\".","timestamp":"2026-07-19 22:39:40"}
{"level":"info","message":"Persisting migrated Item record [phbsplDispelEvil] of database \"dnd5e.spells24\".","timestamp":"2026-07-19 22:39:40"}
{"level":"info","message":"Persisting migrated Item record [phbsplDivineFavo] of database \"dnd5e.spells24\".","timestamp":"2026-07-19 22:39:40"}
{"level":"info","message":"Persisting migrated Item record [phbsplDivineWord] of database \"dnd5e.spells24\".","timestamp":"2026-07-19 22:39:40"}
{"level":"info","message":"Persisting migrated Item record [phbsplDominateBe] of database \"dnd5e.spells24\".","timestamp":"2026-07-19 22:39:40"}
{"level":"info","message":"Persisting migrated Item record [phbsplDominateMo] of database \"dnd5e.spells24\".","timestamp":"2026-07-19 22:39:40"}
{"level":"info","message":"Persisting migrated Item record [phbsplDominatePe] of database \"dnd5e.spells24\".","timestamp":"2026-07-19 22:39:40"}
{"level":"info","message":"Persisting migrated Item record [phbsplDream00000] of database \"dnd5e.spells24\".","timestamp":"2026-07-19 22:39:40"}
{"level":"info","message":"Persisting migrated Item record [phbsplEarthquake] of database \"dnd5e.spells24\".","timestamp":"2026-07-19 22:39:40"}
{"level":"info","message":"Persisting migrated Item record [phbsplEnhanceAbi] of database \"dnd5e.spells24\".","timestamp":"2026-07-19 22:39:40"}
{"level":"info","message":"Persisting migrated Item record [phbsplEnlargeRed] of database \"dnd5e.spells24\".","timestamp":"2026-07-19 22:39:40"}
{"level":"info","message":"Persisting migrated Item record [phbsplEnsnaringS] of database \"dnd5e.spells24\".","timestamp":"2026-07-19 22:39:40"}
{"level":"info","message":"Persisting migrated Item record [phbsplEntangle00] of database \"dnd5e.spells24\".","timestamp":"2026-07-19 22:39:40"}
{"level":"info","message":"Persisting migrated Item record [phbsplEnthrall00] of database \"dnd5e.spells24\".","timestamp":"2026-07-19 22:39:40"}
{"level":"info","message":"Persisting migrated Item record [phbsplEtherealne] of database \"dnd5e.spells24\".","timestamp":"2026-07-19 22:39:40"}
{"level":"info","message":"Persisting migrated Item record [phbsplEvardsBlac] of database \"dnd5e.spells24\".","timestamp":"2026-07-19 22:39:40"}
{"level":"info","message":"Persisting migrated Item record [phbsplEyebite000] of database \"dnd5e.spells24\".","timestamp":"2026-07-19 22:39:40"}
{"level":"info","message":"Persisting migrated Item record [phbsplFaerieFire] of database \"dnd5e.spells24\".","timestamp":"2026-07-19 22:39:40"}
{"level":"info","message":"Persisting migrated Item record [phbsplFear000000] of database \"dnd5e.spells24\".","timestamp":"2026-07-19 22:39:40"}
{"level":"info","message":"Persisting migrated Item record [phbsplFindSteed0] of database \"dnd5e.spells24\".","timestamp":"2026-07-19 22:39:40"}
{"level":"info","message":"Persisting migrated Item record [phbsplFireShield] of database \"dnd5e.spells24\".","timestamp":"2026-07-19 22:39:40"}
{"level":"info","message":"Persisting migrated Item record [phbsplFleshtoSto] of database \"dnd5e.spells24\".","timestamp":"2026-07-19 22:39:40"}
{"level":"info","message":"Persisting migrated Item record [phbsplFly0000000] of database \"dnd5e.spells24\".","timestamp":"2026-07-19 22:39:40"}
{"level":"info","message":"Persisting migrated Item record [phbsplForesight0] of database \"dnd5e.spells24\".","timestamp":"2026-07-19 22:39:40"}
{"level":"info","message":"Persisting migrated Item record [phbsplFreedomofM] of database \"dnd5e.spells24\".","timestamp":"2026-07-19 22:39:40"}
{"level":"info","message":"Persisting migrated Item record [phbsplGaseousFor] of database \"dnd5e.spells24\".","timestamp":"2026-07-19 22:39:40"}
{"level":"info","message":"Persisting migrated Item record [phbsplGeas000000] of database \"dnd5e.spells24\".","timestamp":"2026-07-19 22:39:40"}
{"level":"info","message":"Persisting migrated Item record [phbsplGlibness00] of database \"dnd5e.spells24\".","timestamp":"2026-07-19 22:39:40"}
{"level":"info","message":"Persisting migrated Item record [phbsplGreaterInv] of database \"dnd5e.spells24\".","timestamp":"2026-07-19 22:39:40"}
{"level":"info","message":"Persisting migrated Item record [phbsplGuidance00] of database \"dnd5e.spells24\".","timestamp":"2026-07-19 22:39:40"}
{"level":"info","message":"Persisting migrated Item record [phbsplGuidingBol] of database \"dnd5e.spells24\".","timestamp":"2026-07-19 22:39:40"}
{"level":"info","message":"Persisting migrated Item record [phbsplHaste00000] of database \"dnd5e.spells24\".","timestamp":"2026-07-19 22:39:40"}
{"level":"info","message":"Persisting migrated Item record [phbsplHeatMetal0] of database \"dnd5e.spells24\".","timestamp":"2026-07-19 22:39:40"}
{"level":"info","message":"Persisting migrated Item record [phbsplHeroesFeas] of database \"dnd5e.spells24\".","timestamp":"2026-07-19 22:39:40"}
{"level":"info","message":"Persisting migrated Item record [phbsplHeroism000] of database \"dnd5e.spells24\".","timestamp":"2026-07-19 22:39:40"}
{"level":"info","message":"Persisting migrated Item record [phbsplHex0000000] of database \"dnd5e.spells24\".","timestamp":"2026-07-19 22:39:40"}
{"level":"info","message":"Persisting migrated Item record [phbsplHoldMonste] of database \"dnd5e.spells24\".","timestamp":"2026-07-19 22:39:40"}
{"level":"info","message":"Persisting migrated Item record [phbsplHoldPerson] of database \"dnd5e.spells24\".","timestamp":"2026-07-19 22:39:40"}
{"level":"info","message":"Persisting migrated Item record [phbsplHolyAura00] of database \"dnd5e.spells24\".","timestamp":"2026-07-19 22:39:40"}
{"level":"info","message":"Persisting migrated Item record [phbsplHuntersMar] of database \"dnd5e.spells24\".","timestamp":"2026-07-19 22:39:40"}
{"level":"info","message":"Persisting migrated Item record [phbsplHypnoticPa] of database \"dnd5e.spells24\".","timestamp":"2026-07-19 22:39:40"}
{"level":"info","message":"Persisting migrated Item record [phbsplImprisonme] of database \"dnd5e.spells24\".","timestamp":"2026-07-19 22:39:40"}
{"level":"info","message":"Persisting migrated Item record [phbsplInvisibili] of database \"dnd5e.spells24\".","timestamp":"2026-07-19 22:39:40"}
{"level":"info","message":"Persisting migrated Item record [phbsplJump000000] of database \"dnd5e.spells24\".","timestamp":"2026-07-19 22:39:40"}
{"level":"info","message":"Persisting migrated Item record [phbsplLevitate00] of database \"dnd5e.spells24\".","timestamp":"2026-07-19 22:39:40"}
{"level":"info","message":"Persisting migrated Item record [phbsplLongstride] of database \"dnd5e.spells24\".","timestamp":"2026-07-19 22:39:40"}
{"level":"info","message":"Persisting migrated Item record [phbsplMageArmor0] of database \"dnd5e.spells24\".","timestamp":"2026-07-19 22:39:40"}
{"level":"info","message":"Persisting migrated Item record [phbsplMagicJar00] of database \"dnd5e.spells24\".","timestamp":"2026-07-19 22:39:40"}
{"level":"info","message":"Persisting migrated Item record [phbsplMagicWeapo] of database \"dnd5e.spells24\".","timestamp":"2026-07-19 22:39:40"}
{"level":"info","message":"Persisting migrated Item record [phbsplMassSugges] of database \"dnd5e.spells24\".","timestamp":"2026-07-19 22:39:40"}
{"level":"info","message":"Persisting migrated Item record [phbsplMaze000000] of database \"dnd5e.spells24\".","timestamp":"2026-07-19 22:39:40"}
{"level":"info","message":"Persisting migrated Item record [phbsplMelfsAcidA] of database \"dnd5e.spells24\".","timestamp":"2026-07-19 22:39:40"}
{"level":"info","message":"Persisting migrated Item record [phbsplMindBlank0] of database \"dnd5e.spells24\".","timestamp":"2026-07-19 22:39:40"}
{"level":"info","message":"Persisting migrated Item record [phbsplMindSpike0] of database \"dnd5e.spells24\".","timestamp":"2026-07-19 22:39:40"}
{"level":"info","message":"Persisting migrated Item record [phbsplMirrorImag] of database \"dnd5e.spells24\".","timestamp":"2026-07-19 22:39:40"}
{"level":"info","message":"Persisting migrated Item record [phbsplMislead000] of database \"dnd5e.spells24\".","timestamp":"2026-07-19 22:39:40"}
{"level":"info","message":"Persisting migrated Item record [phbsplModifyMemo] of database \"dnd5e.spells24\".","timestamp":"2026-07-19 22:39:40"}
{"level":"info","message":"Persisting migrated Item record [phbsplNondetecti] of database \"dnd5e.spells24\".","timestamp":"2026-07-19 22:39:40"}
{"level":"info","message":"Persisting migrated Item record [phbsplNystulsMag] of database \"dnd5e.spells24\".","timestamp":"2026-07-19 22:39:40"}
{"level":"info","message":"Persisting migrated Item record [phbsplOtilukesFr] of database \"dnd5e.spells24\".","timestamp":"2026-07-19 22:39:40"}
{"level":"info","message":"Persisting migrated Item record [phbsplOtilukesRe] of database \"dnd5e.spells24\".","timestamp":"2026-07-19 22:39:40"}
{"level":"info","message":"Persisting migrated Item record [phbsplOttosIrres] of database \"dnd5e.spells24\".","timestamp":"2026-07-19 22:39:40"}
{"level":"info","message":"Persisting migrated Item record [phbsplPasswithou] of database \"dnd5e.spells24\".","timestamp":"2026-07-19 22:39:40"}
{"level":"info","message":"Persisting migrated Item record [phbsplPhantasmal] of database \"dnd5e.spells24\".","timestamp":"2026-07-19 22:39:40"}
{"level":"info","message":"Persisting migrated Item record [phbsplPlanarBind] of database \"dnd5e.spells24\".","timestamp":"2026-07-19 22:39:40"}
{"level":"info","message":"Persisting migrated Item record [phbsplPowerWordS] of database \"dnd5e.spells24\".","timestamp":"2026-07-19 22:39:40"}
{"level":"info","message":"Persisting migrated Item record [phbsplPrayerofHe] of database \"dnd5e.spells24\".","timestamp":"2026-07-19 22:39:40"}
{"level":"info","message":"Persisting migrated Item record [phbsplPrismaticS] of database \"dnd5e.spells24\".","timestamp":"2026-07-19 22:39:40"}
{"level":"info","message":"Persisting migrated Item record [phbsplPrismaticW] of database \"dnd5e.spells24\".","timestamp":"2026-07-19 22:39:40"}
{"level":"info","message":"Persisting migrated Item record [phbsplProtection] of database \"dnd5e.spells24\".","timestamp":"2026-07-19 22:39:40"}
{"level":"info","message":"Persisting migrated Item record [phbsplRaiseDead0] of database \"dnd5e.spells24\".","timestamp":"2026-07-19 22:39:40"}
{"level":"info","message":"Persisting migrated Item record [phbsplRarysTelep] of database \"dnd5e.spells24\".","timestamp":"2026-07-19 22:39:40"}
{"level":"info","message":"Persisting migrated Item record [phbsplRayofEnfee] of database \"dnd5e.spells24\".","timestamp":"2026-07-19 22:39:40"}
{"level":"info","message":"Persisting migrated Item record [phbsplRayofFrost] of database \"dnd5e.spells24\".","timestamp":"2026-07-19 22:39:40"}
{"level":"info","message":"Persisting migrated Item record [phbsplRegenerate] of database \"dnd5e.spells24\".","timestamp":"2026-07-19 22:39:40"}
{"level":"info","message":"Persisting migrated Item record [phbsplResistance] of database \"dnd5e.spells24\".","timestamp":"2026-07-19 22:39:40"}
{"level":"info","message":"Persisting migrated Item record [phbsplResurrecti] of database \"dnd5e.spells24\".","timestamp":"2026-07-19 22:39:40"}
{"level":"info","message":"Persisting migrated Item record [phbsplSearingSmi] of database \"dnd5e.spells24\".","timestamp":"2026-07-19 22:39:40"}
{"level":"info","message":"Persisting migrated Item record [phbsplSeeInvisib] of database \"dnd5e.spells24\".","timestamp":"2026-07-19 22:39:40"}
{"level":"info","message":"Persisting migrated Item record [phbsplSeeming000] of database \"dnd5e.spells24\".","timestamp":"2026-07-19 22:39:40"}
{"level":"info","message":"Persisting migrated Item record [phbsplSequester0] of database \"dnd5e.spells24\".","timestamp":"2026-07-19 22:39:40"}
{"level":"info","message":"Persisting migrated Item record [phbsplShield0000] of database \"dnd5e.spells24\".","timestamp":"2026-07-19 22:39:40"}
{"level":"info","message":"Persisting migrated Item record [phbsplShieldofFa] of database \"dnd5e.spells24\".","timestamp":"2026-07-19 22:39:40"}
{"level":"info","message":"Persisting migrated Item record [phbsplShillelagh] of database \"dnd5e.spells24\".","timestamp":"2026-07-19 22:39:40"}
{"level":"info","message":"Persisting migrated Item record [phbsplShiningSmi] of database \"dnd5e.spells24\".","timestamp":"2026-07-19 22:39:40"}
{"level":"info","message":"Persisting migrated Item record [phbsplShockingGr] of database \"dnd5e.spells24\".","timestamp":"2026-07-19 22:39:40"}
{"level":"info","message":"Persisting migrated Item record [phbsplSilence000] of database \"dnd5e.spells24\".","timestamp":"2026-07-19 22:39:40"}
{"level":"info","message":"Persisting migrated Item record [phbsplSleep00000] of database \"dnd5e.spells24\".","timestamp":"2026-07-19 22:39:40"}
{"level":"info","message":"Persisting migrated Item record [phbsplSlow000000] of database \"dnd5e.spells24\".","timestamp":"2026-07-19 22:39:40"}
{"level":"info","message":"Persisting migrated Item record [phbsplSparetheDy] of database \"dnd5e.spells24\".","timestamp":"2026-07-19 22:39:40"}
{"level":"info","message":"Persisting migrated Item record [phbsplSpeakwithA] of database \"dnd5e.spells24\".","timestamp":"2026-07-19 22:39:40"}
{"level":"info","message":"Persisting migrated Item record [phbsplSpeakwithP] of database \"dnd5e.spells24\".","timestamp":"2026-07-19 22:39:40"}
{"level":"info","message":"Persisting migrated Item record [phbsplSpiderClim] of database \"dnd5e.spells24\".","timestamp":"2026-07-19 22:39:40"}
{"level":"info","message":"Persisting migrated Item record [phbsplSpiritGuar] of database \"dnd5e.spells24\".","timestamp":"2026-07-19 22:39:40"}
{"level":"info","message":"Persisting migrated Item record [phbsplStarryWisp] of database \"dnd5e.spells24\".","timestamp":"2026-07-19 22:39:40"}
{"level":"info","message":"Persisting migrated Item record [phbsplStinkingCl] of database \"dnd5e.spells24\".","timestamp":"2026-07-19 22:39:40"}
{"level":"info","message":"Persisting migrated Item record [phbsplStoneskin0] of database \"dnd5e.spells24\".","timestamp":"2026-07-19 22:39:40"}
{"level":"info","message":"Persisting migrated Item record [phbsplStormofVen] of database \"dnd5e.spells24\".","timestamp":"2026-07-19 22:39:40"}
{"level":"info","message":"Persisting migrated Item record [phbsplSuggestion] of database \"dnd5e.spells24\".","timestamp":"2026-07-19 22:39:40"}
{"level":"info","message":"Persisting migrated Item record [phbsplSunbeam000] of database \"dnd5e.spells24\".","timestamp":"2026-07-19 22:39:40"}
{"level":"info","message":"Persisting migrated Item record [phbsplSunburst00] of database \"dnd5e.spells24\".","timestamp":"2026-07-19 22:39:40"}
{"level":"info","message":"Persisting migrated Item record [phbsplSymbol0000] of database \"dnd5e.spells24\".","timestamp":"2026-07-19 22:39:40"}
{"level":"info","message":"Persisting migrated Item record [phbsplTashasHide] of database \"dnd5e.spells24\".","timestamp":"2026-07-19 22:39:40"}
{"level":"info","message":"Persisting migrated Item record [phbsplThaumaturg] of database \"dnd5e.spells24\".","timestamp":"2026-07-19 22:39:40"}
{"level":"info","message":"Persisting migrated Item record [phbsplTongues000] of database \"dnd5e.spells24\".","timestamp":"2026-07-19 22:39:40"}
{"level":"info","message":"Persisting migrated Item record [phbsplTrueSeeing] of database \"dnd5e.spells24\".","timestamp":"2026-07-19 22:39:40"}
{"level":"info","message":"Persisting migrated Item record [phbsplTrueStrike] of database \"dnd5e.spells24\".","timestamp":"2026-07-19 22:39:40"}
{"level":"info","message":"Persisting migrated Item record [phbsplViciousMoc] of database \"dnd5e.spells24\".","timestamp":"2026-07-19 22:39:40"}
{"level":"info","message":"Persisting migrated Item record [phbsplVitriolicS] of database \"dnd5e.spells24\".","timestamp":"2026-07-19 22:39:40"}
{"level":"info","message":"Persisting migrated Item record [phbsplWardingBon] of database \"dnd5e.spells24\".","timestamp":"2026-07-19 22:39:40"}
{"level":"info","message":"Persisting migrated Item record [phbsplWaterBreat] of database \"dnd5e.spells24\".","timestamp":"2026-07-19 22:39:40"}
{"level":"info","message":"Persisting migrated Item record [phbsplWaterWalk0] of database \"dnd5e.spells24\".","timestamp":"2026-07-19 22:39:40"}
{"level":"info","message":"Persisting migrated Item record [phbsplWeird00000] of database \"dnd5e.spells24\".","timestamp":"2026-07-19 22:39:40"}
{"level":"info","message":"Persisting migrated Item record [phbsplWindWalk00] of database \"dnd5e.spells24\".","timestamp":"2026-07-19 22:39:40"}
{"level":"info","message":"Persisting migrated Item record [phbsplWish000000] of database \"dnd5e.spells24\".","timestamp":"2026-07-19 22:39:40"}
{"level":"info","message":"Persisting migrated Item record [phbsplZoneofTrut] of database \"dnd5e.spells24\".","timestamp":"2026-07-19 22:39:40"}
{"level":"info","message":"Completed migration of database \"dnd5e.spells24.\"","timestamp":"2026-07-19 22:39:40"}
{"level":"info","message":"Launching World | Migrating Package Data - 85%","timestamp":"2026-07-19 22:39:40"}
{"level":"info","message":"Migrated Item record [KbVt56CK4ud3FUk3] of database \"dnd5e.equipment24\".","timestamp":"2026-07-19 22:39:40"}
{"level":"info","message":"Migrated Item record [dmg1WandOfTheWar] of database \"dnd5e.equipment24\".","timestamp":"2026-07-19 22:39:40"}
{"level":"info","message":"Migrated Item record [dmgAdamantineArm] of database \"dnd5e.equipment24\".","timestamp":"2026-07-19 22:39:40"}
{"level":"info","message":"Migrated Item record [dmgAgilityIounSt] of database \"dnd5e.equipment24\".","timestamp":"2026-07-19 22:39:40"}
{"level":"info","message":"Migrated Item record [dmgAirRingOfElem] of database \"dnd5e.equipment24\".","timestamp":"2026-07-19 22:39:40"}
{"level":"info","message":"Migrated Item record [dmgAmmunition12o] of database \"dnd5e.equipment24\".","timestamp":"2026-07-19 22:39:40"}
{"level":"info","message":"Migrated Item record [dmgAmuletOfHealt] of database \"dnd5e.equipment24\".","timestamp":"2026-07-19 22:39:40"}
{"level":"info","message":"Migrated Item record [dmgAnchorQuaalsF] of database \"dnd5e.equipment24\".","timestamp":"2026-07-19 22:39:40"}
{"level":"info","message":"Migrated Item record [dmgAnimatedShiel] of database \"dnd5e.equipment24\".","timestamp":"2026-07-19 22:39:40"}
{"level":"info","message":"Migrated Item record [dmgArmor12or3000] of database \"dnd5e.equipment24\".","timestamp":"2026-07-19 22:39:40"}
{"level":"info","message":"Migrated Item record [dmgArmorOfInvuln] of database \"dnd5e.equipment24\".","timestamp":"2026-07-19 22:39:40"}
{"level":"info","message":"Migrated Item record [dmgArmorOfResist] of database \"dnd5e.equipment24\".","timestamp":"2026-07-19 22:39:40"}
{"level":"info","message":"Migrated Item record [dmgArmorOfVulner] of database \"dnd5e.equipment24\".","timestamp":"2026-07-19 22:39:40"}
{"level":"info","message":"Migrated Item record [dmgArrowcatching] of database \"dnd5e.equipment24\".","timestamp":"2026-07-19 22:39:40"}
{"level":"info","message":"Migrated Item record [dmgAssassinsBloo] of database \"dnd5e.equipment24\".","timestamp":"2026-07-19 22:39:40"}
{"level":"info","message":"Migrated Item record [dmgAwarenessIoun] of database \"dnd5e.equipment24\".","timestamp":"2026-07-19 22:39:40"}
{"level":"info","message":"Migrated Item record [dmgBeltOfDwarven] of database \"dnd5e.equipment24\".","timestamp":"2026-07-19 22:39:40"}
{"level":"info","message":"Migrated Item record [dmgBerserkerAxe0] of database \"dnd5e.equipment24\".","timestamp":"2026-07-19 22:39:40"}
{"level":"info","message":"Migrated Item record [dmgBootsOfElvenk] of database \"dnd5e.equipment24\".","timestamp":"2026-07-19 22:39:40"}
{"level":"info","message":"Migrated Item record [dmgBootsOfSpeed0] of database \"dnd5e.equipment24\".","timestamp":"2026-07-19 22:39:40"}
{"level":"info","message":"Migrated Item record [dmgBootsOfStridi] of database \"dnd5e.equipment24\".","timestamp":"2026-07-19 22:39:40"}
{"level":"info","message":"Migrated Item record [dmgBootsOfTheWin] of database \"dnd5e.equipment24\".","timestamp":"2026-07-19 22:39:40"}
{"level":"info","message":"Migrated Item record [dmgBracersOfArch] of database \"dnd5e.equipment24\".","timestamp":"2026-07-19 22:39:40"}
{"level":"info","message":"Migrated Item record [dmgBracersOfDefe] of database \"dnd5e.equipment24\".","timestamp":"2026-07-19 22:39:40"}
{"level":"info","message":"Migrated Item record [dmgBrassHornOfVa] of database \"dnd5e.equipment24\".","timestamp":"2026-07-19 22:39:40"}
{"level":"info","message":"Migrated Item record [dmgBronzeHornOfV] of database \"dnd5e.equipment24\".","timestamp":"2026-07-19 22:39:40"}
{"level":"info","message":"Migrated Item record [dmgBroochOfShiel] of database \"dnd5e.equipment24\".","timestamp":"2026-07-19 22:39:40"}
{"level":"info","message":"Migrated Item record [dmgBroomOfFlying] of database \"dnd5e.equipment24\".","timestamp":"2026-07-19 22:39:40"}
{"level":"info","message":"Migrated Item record [dmgCandleOfInvoc] of database \"dnd5e.equipment24\".","timestamp":"2026-07-19 22:39:40"}
{"level":"info","message":"Migrated Item record [dmgCarrionCrawle] of database \"dnd5e.equipment24\".","timestamp":"2026-07-19 22:39:40"}
{"level":"info","message":"Migrated Item record [dmgCloakOfArachn] of database \"dnd5e.equipment24\".","timestamp":"2026-07-19 22:39:40"}
{"level":"info","message":"Migrated Item record [dmgCloakOfDispla] of database \"dnd5e.equipment24\".","timestamp":"2026-07-19 22:39:40"}
{"level":"info","message":"Migrated Item record [dmgCloakOfElvenk] of database \"dnd5e.equipment24\".","timestamp":"2026-07-19 22:39:40"}
{"level":"info","message":"Migrated Item record [dmgCloakOfInvisi] of database \"dnd5e.equipment24\".","timestamp":"2026-07-19 22:39:40"}
{"level":"info","message":"Migrated Item record [dmgCloakOfProtec] of database \"dnd5e.equipment24\".","timestamp":"2026-07-19 22:39:40"}
{"level":"info","message":"Migrated Item record [dmgCloakOfTheBat] of database \"dnd5e.equipment24\".","timestamp":"2026-07-19 22:39:40"}
{"level":"info","message":"Migrated Item record [dmgCloakOfTheMan] of database \"dnd5e.equipment24\".","timestamp":"2026-07-19 22:39:40"}
{"level":"info","message":"Migrated Item record [dmgCloudPotionOf] of database \"dnd5e.equipment24\".","timestamp":"2026-07-19 22:39:40"}
{"level":"info","message":"Migrated Item record [dmgDaggerOfVenom] of database \"dnd5e.equipment24\".","timestamp":"2026-07-19 22:39:40"}
{"level":"info","message":"Migrated Item record [dmgDancingSword0] of database \"dnd5e.equipment24\".","timestamp":"2026-07-19 22:39:40"}
{"level":"info","message":"Migrated Item record [dmgDefender00000] of database \"dnd5e.equipment24\".","timestamp":"2026-07-19 22:39:40"}
{"level":"info","message":"Migrated Item record [dmgDemonArmor000] of database \"dnd5e.equipment24\".","timestamp":"2026-07-19 22:39:40"}
{"level":"info","message":"Migrated Item record [dmgDimensionalSh] of database \"dnd5e.equipment24\".","timestamp":"2026-07-19 22:39:40"}
{"level":"info","message":"Migrated Item record [dmgDmtComet00000] of database \"dnd5e.equipment24\".","timestamp":"2026-07-19 22:39:40"}
{"level":"info","message":"Migrated Item record [dmgDmtDonjon0000] of database \"dnd5e.equipment24\".","timestamp":"2026-07-19 22:39:40"}
{"level":"info","message":"Migrated Item record [dmgDmtEuryale000] of database \"dnd5e.equipment24\".","timestamp":"2026-07-19 22:39:40"}
{"level":"info","message":"Migrated Item record [dmgDmtFlames0000] of database \"dnd5e.equipment24\".","timestamp":"2026-07-19 22:39:40"}
{"level":"info","message":"Migrated Item record [dmgDmtFool000000] of database \"dnd5e.equipment24\".","timestamp":"2026-07-19 22:39:40"}
{"level":"info","message":"Migrated Item record [dmgDmtRogue00000] of database \"dnd5e.equipment24\".","timestamp":"2026-07-19 22:39:40"}
{"level":"info","message":"Migrated Item record [dmgDmtSun0000000] of database \"dnd5e.equipment24\".","timestamp":"2026-07-19 22:39:40"}
{"level":"info","message":"Migrated Item record [dmgDmtVoid000000] of database \"dnd5e.equipment24\".","timestamp":"2026-07-19 22:39:40"}
{"level":"info","message":"Migrated Item record [dmgDragonScaleMa] of database \"dnd5e.equipment24\".","timestamp":"2026-07-19 22:39:40"}
{"level":"info","message":"Migrated Item record [dmgDragonSlayer0] of database \"dnd5e.equipment24\".","timestamp":"2026-07-19 22:39:40"}
{"level":"info","message":"Migrated Item record [dmgDustOfDisappe] of database \"dnd5e.equipment24\".","timestamp":"2026-07-19 22:39:40"}
{"level":"info","message":"Migrated Item record [dmgDustOfSneezin] of database \"dnd5e.equipment24\".","timestamp":"2026-07-19 22:39:40"}
{"level":"info","message":"Migrated Item record [dmgDwarvenPlate0] of database \"dnd5e.equipment24\".","timestamp":"2026-07-19 22:39:40"}
{"level":"info","message":"Migrated Item record [dmgEarthRingOfEl] of database \"dnd5e.equipment24\".","timestamp":"2026-07-19 22:39:40"}
{"level":"info","message":"Migrated Item record [dmgEfreetiChain0] of database \"dnd5e.equipment24\".","timestamp":"2026-07-19 22:39:40"}
{"level":"info","message":"Migrated Item record [dmgElvenChain000] of database \"dnd5e.equipment24\".","timestamp":"2026-07-19 22:39:40"}
{"level":"info","message":"Migrated Item record [dmgEnergyBow0000] of database \"dnd5e.equipment24\".","timestamp":"2026-07-19 22:39:40"}
{"level":"info","message":"Migrated Item record [dmgEssenceOfEthe] of database \"dnd5e.equipment24\".","timestamp":"2026-07-19 22:39:40"}
{"level":"info","message":"Migrated Item record [dmgFallingNet000] of database \"dnd5e.equipment24\".","timestamp":"2026-07-19 22:39:40"}
{"level":"info","message":"Migrated Item record [dmgFanQuaalsFeat] of database \"dnd5e.equipment24\".","timestamp":"2026-07-19 22:39:40"}
{"level":"info","message":"Migrated Item record [dmgFirePotionOfG] of database \"dnd5e.equipment24\".","timestamp":"2026-07-19 22:39:40"}
{"level":"info","message":"Migrated Item record [dmgFireRingOfEle] of database \"dnd5e.equipment24\".","timestamp":"2026-07-19 22:39:40"}
{"level":"info","message":"Migrated Item record [dmgFlameTongue00] of database \"dnd5e.equipment24\".","timestamp":"2026-07-19 22:39:40"}
{"level":"info","message":"Migrated Item record [dmgFortitudeIoun] of database \"dnd5e.equipment24\".","timestamp":"2026-07-19 22:39:40"}
{"level":"info","message":"Migrated Item record [dmgFrostBrand000] of database \"dnd5e.equipment24\".","timestamp":"2026-07-19 22:39:40"}
{"level":"info","message":"Migrated Item record [dmgFrostPotionOf] of database \"dnd5e.equipment24\".","timestamp":"2026-07-19 22:39:40"}
{"level":"info","message":"Migrated Item record [dmgFwpOnyxDogRar] of database \"dnd5e.equipment24\".","timestamp":"2026-07-19 22:39:40"}
{"level":"info","message":"Migrated Item record [dmgGauntletsOfOg] of database \"dnd5e.equipment24\".","timestamp":"2026-07-19 22:39:40"}
{"level":"info","message":"Migrated Item record [dmgGemOfBrightne] of database \"dnd5e.equipment24\".","timestamp":"2026-07-19 22:39:40"}
{"level":"info","message":"Migrated Item record [dmgGemOfSeeing00] of database \"dnd5e.equipment24\".","timestamp":"2026-07-19 22:39:40"}
{"level":"info","message":"Migrated Item record [dmgGiantSlayer00] of database \"dnd5e.equipment24\".","timestamp":"2026-07-19 22:39:40"}
{"level":"info","message":"Migrated Item record [dmgGlovesOfSwimm] of database \"dnd5e.equipment24\".","timestamp":"2026-07-19 22:39:40"}
{"level":"info","message":"Migrated Item record [dmgGlovesOfThiev] of database \"dnd5e.equipment24\".","timestamp":"2026-07-19 22:39:40"}
{"level":"info","message":"Migrated Item record [dmgGogglesOfNigh] of database \"dnd5e.equipment24\".","timestamp":"2026-07-19 22:39:40"}
{"level":"info","message":"Migrated Item record [dmgHammerOfThund] of database \"dnd5e.equipment24\".","timestamp":"2026-07-19 22:39:40"}
{"level":"info","message":"Migrated Item record [dmgHeadbandOfInt] of database \"dnd5e.equipment24\".","timestamp":"2026-07-19 22:39:40"}
{"level":"info","message":"Migrated Item record [dmgHelmOfBrillia] of database \"dnd5e.equipment24\".","timestamp":"2026-07-19 22:39:40"}
{"level":"info","message":"Migrated Item record [dmgHelmOfTelepat] of database \"dnd5e.equipment24\".","timestamp":"2026-07-19 22:39:40"}
{"level":"info","message":"Migrated Item record [dmgHillPotionOfG] of database \"dnd5e.equipment24\".","timestamp":"2026-07-19 22:39:40"}
{"level":"info","message":"Migrated Item record [dmgHolyAvenger00] of database \"dnd5e.equipment24\".","timestamp":"2026-07-19 22:39:40"}
{"level":"info","message":"Migrated Item record [dmgHornOfBlastin] of database \"dnd5e.equipment24\".","timestamp":"2026-07-19 22:39:40"}
{"level":"info","message":"Migrated Item record [dmgHornofValhall] of database \"dnd5e.equipment24\".","timestamp":"2026-07-19 22:39:40"}
{"level":"info","message":"Migrated Item record [dmgHorseshoesOfA] of database \"dnd5e.equipment24\".","timestamp":"2026-07-19 22:39:40"}
{"level":"info","message":"Migrated Item record [dmgHorseshoesOfS] of database \"dnd5e.equipment24\".","timestamp":"2026-07-19 22:39:40"}
{"level":"info","message":"Migrated Item record [dmgInsightIounSt] of database \"dnd5e.equipment24\".","timestamp":"2026-07-19 22:39:40"}
{"level":"info","message":"Migrated Item record [dmgIntellectIoun] of database \"dnd5e.equipment24\".","timestamp":"2026-07-19 22:39:40"}
{"level":"info","message":"Migrated Item record [dmgIronBandsOfBi] of database \"dnd5e.equipment24\".","timestamp":"2026-07-19 22:39:40"}
{"level":"info","message":"Migrated Item record [dmgIronHornOfVal] of database \"dnd5e.equipment24\".","timestamp":"2026-07-19 22:39:40"}
{"level":"info","message":"Migrated Item record [dmgLeadershipIou] of database \"dnd5e.equipment24\".","timestamp":"2026-07-19 22:39:40"}
{"level":"info","message":"Migrated Item record [dmgLolthsSting00] of database \"dnd5e.equipment24\".","timestamp":"2026-07-19 22:39:40"}
{"level":"info","message":"Migrated Item record [dmgLuckBlade0000] of database \"dnd5e.equipment24\".","timestamp":"2026-07-19 22:39:40"}
{"level":"info","message":"Migrated Item record [dmgMaceOfDisrupt] of database \"dnd5e.equipment24\".","timestamp":"2026-07-19 22:39:40"}
{"level":"info","message":"Migrated Item record [dmgMaceOfTerror0] of database \"dnd5e.equipment24\".","timestamp":"2026-07-19 22:39:40"}
{"level":"info","message":"Migrated Item record [dmgMalice0000000] of database \"dnd5e.equipment24\".","timestamp":"2026-07-19 22:39:40"}
{"level":"info","message":"Migrated Item record [dmgManualOfBodil] of database \"dnd5e.equipment24\".","timestamp":"2026-07-19 22:39:40"}
{"level":"info","message":"Migrated Item record [dmgManualOfGainf] of database \"dnd5e.equipment24\".","timestamp":"2026-07-19 22:39:40"}
{"level":"info","message":"Migrated Item record [dmgManualOfQuick] of database \"dnd5e.equipment24\".","timestamp":"2026-07-19 22:39:40"}
{"level":"info","message":"Migrated Item record [dmgMasteryIounSt] of database \"dnd5e.equipment24\".","timestamp":"2026-07-19 22:39:40"}
{"level":"info","message":"Migrated Item record [dmgMithralArmor0] of database \"dnd5e.equipment24\".","timestamp":"2026-07-19 22:39:40"}
{"level":"info","message":"Migrated Item record [dmgNineLivesStea] of database \"dnd5e.equipment24\".","timestamp":"2026-07-19 22:39:40"}
{"level":"info","message":"Migrated Item record [dmgOathbow000000] of database \"dnd5e.equipment24\".","timestamp":"2026-07-19 22:39:40"}
{"level":"info","message":"Migrated Item record [dmgOilOfEthereal] of database \"dnd5e.equipment24\".","timestamp":"2026-07-19 22:39:40"}
{"level":"info","message":"Migrated Item record [dmgOilOfSharpnes] of database \"dnd5e.equipment24\".","timestamp":"2026-07-19 22:39:40"}
{"level":"info","message":"Migrated Item record [dmgOilOfTaggit00] of database \"dnd5e.equipment24\".","timestamp":"2026-07-19 22:39:40"}
{"level":"info","message":"Migrated Item record [dmgOrbOfDragonki] of database \"dnd5e.equipment24\".","timestamp":"2026-07-19 22:39:40"}
{"level":"info","message":"Migrated Item record [dmgPaleTincture0] of database \"dnd5e.equipment24\".","timestamp":"2026-07-19 22:39:40"}
{"level":"info","message":"Migrated Item record [dmgPeriaptOfProo] of database \"dnd5e.equipment24\".","timestamp":"2026-07-19 22:39:40"}
{"level":"info","message":"Migrated Item record [dmgPhilterOfLove] of database \"dnd5e.equipment24\".","timestamp":"2026-07-19 22:39:40"}
{"level":"info","message":"Migrated Item record [dmgPipeOfSmokeMo] of database \"dnd5e.equipment24\".","timestamp":"2026-07-19 22:39:40"}
{"level":"info","message":"Migrated Item record [dmgPipesOfHaunti] of database \"dnd5e.equipment24\".","timestamp":"2026-07-19 22:39:40"}
{"level":"info","message":"Migrated Item record [dmgPlateArmorOfE] of database \"dnd5e.equipment24\".","timestamp":"2026-07-19 22:39:40"}
{"level":"info","message":"Migrated Item record [dmgPoisonedNeedl] of database \"dnd5e.equipment24\".","timestamp":"2026-07-19 22:39:40"}
{"level":"info","message":"Migrated Item record [dmgPotionOfClimb] of database \"dnd5e.equipment24\".","timestamp":"2026-07-19 22:39:40"}
{"level":"info","message":"Migrated Item record [dmgPotionOfFlyin] of database \"dnd5e.equipment24\".","timestamp":"2026-07-19 22:39:40"}
{"level":"info","message":"Migrated Item record [dmgPotionOfHeroi] of database \"dnd5e.equipment24\".","timestamp":"2026-07-19 22:39:40"}
{"level":"info","message":"Migrated Item record [dmgPotionOfInvis] of database \"dnd5e.equipment24\".","timestamp":"2026-07-19 22:39:40"}
{"level":"info","message":"Migrated Item record [dmgPotionOfInvul] of database \"dnd5e.equipment24\".","timestamp":"2026-07-19 22:39:40"}
{"level":"info","message":"Migrated Item record [dmgPotionOfPoiso] of database \"dnd5e.equipment24\".","timestamp":"2026-07-19 22:39:40"}
{"level":"info","message":"Migrated Item record [dmgPotionOfResis] of database \"dnd5e.equipment24\".","timestamp":"2026-07-19 22:39:40"}
{"level":"info","message":"Migrated Item record [dmgPotionOfVital] of database \"dnd5e.equipment24\".","timestamp":"2026-07-19 22:39:40"}
{"level":"info","message":"Migrated Item record [dmgPotionOfWater] of database \"dnd5e.equipment24\".","timestamp":"2026-07-19 22:39:40"}
{"level":"info","message":"Migrated Item record [dmgProtectionIou] of database \"dnd5e.equipment24\".","timestamp":"2026-07-19 22:39:40"}
{"level":"info","message":"Migrated Item record [dmgRingOfFreeAct] of database \"dnd5e.equipment24\".","timestamp":"2026-07-19 22:39:40"}
{"level":"info","message":"Migrated Item record [dmgRingOfProtect] of database \"dnd5e.equipment24\".","timestamp":"2026-07-19 22:39:40"}
{"level":"info","message":"Migrated Item record [dmgRingOfResista] of database \"dnd5e.equipment24\".","timestamp":"2026-07-19 22:39:40"}
{"level":"info","message":"Migrated Item record [dmgRingOfSwimmin] of database \"dnd5e.equipment24\".","timestamp":"2026-07-19 22:39:40"}
{"level":"info","message":"Migrated Item record [dmgRingOfXrayVis] of database \"dnd5e.equipment24\".","timestamp":"2026-07-19 22:39:40"}
{"level":"info","message":"Migrated Item record [dmgRobeOfEyes000] of database \"dnd5e.equipment24\".","timestamp":"2026-07-19 22:39:40"}
{"level":"info","message":"Migrated Item record [dmgRobeOfScintil] of database \"dnd5e.equipment24\".","timestamp":"2026-07-19 22:39:40"}
{"level":"info","message":"Migrated Item record [dmgRobeOfStars00] of database \"dnd5e.equipment24\".","timestamp":"2026-07-19 22:39:40"}
{"level":"info","message":"Migrated Item record [dmgRobeOfTheArch] of database \"dnd5e.equipment24\".","timestamp":"2026-07-19 22:39:40"}
{"level":"info","message":"Migrated Item record [dmgRodOfAlertnes] of database \"dnd5e.equipment24\".","timestamp":"2026-07-19 22:39:40"}
{"level":"info","message":"Migrated Item record [dmgRodOfLordlyMi] of database \"dnd5e.equipment24\".","timestamp":"2026-07-19 22:39:40"}
{"level":"info","message":"Migrated Item record [dmgRodOfRulershi] of database \"dnd5e.equipment24\".","timestamp":"2026-07-19 22:39:40"}
{"level":"info","message":"Migrated Item record [dmgRopeOfEntangl] of database \"dnd5e.equipment24\".","timestamp":"2026-07-19 22:39:40"}
{"level":"info","message":"Migrated Item record [dmgScarabOfProte] of database \"dnd5e.equipment24\".","timestamp":"2026-07-19 22:39:40"}
{"level":"info","message":"Migrated Item record [dmgSentinelShiel] of database \"dnd5e.equipment24\".","timestamp":"2026-07-19 22:39:40"}
{"level":"info","message":"Migrated Item record [dmgShield12or300] of database \"dnd5e.equipment24\".","timestamp":"2026-07-19 22:39:40"}
{"level":"info","message":"Migrated Item record [dmgShieldOfTheCa] of database \"dnd5e.equipment24\".","timestamp":"2026-07-19 22:39:40"}
{"level":"info","message":"Migrated Item record [dmgSilverHornOfV] of database \"dnd5e.equipment24\".","timestamp":"2026-07-19 22:39:40"}
{"level":"info","message":"Migrated Item record [dmgSlayingAmmuni] of database \"dnd5e.equipment24\".","timestamp":"2026-07-19 22:39:40"}
{"level":"info","message":"Migrated Item record [dmgStaffOfFire00] of database \"dnd5e.equipment24\".","timestamp":"2026-07-19 22:39:40"}
{"level":"info","message":"Migrated Item record [dmgStaffOfFrost0] of database \"dnd5e.equipment24\".","timestamp":"2026-07-19 22:39:40"}
{"level":"info","message":"Migrated Item record [dmgStaffOfPower0] of database \"dnd5e.equipment24\".","timestamp":"2026-07-19 22:39:40"}
{"level":"info","message":"Migrated Item record [dmgStaffOfTheMag] of database \"dnd5e.equipment24\".","timestamp":"2026-07-19 22:39:40"}
{"level":"info","message":"Migrated Item record [dmgStaffOfTheWoo] of database \"dnd5e.equipment24\".","timestamp":"2026-07-19 22:39:40"}
{"level":"info","message":"Migrated Item record [dmgStaffOfThunde] of database \"dnd5e.equipment24\".","timestamp":"2026-07-19 22:39:40"}
{"level":"info","message":"Migrated Item record [dmgStaffOfWither] of database \"dnd5e.equipment24\".","timestamp":"2026-07-19 22:39:40"}
{"level":"info","message":"Migrated Item record [dmgStoneOfGoodLu] of database \"dnd5e.equipment24\".","timestamp":"2026-07-19 22:39:40"}
{"level":"info","message":"Migrated Item record [dmgStonePotionOf] of database \"dnd5e.equipment24\".","timestamp":"2026-07-19 22:39:40"}
{"level":"info","message":"Migrated Item record [dmgStormPotionOf] of database \"dnd5e.equipment24\".","timestamp":"2026-07-19 22:39:40"}
{"level":"info","message":"Migrated Item record [dmgStrengthIounS] of database \"dnd5e.equipment24\".","timestamp":"2026-07-19 22:39:40"}
{"level":"info","message":"Migrated Item record [dmgSustenanceIou] of database \"dnd5e.equipment24\".","timestamp":"2026-07-19 22:39:40"}
{"level":"info","message":"Migrated Item record [dmgSwordOfLifeSt] of database \"dnd5e.equipment24\".","timestamp":"2026-07-19 22:39:40"}
{"level":"info","message":"Migrated Item record [dmgSwordOfSharpn] of database \"dnd5e.equipment24\".","timestamp":"2026-07-19 22:39:40"}
{"level":"info","message":"Migrated Item record [dmgSwordOfWoundi] of database \"dnd5e.equipment24\".","timestamp":"2026-07-19 22:39:40"}
{"level":"info","message":"Migrated Item record [dmgTalismanOfPur] of database \"dnd5e.equipment24\".","timestamp":"2026-07-19 22:39:40"}
{"level":"info","message":"Migrated Item record [dmgTalismanOfUlt] of database \"dnd5e.equipment24\".","timestamp":"2026-07-19 22:39:40"}
{"level":"info","message":"Migrated Item record [dmgThunderousGre] of database \"dnd5e.equipment24\".","timestamp":"2026-07-19 22:39:40"}
{"level":"info","message":"Migrated Item record [dmgTomeOfClearTh] of database \"dnd5e.equipment24\".","timestamp":"2026-07-19 22:39:40"}
{"level":"info","message":"Migrated Item record [dmgTomeOfLeaders] of database \"dnd5e.equipment24\".","timestamp":"2026-07-19 22:39:40"}
{"level":"info","message":"Migrated Item record [dmgTomeOfUnderst] of database \"dnd5e.equipment24\".","timestamp":"2026-07-19 22:39:40"}
{"level":"info","message":"Migrated Item record [dmgTorpor0000000] of database \"dnd5e.equipment24\".","timestamp":"2026-07-19 22:39:40"}
{"level":"info","message":"Migrated Item record [dmgTruthSerum000] of database \"dnd5e.equipment24\".","timestamp":"2026-07-19 22:39:40"}
{"level":"info","message":"Migrated Item record [dmgViciousWeapon] of database \"dnd5e.equipment24\".","timestamp":"2026-07-19 22:39:40"}
{"level":"info","message":"Migrated Item record [dmgVorpalSword00] of database \"dnd5e.equipment24\".","timestamp":"2026-07-19 22:39:40"}
{"level":"info","message":"Migrated Item record [dmgWandOfParalys] of database \"dnd5e.equipment24\".","timestamp":"2026-07-19 22:39:40"}
{"level":"info","message":"Migrated Item record [dmgWandOfWonder0] of database \"dnd5e.equipment24\".","timestamp":"2026-07-19 22:39:40"}
{"level":"info","message":"Migrated Item record [dmgWaterRingOfEl] of database \"dnd5e.equipment24\".","timestamp":"2026-07-19 22:39:40"}
{"level":"info","message":"Migrated Item record [dmgWeapon12or300] of database \"dnd5e.equipment24\".","timestamp":"2026-07-19 22:39:40"}
{"level":"info","message":"Migrated Item record [dmgWeaponOfWarni] of database \"dnd5e.equipment24\".","timestamp":"2026-07-19 22:39:40"}
{"level":"info","message":"Migrated Item record [dmgWingedBoots00] of database \"dnd5e.equipment24\".","timestamp":"2026-07-19 22:39:40"}
{"level":"info","message":"Migrated Item record [dmgWingsOfFlying] of database \"dnd5e.equipment24\".","timestamp":"2026-07-19 22:39:40"}
{"level":"info","message":"Migrated Item record [dmgcloBeltofGian] of database \"dnd5e.equipment24\".","timestamp":"2026-07-19 22:39:40"}
{"level":"info","message":"Migrated Item record [dmgfirBeltofGian] of database \"dnd5e.equipment24\".","timestamp":"2026-07-19 22:39:40"}
{"level":"info","message":"Migrated Item record [dmgfroBeltofGian] of database \"dnd5e.equipment24\".","timestamp":"2026-07-19 22:39:40"}
{"level":"info","message":"Migrated Item record [dmghilBeltofGian] of database \"dnd5e.equipment24\".","timestamp":"2026-07-19 22:39:40"}
{"level":"info","message":"Migrated Item record [dmgstmBeltofGian] of database \"dnd5e.equipment24\".","timestamp":"2026-07-19 22:39:40"}
{"level":"info","message":"Migrated Item record [dmgstoBeltofGian] of database \"dnd5e.equipment24\".","timestamp":"2026-07-19 22:39:40"}
{"level":"info","message":"Migrated Item record [iYwrPPLmuVD9eqfa] of database \"dnd5e.equipment24\".","timestamp":"2026-07-19 22:39:40"}
{"level":"info","message":"Migrated Item record [phbUnarmedStrike] of database \"dnd5e.equipment24\".","timestamp":"2026-07-19 22:39:40"}
{"level":"info","message":"Migrated Item record [phbagAlchemistsF] of database \"dnd5e.equipment24\".","timestamp":"2026-07-19 22:39:40"}
{"level":"info","message":"Migrated Item record [phbagAntitoxin00] of database \"dnd5e.equipment24\".","timestamp":"2026-07-19 22:39:40"}
{"level":"info","message":"Migrated Item record [phbagBallBearing] of database \"dnd5e.equipment24\".","timestamp":"2026-07-19 22:39:40"}
{"level":"info","message":"Migrated Item record [phbagCaltrops000] of database \"dnd5e.equipment24\".","timestamp":"2026-07-19 22:39:40"}
{"level":"info","message":"Migrated Item record [phbagHuntingTrap] of database \"dnd5e.equipment24\".","timestamp":"2026-07-19 22:39:40"}
{"level":"info","message":"Migrated Item record [phbagManacles000] of database \"dnd5e.equipment24\".","timestamp":"2026-07-19 22:39:40"}
{"level":"info","message":"Migrated Item record [phbagNet00000000] of database \"dnd5e.equipment24\".","timestamp":"2026-07-19 22:39:40"}
{"level":"info","message":"Persisting migrated Item record [KbVt56CK4ud3FUk3] of database \"dnd5e.equipment24\".","timestamp":"2026-07-19 22:39:40"}
{"level":"info","message":"Persisting migrated Item record [dmg1WandOfTheWar] of database \"dnd5e.equipment24\".","timestamp":"2026-07-19 22:39:40"}
{"level":"info","message":"Persisting migrated Item record [dmgAdamantineArm] of database \"dnd5e.equipment24\".","timestamp":"2026-07-19 22:39:40"}
{"level":"info","message":"Persisting migrated Item record [dmgAgilityIounSt] of database \"dnd5e.equipment24\".","timestamp":"2026-07-19 22:39:40"}
{"level":"info","message":"Persisting migrated Item record [dmgAirRingOfElem] of database \"dnd5e.equipment24\".","timestamp":"2026-07-19 22:39:40"}
{"level":"info","message":"Persisting migrated Item record [dmgAmmunition12o] of database \"dnd5e.equipment24\".","timestamp":"2026-07-19 22:39:40"}
{"level":"info","message":"Persisting migrated Item record [dmgAmuletOfHealt] of database \"dnd5e.equipment24\".","timestamp":"2026-07-19 22:39:40"}
{"level":"info","message":"Persisting migrated Item record [dmgAnchorQuaalsF] of database \"dnd5e.equipment24\".","timestamp":"2026-07-19 22:39:40"}
{"level":"info","message":"Persisting migrated Item record [dmgAnimatedShiel] of database \"dnd5e.equipment24\".","timestamp":"2026-07-19 22:39:40"}
{"level":"info","message":"Persisting migrated Item record [dmgArmor12or3000] of database \"dnd5e.equipment24\".","timestamp":"2026-07-19 22:39:40"}
{"level":"info","message":"Persisting migrated Item record [dmgArmorOfInvuln] of database \"dnd5e.equipment24\".","timestamp":"2026-07-19 22:39:40"}
{"level":"info","message":"Persisting migrated Item record [dmgArmorOfResist] of database \"dnd5e.equipment24\".","timestamp":"2026-07-19 22:39:40"}
{"level":"info","message":"Persisting migrated Item record [dmgArmorOfVulner] of database \"dnd5e.equipment24\".","timestamp":"2026-07-19 22:39:40"}
{"level":"info","message":"Persisting migrated Item record [dmgArrowcatching] of database \"dnd5e.equipment24\".","timestamp":"2026-07-19 22:39:40"}
{"level":"info","message":"Persisting migrated Item record [dmgAssassinsBloo] of database \"dnd5e.equipment24\".","timestamp":"2026-07-19 22:39:40"}
{"level":"info","message":"Persisting migrated Item record [dmgAwarenessIoun] of database \"dnd5e.equipment24\".","timestamp":"2026-07-19 22:39:40"}
{"level":"info","message":"Persisting migrated Item record [dmgBeltOfDwarven] of database \"dnd5e.equipment24\".","timestamp":"2026-07-19 22:39:40"}
{"level":"info","message":"Persisting migrated Item record [dmgBerserkerAxe0] of database \"dnd5e.equipment24\".","timestamp":"2026-07-19 22:39:40"}
{"level":"info","message":"Persisting migrated Item record [dmgBootsOfElvenk] of database \"dnd5e.equipment24\".","timestamp":"2026-07-19 22:39:40"}
{"level":"info","message":"Persisting migrated Item record [dmgBootsOfSpeed0] of database \"dnd5e.equipment24\".","timestamp":"2026-07-19 22:39:40"}
{"level":"info","message":"Persisting migrated Item record [dmgBootsOfStridi] of database \"dnd5e.equipment24\".","timestamp":"2026-07-19 22:39:40"}
{"level":"info","message":"Persisting migrated Item record [dmgBootsOfTheWin] of database \"dnd5e.equipment24\".","timestamp":"2026-07-19 22:39:40"}
{"level":"info","message":"Persisting migrated Item record [dmgBracersOfArch] of database \"dnd5e.equipment24\".","timestamp":"2026-07-19 22:39:40"}
{"level":"info","message":"Persisting migrated Item record [dmgBracersOfDefe] of database \"dnd5e.equipment24\".","timestamp":"2026-07-19 22:39:40"}
{"level":"info","message":"Persisting migrated Item record [dmgBrassHornOfVa] of database \"dnd5e.equipment24\".","timestamp":"2026-07-19 22:39:40"}
{"level":"info","message":"Persisting migrated Item record [dmgBronzeHornOfV] of database \"dnd5e.equipment24\".","timestamp":"2026-07-19 22:39:40"}
{"level":"info","message":"Persisting migrated Item record [dmgBroochOfShiel] of database \"dnd5e.equipment24\".","timestamp":"2026-07-19 22:39:40"}
{"level":"info","message":"Persisting migrated Item record [dmgBroomOfFlying] of database \"dnd5e.equipment24\".","timestamp":"2026-07-19 22:39:40"}
{"level":"info","message":"Persisting migrated Item record [dmgCandleOfInvoc] of database \"dnd5e.equipment24\".","timestamp":"2026-07-19 22:39:40"}
{"level":"info","message":"Persisting migrated Item record [dmgCarrionCrawle] of database \"dnd5e.equipment24\".","timestamp":"2026-07-19 22:39:40"}
{"level":"info","message":"Persisting migrated Item record [dmgCloakOfArachn] of database \"dnd5e.equipment24\".","timestamp":"2026-07-19 22:39:40"}
{"level":"info","message":"Persisting migrated Item record [dmgCloakOfDispla] of database \"dnd5e.equipment24\".","timestamp":"2026-07-19 22:39:40"}
{"level":"info","message":"Persisting migrated Item record [dmgCloakOfElvenk] of database \"dnd5e.equipment24\".","timestamp":"2026-07-19 22:39:40"}
{"level":"info","message":"Persisting migrated Item record [dmgCloakOfInvisi] of database \"dnd5e.equipment24\".","timestamp":"2026-07-19 22:39:40"}
{"level":"info","message":"Persisting migrated Item record [dmgCloakOfProtec] of database \"dnd5e.equipment24\".","timestamp":"2026-07-19 22:39:40"}
{"level":"info","message":"Persisting migrated Item record [dmgCloakOfTheBat] of database \"dnd5e.equipment24\".","timestamp":"2026-07-19 22:39:40"}
{"level":"info","message":"Persisting migrated Item record [dmgCloakOfTheMan] of database \"dnd5e.equipment24\".","timestamp":"2026-07-19 22:39:40"}
{"level":"info","message":"Persisting migrated Item record [dmgCloudPotionOf] of database \"dnd5e.equipment24\".","timestamp":"2026-07-19 22:39:40"}
{"level":"info","message":"Persisting migrated Item record [dmgDaggerOfVenom] of database \"dnd5e.equipment24\".","timestamp":"2026-07-19 22:39:40"}
{"level":"info","message":"Persisting migrated Item record [dmgDancingSword0] of database \"dnd5e.equipment24\".","timestamp":"2026-07-19 22:39:40"}
{"level":"info","message":"Persisting migrated Item record [dmgDefender00000] of database \"dnd5e.equipment24\".","timestamp":"2026-07-19 22:39:40"}
{"level":"info","message":"Persisting migrated Item record [dmgDemonArmor000] of database \"dnd5e.equipment24\".","timestamp":"2026-07-19 22:39:40"}
{"level":"info","message":"Persisting migrated Item record [dmgDimensionalSh] of database \"dnd5e.equipment24\".","timestamp":"2026-07-19 22:39:40"}
{"level":"info","message":"Persisting migrated Item record [dmgDmtComet00000] of database \"dnd5e.equipment24\".","timestamp":"2026-07-19 22:39:40"}
{"level":"info","message":"Persisting migrated Item record [dmgDmtDonjon0000] of database \"dnd5e.equipment24\".","timestamp":"2026-07-19 22:39:40"}
{"level":"info","message":"Persisting migrated Item record [dmgDmtEuryale000] of database \"dnd5e.equipment24\".","timestamp":"2026-07-19 22:39:40"}
{"level":"info","message":"Persisting migrated Item record [dmgDmtFlames0000] of database \"dnd5e.equipment24\".","timestamp":"2026-07-19 22:39:40"}
{"level":"info","message":"Persisting migrated Item record [dmgDmtFool000000] of database \"dnd5e.equipment24\".","timestamp":"2026-07-19 22:39:40"}
{"level":"info","message":"Persisting migrated Item record [dmgDmtRogue00000] of database \"dnd5e.equipment24\".","timestamp":"2026-07-19 22:39:40"}
{"level":"info","message":"Persisting migrated Item record [dmgDmtSun0000000] of database \"dnd5e.equipment24\".","timestamp":"2026-07-19 22:39:40"}
{"level":"info","message":"Persisting migrated Item record [dmgDmtVoid000000] of database \"dnd5e.equipment24\".","timestamp":"2026-07-19 22:39:40"}
{"level":"info","message":"Persisting migrated Item record [dmgDragonScaleMa] of database \"dnd5e.equipment24\".","timestamp":"2026-07-19 22:39:40"}
{"level":"info","message":"Persisting migrated Item record [dmgDragonSlayer0] of database \"dnd5e.equipment24\".","timestamp":"2026-07-19 22:39:40"}
{"level":"info","message":"Persisting migrated Item record [dmgDustOfDisappe] of database \"dnd5e.equipment24\".","timestamp":"2026-07-19 22:39:40"}
{"level":"info","message":"Persisting migrated Item record [dmgDustOfSneezin] of database \"dnd5e.equipment24\".","timestamp":"2026-07-19 22:39:40"}
{"level":"info","message":"Persisting migrated Item record [dmgDwarvenPlate0] of database \"dnd5e.equipment24\".","timestamp":"2026-07-19 22:39:40"}
{"level":"info","message":"Persisting migrated Item record [dmgEarthRingOfEl] of database \"dnd5e.equipment24\".","timestamp":"2026-07-19 22:39:40"}
{"level":"info","message":"Persisting migrated Item record [dmgEfreetiChain0] of database \"dnd5e.equipment24\".","timestamp":"2026-07-19 22:39:40"}
{"level":"info","message":"Persisting migrated Item record [dmgElvenChain000] of database \"dnd5e.equipment24\".","timestamp":"2026-07-19 22:39:40"}
{"level":"info","message":"Persisting migrated Item record [dmgEnergyBow0000] of database \"dnd5e.equipment24\".","timestamp":"2026-07-19 22:39:40"}
{"level":"info","message":"Persisting migrated Item record [dmgEssenceOfEthe] of database \"dnd5e.equipment24\".","timestamp":"2026-07-19 22:39:40"}
{"level":"info","message":"Persisting migrated Item record [dmgFallingNet000] of database \"dnd5e.equipment24\".","timestamp":"2026-07-19 22:39:40"}
{"level":"info","message":"Persisting migrated Item record [dmgFanQuaalsFeat] of database \"dnd5e.equipment24\".","timestamp":"2026-07-19 22:39:40"}
{"level":"info","message":"Persisting migrated Item record [dmgFirePotionOfG] of database \"dnd5e.equipment24\".","timestamp":"2026-07-19 22:39:40"}
{"level":"info","message":"Persisting migrated Item record [dmgFireRingOfEle] of database \"dnd5e.equipment24\".","timestamp":"2026-07-19 22:39:40"}
{"level":"info","message":"Persisting migrated Item record [dmgFlameTongue00] of database \"dnd5e.equipment24\".","timestamp":"2026-07-19 22:39:40"}
{"level":"info","message":"Persisting migrated Item record [dmgFortitudeIoun] of database \"dnd5e.equipment24\".","timestamp":"2026-07-19 22:39:40"}
{"level":"info","message":"Persisting migrated Item record [dmgFrostBrand000] of database \"dnd5e.equipment24\".","timestamp":"2026-07-19 22:39:40"}
{"level":"info","message":"Persisting migrated Item record [dmgFrostPotionOf] of database \"dnd5e.equipment24\".","timestamp":"2026-07-19 22:39:40"}
{"level":"info","message":"Persisting migrated Item record [dmgFwpOnyxDogRar] of database \"dnd5e.equipment24\".","timestamp":"2026-07-19 22:39:40"}
{"level":"info","message":"Persisting migrated Item record [dmgGauntletsOfOg] of database \"dnd5e.equipment24\".","timestamp":"2026-07-19 22:39:40"}
{"level":"info","message":"Persisting migrated Item record [dmgGemOfBrightne] of database \"dnd5e.equipment24\".","timestamp":"2026-07-19 22:39:40"}
{"level":"info","message":"Persisting migrated Item record [dmgGemOfSeeing00] of database \"dnd5e.equipment24\".","timestamp":"2026-07-19 22:39:40"}
{"level":"info","message":"Persisting migrated Item record [dmgGiantSlayer00] of database \"dnd5e.equipment24\".","timestamp":"2026-07-19 22:39:40"}
{"level":"info","message":"Persisting migrated Item record [dmgGlovesOfSwimm] of database \"dnd5e.equipment24\".","timestamp":"2026-07-19 22:39:40"}
{"level":"info","message":"Persisting migrated Item record [dmgGlovesOfThiev] of database \"dnd5e.equipment24\".","timestamp":"2026-07-19 22:39:40"}
{"level":"info","message":"Persisting migrated Item record [dmgGogglesOfNigh] of database \"dnd5e.equipment24\".","timestamp":"2026-07-19 22:39:40"}
{"level":"info","message":"Persisting migrated Item record [dmgHammerOfThund] of database \"dnd5e.equipment24\".","timestamp":"2026-07-19 22:39:40"}
{"level":"info","message":"Persisting migrated Item record [dmgHeadbandOfInt] of database \"dnd5e.equipment24\".","timestamp":"2026-07-19 22:39:40"}
{"level":"info","message":"Persisting migrated Item record [dmgHelmOfBrillia] of database \"dnd5e.equipment24\".","timestamp":"2026-07-19 22:39:40"}
{"level":"info","message":"Persisting migrated Item record [dmgHelmOfTelepat] of database \"dnd5e.equipment24\".","timestamp":"2026-07-19 22:39:40"}
{"level":"info","message":"Persisting migrated Item record [dmgHillPotionOfG] of database \"dnd5e.equipment24\".","timestamp":"2026-07-19 22:39:40"}
{"level":"info","message":"Persisting migrated Item record [dmgHolyAvenger00] of database \"dnd5e.equipment24\".","timestamp":"2026-07-19 22:39:40"}
{"level":"info","message":"Persisting migrated Item record [dmgHornOfBlastin] of database \"dnd5e.equipment24\".","timestamp":"2026-07-19 22:39:40"}
{"level":"info","message":"Persisting migrated Item record [dmgHornofValhall] of database \"dnd5e.equipment24\".","timestamp":"2026-07-19 22:39:40"}
{"level":"info","message":"Persisting migrated Item record [dmgHorseshoesOfA] of database \"dnd5e.equipment24\".","timestamp":"2026-07-19 22:39:40"}
{"level":"info","message":"Persisting migrated Item record [dmgHorseshoesOfS] of database \"dnd5e.equipment24\".","timestamp":"2026-07-19 22:39:40"}
{"level":"info","message":"Persisting migrated Item record [dmgInsightIounSt] of database \"dnd5e.equipment24\".","timestamp":"2026-07-19 22:39:40"}
{"level":"info","message":"Persisting migrated Item record [dmgIntellectIoun] of database \"dnd5e.equipment24\".","timestamp":"2026-07-19 22:39:40"}
{"level":"info","message":"Persisting migrated Item record [dmgIronBandsOfBi] of database \"dnd5e.equipment24\".","timestamp":"2026-07-19 22:39:40"}
{"level":"info","message":"Persisting migrated Item record [dmgIronHornOfVal] of database \"dnd5e.equipment24\".","timestamp":"2026-07-19 22:39:40"}
{"level":"info","message":"Persisting migrated Item record [dmgLeadershipIou] of database \"dnd5e.equipment24\".","timestamp":"2026-07-19 22:39:40"}
{"level":"info","message":"Persisting migrated Item record [dmgLolthsSting00] of database \"dnd5e.equipment24\".","timestamp":"2026-07-19 22:39:40"}
{"level":"info","message":"Persisting migrated Item record [dmgLuckBlade0000] of database \"dnd5e.equipment24\".","timestamp":"2026-07-19 22:39:40"}
{"level":"info","message":"Persisting migrated Item record [dmgMaceOfDisrupt] of database \"dnd5e.equipment24\".","timestamp":"2026-07-19 22:39:40"}
{"level":"info","message":"Persisting migrated Item record [dmgMaceOfTerror0] of database \"dnd5e.equipment24\".","timestamp":"2026-07-19 22:39:40"}
{"level":"info","message":"Persisting migrated Item record [dmgMalice0000000] of database \"dnd5e.equipment24\".","timestamp":"2026-07-19 22:39:40"}
{"level":"info","message":"Persisting migrated Item record [dmgManualOfBodil] of database \"dnd5e.equipment24\".","timestamp":"2026-07-19 22:39:40"}
{"level":"info","message":"Persisting migrated Item record [dmgManualOfGainf] of database \"dnd5e.equipment24\".","timestamp":"2026-07-19 22:39:40"}
{"level":"info","message":"Persisting migrated Item record [dmgManualOfQuick] of database \"dnd5e.equipment24\".","timestamp":"2026-07-19 22:39:40"}
{"level":"info","message":"Persisting migrated Item record [dmgMasteryIounSt] of database \"dnd5e.equipment24\".","timestamp":"2026-07-19 22:39:40"}
{"level":"info","message":"Persisting migrated Item record [dmgMithralArmor0] of database \"dnd5e.equipment24\".","timestamp":"2026-07-19 22:39:40"}
{"level":"info","message":"Persisting migrated Item record [dmgNineLivesStea] of database \"dnd5e.equipment24\".","timestamp":"2026-07-19 22:39:40"}
{"level":"info","message":"Persisting migrated Item record [dmgOathbow000000] of database \"dnd5e.equipment24\".","timestamp":"2026-07-19 22:39:40"}
{"level":"info","message":"Persisting migrated Item record [dmgOilOfEthereal] of database \"dnd5e.equipment24\".","timestamp":"2026-07-19 22:39:40"}
{"level":"info","message":"Persisting migrated Item record [dmgOilOfSharpnes] of database \"dnd5e.equipment24\".","timestamp":"2026-07-19 22:39:40"}
{"level":"info","message":"Persisting migrated Item record [dmgOilOfTaggit00] of database \"dnd5e.equipment24\".","timestamp":"2026-07-19 22:39:40"}
{"level":"info","message":"Persisting migrated Item record [dmgOrbOfDragonki] of database \"dnd5e.equipment24\".","timestamp":"2026-07-19 22:39:40"}
{"level":"info","message":"Persisting migrated Item record [dmgPaleTincture0] of database \"dnd5e.equipment24\".","timestamp":"2026-07-19 22:39:40"}
{"level":"info","message":"Persisting migrated Item record [dmgPeriaptOfProo] of database \"dnd5e.equipment24\".","timestamp":"2026-07-19 22:39:40"}
{"level":"info","message":"Persisting migrated Item record [dmgPhilterOfLove] of database \"dnd5e.equipment24\".","timestamp":"2026-07-19 22:39:40"}
{"level":"info","message":"Persisting migrated Item record [dmgPipeOfSmokeMo] of database \"dnd5e.equipment24\".","timestamp":"2026-07-19 22:39:40"}
{"level":"info","message":"Persisting migrated Item record [dmgPipesOfHaunti] of database \"dnd5e.equipment24\".","timestamp":"2026-07-19 22:39:40"}
{"level":"info","message":"Persisting migrated Item record [dmgPlateArmorOfE] of database \"dnd5e.equipment24\".","timestamp":"2026-07-19 22:39:40"}
{"level":"info","message":"Persisting migrated Item record [dmgPoisonedNeedl] of database \"dnd5e.equipment24\".","timestamp":"2026-07-19 22:39:40"}
{"level":"info","message":"Persisting migrated Item record [dmgPotionOfClimb] of database \"dnd5e.equipment24\".","timestamp":"2026-07-19 22:39:40"}
{"level":"info","message":"Persisting migrated Item record [dmgPotionOfFlyin] of database \"dnd5e.equipment24\".","timestamp":"2026-07-19 22:39:40"}
{"level":"info","message":"Persisting migrated Item record [dmgPotionOfHeroi] of database \"dnd5e.equipment24\".","timestamp":"2026-07-19 22:39:40"}
{"level":"info","message":"Persisting migrated Item record [dmgPotionOfInvis] of database \"dnd5e.equipment24\".","timestamp":"2026-07-19 22:39:40"}
{"level":"info","message":"Persisting migrated Item record [dmgPotionOfInvul] of database \"dnd5e.equipment24\".","timestamp":"2026-07-19 22:39:40"}
{"level":"info","message":"Persisting migrated Item record [dmgPotionOfPoiso] of database \"dnd5e.equipment24\".","timestamp":"2026-07-19 22:39:40"}
{"level":"info","message":"Persisting migrated Item record [dmgPotionOfResis] of database \"dnd5e.equipment24\".","timestamp":"2026-07-19 22:39:40"}
{"level":"info","message":"Persisting migrated Item record [dmgPotionOfVital] of database \"dnd5e.equipment24\".","timestamp":"2026-07-19 22:39:40"}
{"level":"info","message":"Persisting migrated Item record [dmgPotionOfWater] of database \"dnd5e.equipment24\".","timestamp":"2026-07-19 22:39:40"}
{"level":"info","message":"Persisting migrated Item record [dmgProtectionIou] of database \"dnd5e.equipment24\".","timestamp":"2026-07-19 22:39:40"}
{"level":"info","message":"Persisting migrated Item record [dmgRingOfFreeAct] of database \"dnd5e.equipment24\".","timestamp":"2026-07-19 22:39:40"}
{"level":"info","message":"Persisting migrated Item record [dmgRingOfProtect] of database \"dnd5e.equipment24\".","timestamp":"2026-07-19 22:39:40"}
{"level":"info","message":"Persisting migrated Item record [dmgRingOfResista] of database \"dnd5e.equipment24\".","timestamp":"2026-07-19 22:39:40"}
{"level":"info","message":"Persisting migrated Item record [dmgRingOfSwimmin] of database \"dnd5e.equipment24\".","timestamp":"2026-07-19 22:39:40"}
{"level":"info","message":"Persisting migrated Item record [dmgRingOfXrayVis] of database \"dnd5e.equipment24\".","timestamp":"2026-07-19 22:39:40"}
{"level":"info","message":"Persisting migrated Item record [dmgRobeOfEyes000] of database \"dnd5e.equipment24\".","timestamp":"2026-07-19 22:39:40"}
{"level":"info","message":"Persisting migrated Item record [dmgRobeOfScintil] of database \"dnd5e.equipment24\".","timestamp":"2026-07-19 22:39:40"}
{"level":"info","message":"Persisting migrated Item record [dmgRobeOfStars00] of database \"dnd5e.equipment24\".","timestamp":"2026-07-19 22:39:40"}
{"level":"info","message":"Persisting migrated Item record [dmgRobeOfTheArch] of database \"dnd5e.equipment24\".","timestamp":"2026-07-19 22:39:40"}
{"level":"info","message":"Persisting migrated Item record [dmgRodOfAlertnes] of database \"dnd5e.equipment24\".","timestamp":"2026-07-19 22:39:40"}
{"level":"info","message":"Persisting migrated Item record [dmgRodOfLordlyMi] of database \"dnd5e.equipment24\".","timestamp":"2026-07-19 22:39:40"}
{"level":"info","message":"Persisting migrated Item record [dmgRodOfRulershi] of database \"dnd5e.equipment24\".","timestamp":"2026-07-19 22:39:40"}
{"level":"info","message":"Persisting migrated Item record [dmgRopeOfEntangl] of database \"dnd5e.equipment24\".","timestamp":"2026-07-19 22:39:40"}
{"level":"info","message":"Persisting migrated Item record [dmgScarabOfProte] of database \"dnd5e.equipment24\".","timestamp":"2026-07-19 22:39:40"}
{"level":"info","message":"Persisting migrated Item record [dmgSentinelShiel] of database \"dnd5e.equipment24\".","timestamp":"2026-07-19 22:39:40"}
{"level":"info","message":"Persisting migrated Item record [dmgShield12or300] of database \"dnd5e.equipment24\".","timestamp":"2026-07-19 22:39:40"}
{"level":"info","message":"Persisting migrated Item record [dmgShieldOfTheCa] of database \"dnd5e.equipment24\".","timestamp":"2026-07-19 22:39:40"}
{"level":"info","message":"Persisting migrated Item record [dmgSilverHornOfV] of database \"dnd5e.equipment24\".","timestamp":"2026-07-19 22:39:40"}
{"level":"info","message":"Persisting migrated Item record [dmgSlayingAmmuni] of database \"dnd5e.equipment24\".","timestamp":"2026-07-19 22:39:40"}
{"level":"info","message":"Persisting migrated Item record [dmgStaffOfFire00] of database \"dnd5e.equipment24\".","timestamp":"2026-07-19 22:39:40"}
{"level":"info","message":"Persisting migrated Item record [dmgStaffOfFrost0] of database \"dnd5e.equipment24\".","timestamp":"2026-07-19 22:39:40"}
{"level":"info","message":"Persisting migrated Item record [dmgStaffOfPower0] of database \"dnd5e.equipment24\".","timestamp":"2026-07-19 22:39:40"}
{"level":"info","message":"Persisting migrated Item record [dmgStaffOfTheMag] of database \"dnd5e.equipment24\".","timestamp":"2026-07-19 22:39:40"}
{"level":"info","message":"Persisting migrated Item record [dmgStaffOfTheWoo] of database \"dnd5e.equipment24\".","timestamp":"2026-07-19 22:39:40"}
{"level":"info","message":"Persisting migrated Item record [dmgStaffOfThunde] of database \"dnd5e.equipment24\".","timestamp":"2026-07-19 22:39:40"}
{"level":"info","message":"Persisting migrated Item record [dmgStaffOfWither] of database \"dnd5e.equipment24\".","timestamp":"2026-07-19 22:39:40"}
{"level":"info","message":"Persisting migrated Item record [dmgStoneOfGoodLu] of database \"dnd5e.equipment24\".","timestamp":"2026-07-19 22:39:40"}
{"level":"info","message":"Persisting migrated Item record [dmgStonePotionOf] of database \"dnd5e.equipment24\".","timestamp":"2026-07-19 22:39:40"}
{"level":"info","message":"Persisting migrated Item record [dmgStormPotionOf] of database \"dnd5e.equipment24\".","timestamp":"2026-07-19 22:39:40"}
{"level":"info","message":"Persisting migrated Item record [dmgStrengthIounS] of database \"dnd5e.equipment24\".","timestamp":"2026-07-19 22:39:40"}
{"level":"info","message":"Persisting migrated Item record [dmgSustenanceIou] of database \"dnd5e.equipment24\".","timestamp":"2026-07-19 22:39:40"}
{"level":"info","message":"Persisting migrated Item record [dmgSwordOfLifeSt] of database \"dnd5e.equipment24\".","timestamp":"2026-07-19 22:39:40"}
{"level":"info","message":"Persisting migrated Item record [dmgSwordOfSharpn] of database \"dnd5e.equipment24\".","timestamp":"2026-07-19 22:39:40"}
{"level":"info","message":"Persisting migrated Item record [dmgSwordOfWoundi] of database \"dnd5e.equipment24\".","timestamp":"2026-07-19 22:39:40"}
{"level":"info","message":"Persisting migrated Item record [dmgTalismanOfPur] of database \"dnd5e.equipment24\".","timestamp":"2026-07-19 22:39:40"}
{"level":"info","message":"Persisting migrated Item record [dmgTalismanOfUlt] of database \"dnd5e.equipment24\".","timestamp":"2026-07-19 22:39:40"}
{"level":"info","message":"Persisting migrated Item record [dmgThunderousGre] of database \"dnd5e.equipment24\".","timestamp":"2026-07-19 22:39:40"}
{"level":"info","message":"Persisting migrated Item record [dmgTomeOfClearTh] of database \"dnd5e.equipment24\".","timestamp":"2026-07-19 22:39:40"}
{"level":"info","message":"Persisting migrated Item record [dmgTomeOfLeaders] of database \"dnd5e.equipment24\".","timestamp":"2026-07-19 22:39:40"}
{"level":"info","message":"Persisting migrated Item record [dmgTomeOfUnderst] of database \"dnd5e.equipment24\".","timestamp":"2026-07-19 22:39:40"}
{"level":"info","message":"Persisting migrated Item record [dmgTorpor0000000] of database \"dnd5e.equipment24\".","timestamp":"2026-07-19 22:39:40"}
{"level":"info","message":"Persisting migrated Item record [dmgTruthSerum000] of database \"dnd5e.equipment24\".","timestamp":"2026-07-19 22:39:40"}
{"level":"info","message":"Persisting migrated Item record [dmgViciousWeapon] of database \"dnd5e.equipment24\".","timestamp":"2026-07-19 22:39:40"}
{"level":"info","message":"Persisting migrated Item record [dmgVorpalSword00] of database \"dnd5e.equipment24\".","timestamp":"2026-07-19 22:39:40"}
{"level":"info","message":"Persisting migrated Item record [dmgWandOfParalys] of database \"dnd5e.equipment24\".","timestamp":"2026-07-19 22:39:40"}
{"level":"info","message":"Persisting migrated Item record [dmgWandOfWonder0] of database \"dnd5e.equipment24\".","timestamp":"2026-07-19 22:39:40"}
{"level":"info","message":"Persisting migrated Item record [dmgWaterRingOfEl] of database \"dnd5e.equipment24\".","timestamp":"2026-07-19 22:39:40"}
{"level":"info","message":"Persisting migrated Item record [dmgWeapon12or300] of database \"dnd5e.equipment24\".","timestamp":"2026-07-19 22:39:40"}
{"level":"info","message":"Persisting migrated Item record [dmgWeaponOfWarni] of database \"dnd5e.equipment24\".","timestamp":"2026-07-19 22:39:40"}
{"level":"info","message":"Persisting migrated Item record [dmgWingedBoots00] of database \"dnd5e.equipment24\".","timestamp":"2026-07-19 22:39:40"}
{"level":"info","message":"Persisting migrated Item record [dmgWingsOfFlying] of database \"dnd5e.equipment24\".","timestamp":"2026-07-19 22:39:40"}
{"level":"info","message":"Persisting migrated Item record [dmgcloBeltofGian] of database \"dnd5e.equipment24\".","timestamp":"2026-07-19 22:39:40"}
{"level":"info","message":"Persisting migrated Item record [dmgfirBeltofGian] of database \"dnd5e.equipment24\".","timestamp":"2026-07-19 22:39:40"}
{"level":"info","message":"Persisting migrated Item record [dmgfroBeltofGian] of database \"dnd5e.equipment24\".","timestamp":"2026-07-19 22:39:40"}
{"level":"info","message":"Persisting migrated Item record [dmghilBeltofGian] of database \"dnd5e.equipment24\".","timestamp":"2026-07-19 22:39:40"}
{"level":"info","message":"Persisting migrated Item record [dmgstmBeltofGian] of database \"dnd5e.equipment24\".","timestamp":"2026-07-19 22:39:40"}
{"level":"info","message":"Persisting migrated Item record [dmgstoBeltofGian] of database \"dnd5e.equipment24\".","timestamp":"2026-07-19 22:39:40"}
{"level":"info","message":"Persisting migrated Item record [iYwrPPLmuVD9eqfa] of database \"dnd5e.equipment24\".","timestamp":"2026-07-19 22:39:40"}
{"level":"info","message":"Persisting migrated Item record [phbUnarmedStrike] of database \"dnd5e.equipment24\".","timestamp":"2026-07-19 22:39:40"}
{"level":"info","message":"Persisting migrated Item record [phbagAlchemistsF] of database \"dnd5e.equipment24\".","timestamp":"2026-07-19 22:39:40"}
{"level":"info","message":"Persisting migrated Item record [phbagAntitoxin00] of database \"dnd5e.equipment24\".","timestamp":"2026-07-19 22:39:40"}
{"level":"info","message":"Persisting migrated Item record [phbagBallBearing] of database \"dnd5e.equipment24\".","timestamp":"2026-07-19 22:39:40"}
{"level":"info","message":"Persisting migrated Item record [phbagCaltrops000] of database \"dnd5e.equipment24\".","timestamp":"2026-07-19 22:39:40"}
{"level":"info","message":"Persisting migrated Item record [phbagHuntingTrap] of database \"dnd5e.equipment24\".","timestamp":"2026-07-19 22:39:40"}
{"level":"info","message":"Persisting migrated Item record [phbagManacles000] of database \"dnd5e.equipment24\".","timestamp":"2026-07-19 22:39:40"}
{"level":"info","message":"Persisting migrated Item record [phbagNet00000000] of database \"dnd5e.equipment24\".","timestamp":"2026-07-19 22:39:40"}
{"level":"info","message":"Completed migration of database \"dnd5e.equipment24.\"","timestamp":"2026-07-19 22:39:40"}
{"level":"info","message":"Launching World | Migrating Package Data - 88%","timestamp":"2026-07-19 22:39:40"}
{"level":"info","message":"Migrated RollTable record [mmAnimatedObject] of database \"dnd5e.tables24\".","timestamp":"2026-07-19 22:39:40"}
{"level":"info","message":"Migrated RollTable record [mmBanditMotivati] of database \"dnd5e.tables24\".","timestamp":"2026-07-19 22:39:40"}
{"level":"info","message":"Migrated RollTable record [mmCultSymbols000] of database \"dnd5e.tables24\".","timestamp":"2026-07-19 22:39:40"}
{"level":"info","message":"Migrated RollTable record [mmCultSymbolsDep] of database \"dnd5e.tables24\".","timestamp":"2026-07-19 22:39:40"}
{"level":"info","message":"Migrated RollTable record [mmCultistAgendas] of database \"dnd5e.tables24\".","timestamp":"2026-07-19 22:39:40"}
{"level":"info","message":"Migrated RollTable record [mmDoppelgangerDe] of database \"dnd5e.tables24\".","timestamp":"2026-07-19 22:39:40"}
{"level":"info","message":"Migrated RollTable record [mmFireElementalC] of database \"dnd5e.tables24\".","timestamp":"2026-07-19 22:39:40"}
{"level":"info","message":"Migrated RollTable record [mmGelatinousCube] of database \"dnd5e.tables24\".","timestamp":"2026-07-19 22:39:40"}
{"level":"info","message":"Migrated RollTable record [mmIncubusNightma] of database \"dnd5e.tables24\".","timestamp":"2026-07-19 22:39:40"}
{"level":"info","message":"Migrated RollTable record [mmMageRoles00000] of database \"dnd5e.tables24\".","timestamp":"2026-07-19 22:39:40"}
{"level":"info","message":"Migrated RollTable record [mmMinotaurMazes0] of database \"dnd5e.tables24\".","timestamp":"2026-07-19 22:39:40"}
{"level":"info","message":"Migrated RollTable record [mmOwlbearDenFeat] of database \"dnd5e.tables24\".","timestamp":"2026-07-19 22:39:40"}
{"level":"info","message":"Migrated RollTable record [mmPseudodragonTr] of database \"dnd5e.tables24\".","timestamp":"2026-07-19 22:39:40"}
{"level":"info","message":"Migrated RollTable record [mmShadowShapes00] of database \"dnd5e.tables24\".","timestamp":"2026-07-19 22:39:40"}
{"level":"info","message":"Migrated RollTable record [mmSkeletonPantom] of database \"dnd5e.tables24\".","timestamp":"2026-07-19 22:39:40"}
{"level":"info","message":"Migrated RollTable record [mmStirgeRoosts00] of database \"dnd5e.tables24\".","timestamp":"2026-07-19 22:39:40"}
{"level":"info","message":"Migrated RollTable record [mmStoneGolemOrde] of database \"dnd5e.tables24\".","timestamp":"2026-07-19 22:39:40"}
{"level":"info","message":"Migrated RollTable record [mmSuccubusTempta] of database \"dnd5e.tables24\".","timestamp":"2026-07-19 22:39:40"}
{"level":"info","message":"Migrated RollTable record [mmVampireResting] of database \"dnd5e.tables24\".","timestamp":"2026-07-19 22:39:40"}
{"level":"info","message":"Migrated RollTable record [mmWarriorRoles00] of database \"dnd5e.tables24\".","timestamp":"2026-07-19 22:39:40"}
{"level":"info","message":"Migrated RollTable record [mmWraithManifest] of database \"dnd5e.tables24\".","timestamp":"2026-07-19 22:39:40"}
{"level":"info","message":"Persisting migrated RollTable record [mmAnimatedObject] of database \"dnd5e.tables24\".","timestamp":"2026-07-19 22:39:40"}
{"level":"info","message":"Persisting migrated RollTable record [mmBanditMotivati] of database \"dnd5e.tables24\".","timestamp":"2026-07-19 22:39:40"}
{"level":"info","message":"Persisting migrated RollTable record [mmCultSymbols000] of database \"dnd5e.tables24\".","timestamp":"2026-07-19 22:39:40"}
{"level":"info","message":"Persisting migrated RollTable record [mmCultSymbolsDep] of database \"dnd5e.tables24\".","timestamp":"2026-07-19 22:39:40"}
{"level":"info","message":"Persisting migrated RollTable record [mmCultistAgendas] of database \"dnd5e.tables24\".","timestamp":"2026-07-19 22:39:40"}
{"level":"info","message":"Persisting migrated RollTable record [mmDoppelgangerDe] of database \"dnd5e.tables24\".","timestamp":"2026-07-19 22:39:40"}
{"level":"info","message":"Persisting migrated RollTable record [mmFireElementalC] of database \"dnd5e.tables24\".","timestamp":"2026-07-19 22:39:40"}
{"level":"info","message":"Persisting migrated RollTable record [mmGelatinousCube] of database \"dnd5e.tables24\".","timestamp":"2026-07-19 22:39:40"}
{"level":"info","message":"Persisting migrated RollTable record [mmIncubusNightma] of database \"dnd5e.tables24\".","timestamp":"2026-07-19 22:39:40"}
{"level":"info","message":"Persisting migrated RollTable record [mmMageRoles00000] of database \"dnd5e.tables24\".","timestamp":"2026-07-19 22:39:40"}
{"level":"info","message":"Persisting migrated RollTable record [mmMinotaurMazes0] of database \"dnd5e.tables24\".","timestamp":"2026-07-19 22:39:40"}
{"level":"info","message":"Persisting migrated RollTable record [mmOwlbearDenFeat] of database \"dnd5e.tables24\".","timestamp":"2026-07-19 22:39:40"}
{"level":"info","message":"Persisting migrated RollTable record [mmPseudodragonTr] of database \"dnd5e.tables24\".","timestamp":"2026-07-19 22:39:40"}
{"level":"info","message":"Persisting migrated RollTable record [mmShadowShapes00] of database \"dnd5e.tables24\".","timestamp":"2026-07-19 22:39:40"}
{"level":"info","message":"Persisting migrated RollTable record [mmSkeletonPantom] of database \"dnd5e.tables24\".","timestamp":"2026-07-19 22:39:40"}
{"level":"info","message":"Persisting migrated RollTable record [mmStirgeRoosts00] of database \"dnd5e.tables24\".","timestamp":"2026-07-19 22:39:40"}
{"level":"info","message":"Persisting migrated RollTable record [mmStoneGolemOrde] of database \"dnd5e.tables24\".","timestamp":"2026-07-19 22:39:40"}
{"level":"info","message":"Persisting migrated RollTable record [mmSuccubusTempta] of database \"dnd5e.tables24\".","timestamp":"2026-07-19 22:39:40"}
{"level":"info","message":"Persisting migrated RollTable record [mmVampireResting] of database \"dnd5e.tables24\".","timestamp":"2026-07-19 22:39:40"}
{"level":"info","message":"Persisting migrated RollTable record [mmWarriorRoles00] of database \"dnd5e.tables24\".","timestamp":"2026-07-19 22:39:40"}
{"level":"info","message":"Persisting migrated RollTable record [mmWraithManifest] of database \"dnd5e.tables24\".","timestamp":"2026-07-19 22:39:40"}
{"level":"info","message":"Completed migration of database \"dnd5e.tables24.\"","timestamp":"2026-07-19 22:39:40"}
{"level":"info","message":"Launching World | Migrating Package Data - 90%","timestamp":"2026-07-19 22:39:40"}
{"level":"info","message":"Migrated Actor record [AkraLv0100000000] of database \"dnd5e.actors24\".","timestamp":"2026-07-19 22:39:40"}
{"level":"info","message":"Migrated Actor record [AkraLv0500000000] of database \"dnd5e.actors24\".","timestamp":"2026-07-19 22:39:40"}
{"level":"info","message":"Migrated Actor record [AkraLv1100000000] of database \"dnd5e.actors24\".","timestamp":"2026-07-19 22:39:41"}
{"level":"info","message":"Migrated Actor record [AkraLv1700000000] of database \"dnd5e.actors24\".","timestamp":"2026-07-19 22:39:41"}
{"level":"info","message":"Migrated Actor record [AothLv0100000000] of database \"dnd5e.actors24\".","timestamp":"2026-07-19 22:39:41"}
{"level":"info","message":"Migrated Actor record [AothLv0500000000] of database \"dnd5e.actors24\".","timestamp":"2026-07-19 22:39:41"}
{"level":"info","message":"Migrated Actor record [AothLv1100000000] of database \"dnd5e.actors24\".","timestamp":"2026-07-19 22:39:41"}
{"level":"info","message":"Migrated Actor record [AothLv1700000000] of database \"dnd5e.actors24\".","timestamp":"2026-07-19 22:39:41"}
{"level":"info","message":"Migrated Actor record [BeiroLv010000000] of database \"dnd5e.actors24\".","timestamp":"2026-07-19 22:39:41"}
{"level":"info","message":"Migrated Actor record [BeiroLv050000000] of database \"dnd5e.actors24\".","timestamp":"2026-07-19 22:39:41"}
{"level":"info","message":"Migrated Actor record [BeiroLv110000000] of database \"dnd5e.actors24\".","timestamp":"2026-07-19 22:39:41"}
{"level":"info","message":"Migrated Actor record [BeiroLv170000000] of database \"dnd5e.actors24\".","timestamp":"2026-07-19 22:39:41"}
{"level":"info","message":"Migrated Actor record [KruskLv010000000] of database \"dnd5e.actors24\".","timestamp":"2026-07-19 22:39:41"}
{"level":"info","message":"Migrated Actor record [KruskLv050000000] of database \"dnd5e.actors24\".","timestamp":"2026-07-19 22:39:41"}
{"level":"info","message":"Migrated Actor record [KruskLv110000000] of database \"dnd5e.actors24\".","timestamp":"2026-07-19 22:39:41"}
{"level":"info","message":"Migrated Actor record [KruskLv170000000] of database \"dnd5e.actors24\".","timestamp":"2026-07-19 22:39:41"}
{"level":"info","message":"Migrated Actor record [MerricLv01000000] of database \"dnd5e.actors24\".","timestamp":"2026-07-19 22:39:41"}
{"level":"info","message":"Migrated Actor record [MerricLv05000000] of database \"dnd5e.actors24\".","timestamp":"2026-07-19 22:39:41"}
{"level":"info","message":"Migrated Actor record [MerricLv11000000] of database \"dnd5e.actors24\".","timestamp":"2026-07-19 22:39:41"}
{"level":"info","message":"Migrated Actor record [MerricLv17000000] of database \"dnd5e.actors24\".","timestamp":"2026-07-19 22:39:41"}
{"level":"info","message":"Migrated Actor record [MorthosLv0100000] of database \"dnd5e.actors24\".","timestamp":"2026-07-19 22:39:41"}
{"level":"info","message":"Migrated Actor record [MorthosLv0500000] of database \"dnd5e.actors24\".","timestamp":"2026-07-19 22:39:41"}
{"level":"info","message":"Migrated Actor record [MorthosLv1100000] of database \"dnd5e.actors24\".","timestamp":"2026-07-19 22:39:41"}
{"level":"info","message":"Migrated Actor record [MorthosLv1700000] of database \"dnd5e.actors24\".","timestamp":"2026-07-19 22:39:41"}
{"level":"info","message":"Migrated Actor record [PerrinLv01000000] of database \"dnd5e.actors24\".","timestamp":"2026-07-19 22:39:41"}
{"level":"info","message":"Migrated Actor record [PerrinLv05000000] of database \"dnd5e.actors24\".","timestamp":"2026-07-19 22:39:41"}
{"level":"info","message":"Migrated Actor record [PerrinLv11000000] of database \"dnd5e.actors24\".","timestamp":"2026-07-19 22:39:41"}
{"level":"info","message":"Migrated Actor record [PerrinLv17000000] of database \"dnd5e.actors24\".","timestamp":"2026-07-19 22:39:41"}
{"level":"info","message":"Migrated Actor record [QuillatheLv01000] of database \"dnd5e.actors24\".","timestamp":"2026-07-19 22:39:41"}
{"level":"info","message":"Migrated Actor record [QuillatheLv05000] of database \"dnd5e.actors24\".","timestamp":"2026-07-19 22:39:42"}
{"level":"info","message":"Migrated Actor record [QuillatheLv11000] of database \"dnd5e.actors24\".","timestamp":"2026-07-19 22:39:42"}
{"level":"info","message":"Migrated Actor record [QuillatheLv17000] of database \"dnd5e.actors24\".","timestamp":"2026-07-19 22:39:42"}
{"level":"info","message":"Migrated Actor record [RandalLv01000000] of database \"dnd5e.actors24\".","timestamp":"2026-07-19 22:39:42"}
{"level":"info","message":"Migrated Actor record [RandalLv05000000] of database \"dnd5e.actors24\".","timestamp":"2026-07-19 22:39:42"}
{"level":"info","message":"Migrated Actor record [RandalLv11000000] of database \"dnd5e.actors24\".","timestamp":"2026-07-19 22:39:42"}
{"level":"info","message":"Migrated Actor record [RandalLv17000000] of database \"dnd5e.actors24\".","timestamp":"2026-07-19 22:39:42"}
{"level":"info","message":"Migrated Actor record [RiswynnLv0100000] of database \"dnd5e.actors24\".","timestamp":"2026-07-19 22:39:42"}
{"level":"info","message":"Migrated Actor record [RiswynnLv0500000] of database \"dnd5e.actors24\".","timestamp":"2026-07-19 22:39:42"}
{"level":"info","message":"Migrated Actor record [RiswynnLv1100000] of database \"dnd5e.actors24\".","timestamp":"2026-07-19 22:39:42"}
{"level":"info","message":"Migrated Actor record [RiswynnLv1700000] of database \"dnd5e.actors24\".","timestamp":"2026-07-19 22:39:42"}
{"level":"info","message":"Migrated Actor record [SefrisLv01000000] of database \"dnd5e.actors24\".","timestamp":"2026-07-19 22:39:42"}
{"level":"info","message":"Migrated Actor record [SefrisLv05000000] of database \"dnd5e.actors24\".","timestamp":"2026-07-19 22:39:42"}
{"level":"info","message":"Migrated Actor record [SefrisLv11000000] of database \"dnd5e.actors24\".","timestamp":"2026-07-19 22:39:42"}
{"level":"info","message":"Migrated Actor record [SefrisLv17000000] of database \"dnd5e.actors24\".","timestamp":"2026-07-19 22:39:42"}
{"level":"info","message":"Migrated Actor record [VBTtG9kjHNQstG0a] of database \"dnd5e.actors24\".","timestamp":"2026-07-19 22:39:42"}
{"level":"info","message":"Migrated Actor record [ZannaLv010000000] of database \"dnd5e.actors24\".","timestamp":"2026-07-19 22:39:42"}
{"level":"info","message":"Migrated Actor record [ZannaLv050000000] of database \"dnd5e.actors24\".","timestamp":"2026-07-19 22:39:42"}
{"level":"info","message":"Migrated Actor record [ZannaLv110000000] of database \"dnd5e.actors24\".","timestamp":"2026-07-19 22:39:42"}
{"level":"info","message":"Migrated Actor record [ZannaLv170000000] of database \"dnd5e.actors24\".","timestamp":"2026-07-19 22:39:42"}
{"level":"info","message":"Migrated Actor record [dmg3x5CarpetofFl] of database \"dnd5e.actors24\".","timestamp":"2026-07-19 22:39:42"}
{"level":"info","message":"Migrated Actor record [dmg4x6CarpetofFl] of database \"dnd5e.actors24\".","timestamp":"2026-07-19 22:39:42"}
{"level":"info","message":"Migrated Actor record [dmg5x7CarpetofFl] of database \"dnd5e.actors24\".","timestamp":"2026-07-19 22:39:42"}
{"level":"info","message":"Migrated Actor record [dmg6x9CarpetofFl] of database \"dnd5e.actors24\".","timestamp":"2026-07-19 22:39:42"}
{"level":"info","message":"Migrated Actor record [dmgApparatusofKw] of database \"dnd5e.actors24\".","timestamp":"2026-07-19 22:39:42"}
{"level":"info","message":"Migrated Actor record [dmgAvatarofDeath] of database \"dnd5e.actors24\".","timestamp":"2026-07-19 22:39:42"}
{"level":"info","message":"Migrated Actor record [dmgGiantFly00000] of database \"dnd5e.actors24\".","timestamp":"2026-07-19 22:39:42"}
{"level":"info","message":"Migrated Actor record [dmgGoatofTraveli] of database \"dnd5e.actors24\".","timestamp":"2026-07-19 22:39:42"}
{"level":"info","message":"Migrated Actor record [dmgIllusoryCreat] of database \"dnd5e.actors24\".","timestamp":"2026-07-19 22:39:42"}
{"level":"info","message":"Migrated Actor record [dmggwsDancingSwo] of database \"dnd5e.actors24\".","timestamp":"2026-07-19 22:39:42"}
{"level":"info","message":"Migrated Actor record [dmgqftFloatingWh] of database \"dnd5e.actors24\".","timestamp":"2026-07-19 22:39:42"}
{"level":"info","message":"Migrated Actor record [mmAboleth0000000] of database \"dnd5e.actors24\".","timestamp":"2026-07-19 22:39:42"}
{"level":"info","message":"Migrated Actor record [mmAdultBlackDrag] of database \"dnd5e.actors24\".","timestamp":"2026-07-19 22:39:42"}
{"level":"info","message":"Migrated Actor record [mmAdultBlueDrago] of database \"dnd5e.actors24\".","timestamp":"2026-07-19 22:39:42"}
{"level":"info","message":"Migrated Actor record [mmAdultBrassDrag] of database \"dnd5e.actors24\".","timestamp":"2026-07-19 22:39:42"}
{"level":"info","message":"Migrated Actor record [mmAdultBronzeDra] of database \"dnd5e.actors24\".","timestamp":"2026-07-19 22:39:42"}
{"level":"info","message":"Migrated Actor record [mmAdultCopperDra] of database \"dnd5e.actors24\".","timestamp":"2026-07-19 22:39:42"}
{"level":"info","message":"Migrated Actor record [mmAdultGoldDrago] of database \"dnd5e.actors24\".","timestamp":"2026-07-19 22:39:42"}
{"level":"info","message":"Migrated Actor record [mmAdultGreenDrag] of database \"dnd5e.actors24\".","timestamp":"2026-07-19 22:39:42"}
{"level":"info","message":"Migrated Actor record [mmAdultRedDragon] of database \"dnd5e.actors24\".","timestamp":"2026-07-19 22:39:42"}
{"level":"info","message":"Migrated Actor record [mmAdultSilverDra] of database \"dnd5e.actors24\".","timestamp":"2026-07-19 22:39:42"}
{"level":"info","message":"Migrated Actor record [mmAdultWhiteDrag] of database \"dnd5e.actors24\".","timestamp":"2026-07-19 22:39:42"}
{"level":"info","message":"Migrated Actor record [mmAirElemental00] of database \"dnd5e.actors24\".","timestamp":"2026-07-19 22:39:42"}
{"level":"info","message":"Migrated Actor record [mmAllosaurus0000] of database \"dnd5e.actors24\".","timestamp":"2026-07-19 22:39:42"}
{"level":"info","message":"Migrated Actor record [mmAncientBlackDr] of database \"dnd5e.actors24\".","timestamp":"2026-07-19 22:39:42"}
{"level":"info","message":"Migrated Actor record [mmAncientBlueDra] of database \"dnd5e.actors24\".","timestamp":"2026-07-19 22:39:42"}
{"level":"info","message":"Migrated Actor record [mmAncientBrassDr] of database \"dnd5e.actors24\".","timestamp":"2026-07-19 22:39:42"}
{"level":"info","message":"Migrated Actor record [mmAncientBronzeD] of database \"dnd5e.actors24\".","timestamp":"2026-07-19 22:39:42"}
{"level":"info","message":"Migrated Actor record [mmAncientCopperD] of database \"dnd5e.actors24\".","timestamp":"2026-07-19 22:39:42"}
{"level":"info","message":"Migrated Actor record [mmAncientGoldDra] of database \"dnd5e.actors24\".","timestamp":"2026-07-19 22:39:42"}
{"level":"info","message":"Migrated Actor record [mmAncientGreenDr] of database \"dnd5e.actors24\".","timestamp":"2026-07-19 22:39:42"}
{"level":"info","message":"Migrated Actor record [mmAncientRedDrag] of database \"dnd5e.actors24\".","timestamp":"2026-07-19 22:39:42"}
{"level":"info","message":"Migrated Actor record [mmAncientSilverD] of database \"dnd5e.actors24\".","timestamp":"2026-07-19 22:39:42"}
{"level":"info","message":"Migrated Actor record [mmAncientWhiteDr] of database \"dnd5e.actors24\".","timestamp":"2026-07-19 22:39:42"}
{"level":"info","message":"Migrated Actor record [mmAnimatedArmor0] of database \"dnd5e.actors24\".","timestamp":"2026-07-19 22:39:42"}
{"level":"info","message":"Migrated Actor record [mmAnimatedFlying] of database \"dnd5e.actors24\".","timestamp":"2026-07-19 22:39:42"}
{"level":"info","message":"Migrated Actor record [mmAnimatedRugOfS] of database \"dnd5e.actors24\".","timestamp":"2026-07-19 22:39:42"}
{"level":"info","message":"Migrated Actor record [mmAnkheg00000000] of database \"dnd5e.actors24\".","timestamp":"2026-07-19 22:39:42"}
{"level":"info","message":"Migrated Actor record [mmAnkylosaurus00] of database \"dnd5e.actors24\".","timestamp":"2026-07-19 22:39:42"}
{"level":"info","message":"Migrated Actor record [mmApe00000000000] of database \"dnd5e.actors24\".","timestamp":"2026-07-19 22:39:42"}
{"level":"info","message":"Migrated Actor record [mmArchelon000000] of database \"dnd5e.actors24\".","timestamp":"2026-07-19 22:39:42"}
{"level":"info","message":"Migrated Actor record [mmArchmage000000] of database \"dnd5e.actors24\".","timestamp":"2026-07-19 22:39:42"}
{"level":"info","message":"Migrated Actor record [mmAssassin000000] of database \"dnd5e.actors24\".","timestamp":"2026-07-19 22:39:42"}
{"level":"info","message":"Migrated Actor record [mmAwakenedShrub0] of database \"dnd5e.actors24\".","timestamp":"2026-07-19 22:39:42"}
{"level":"info","message":"Migrated Actor record [mmAwakenedTree00] of database \"dnd5e.actors24\".","timestamp":"2026-07-19 22:39:42"}
{"level":"info","message":"Migrated Actor record [mmAxeBeak0000000] of database \"dnd5e.actors24\".","timestamp":"2026-07-19 22:39:42"}
{"level":"info","message":"Migrated Actor record [mmAzerSentinel00] of database \"dnd5e.actors24\".","timestamp":"2026-07-19 22:39:42"}
{"level":"info","message":"Migrated Actor record [mmBaboon00000000] of database \"dnd5e.actors24\".","timestamp":"2026-07-19 22:39:42"}
{"level":"info","message":"Migrated Actor record [mmBadger00000000] of database \"dnd5e.actors24\".","timestamp":"2026-07-19 22:39:42"}
{"level":"info","message":"Migrated Actor record [mmBalor000000000] of database \"dnd5e.actors24\".","timestamp":"2026-07-19 22:39:42"}
{"level":"info","message":"Migrated Actor record [mmBandit00000000] of database \"dnd5e.actors24\".","timestamp":"2026-07-19 22:39:42"}
{"level":"info","message":"Migrated Actor record [mmBanditCaptain0] of database \"dnd5e.actors24\".","timestamp":"2026-07-19 22:39:42"}
{"level":"info","message":"Migrated Actor record [mmBarbedDevil000] of database \"dnd5e.actors24\".","timestamp":"2026-07-19 22:39:42"}
{"level":"info","message":"Migrated Actor record [mmBasilisk000000] of database \"dnd5e.actors24\".","timestamp":"2026-07-19 22:39:42"}
{"level":"info","message":"Migrated Actor record [mmBat00000000000] of database \"dnd5e.actors24\".","timestamp":"2026-07-19 22:39:42"}
{"level":"info","message":"Migrated Actor record [mmBeardedDevil00] of database \"dnd5e.actors24\".","timestamp":"2026-07-19 22:39:42"}
{"level":"info","message":"Migrated Actor record [mmBehir000000000] of database \"dnd5e.actors24\".","timestamp":"2026-07-19 22:39:42"}
{"level":"info","message":"Migrated Actor record [mmBerserker00000] of database \"dnd5e.actors24\".","timestamp":"2026-07-19 22:39:42"}
{"level":"info","message":"Migrated Actor record [mmBlackBear00000] of database \"dnd5e.actors24\".","timestamp":"2026-07-19 22:39:42"}
{"level":"info","message":"Migrated Actor record [mmBlackDragonWyr] of database \"dnd5e.actors24\".","timestamp":"2026-07-19 22:39:42"}
{"level":"info","message":"Migrated Actor record [mmBlackPudding00] of database \"dnd5e.actors24\".","timestamp":"2026-07-19 22:39:43"}
{"level":"info","message":"Migrated Actor record [mmBlinkDog000000] of database \"dnd5e.actors24\".","timestamp":"2026-07-19 22:39:43"}
{"level":"info","message":"Migrated Actor record [mmBloodHawk00000] of database \"dnd5e.actors24\".","timestamp":"2026-07-19 22:39:43"}
{"level":"info","message":"Migrated Actor record [mmBlueDragonWyrm] of database \"dnd5e.actors24\".","timestamp":"2026-07-19 22:39:43"}
{"level":"info","message":"Migrated Actor record [mmBoar0000000000] of database \"dnd5e.actors24\".","timestamp":"2026-07-19 22:39:43"}
{"level":"info","message":"Migrated Actor record [mmBoneDevil00000] of database \"dnd5e.actors24\".","timestamp":"2026-07-19 22:39:43"}
{"level":"info","message":"Migrated Actor record [mmBrassDragonWyr] of database \"dnd5e.actors24\".","timestamp":"2026-07-19 22:39:43"}
{"level":"info","message":"Migrated Actor record [mmBronzeDragonWy] of database \"dnd5e.actors24\".","timestamp":"2026-07-19 22:39:43"}
{"level":"info","message":"Migrated Actor record [mmBrownBear00000] of database \"dnd5e.actors24\".","timestamp":"2026-07-19 22:39:43"}
{"level":"info","message":"Migrated Actor record [mmBugbearStalker] of database \"dnd5e.actors24\".","timestamp":"2026-07-19 22:39:43"}
{"level":"info","message":"Migrated Actor record [mmBugbearWarrior] of database \"dnd5e.actors24\".","timestamp":"2026-07-19 22:39:43"}
{"level":"info","message":"Migrated Actor record [mmBulette0000000] of database \"dnd5e.actors24\".","timestamp":"2026-07-19 22:39:43"}
{"level":"info","message":"Migrated Actor record [mmBullywugBogSag] of database \"dnd5e.actors24\".","timestamp":"2026-07-19 22:39:43"}
{"level":"info","message":"Migrated Actor record [mmBullywugWarrio] of database \"dnd5e.actors24\".","timestamp":"2026-07-19 22:39:43"}
{"level":"info","message":"Migrated Actor record [mmCamel000000000] of database \"dnd5e.actors24\".","timestamp":"2026-07-19 22:39:43"}
{"level":"info","message":"Migrated Actor record [mmCarrionCrawler] of database \"dnd5e.actors24\".","timestamp":"2026-07-19 22:39:43"}
{"level":"info","message":"Migrated Actor record [mmCat00000000000] of database \"dnd5e.actors24\".","timestamp":"2026-07-19 22:39:43"}
{"level":"info","message":"Migrated Actor record [mmCentaurTrooper] of database \"dnd5e.actors24\".","timestamp":"2026-07-19 22:39:43"}
{"level":"info","message":"Migrated Actor record [mmChainDevil0000] of database \"dnd5e.actors24\".","timestamp":"2026-07-19 22:39:43"}
{"level":"info","message":"Migrated Actor record [mmChimera0000000] of database \"dnd5e.actors24\".","timestamp":"2026-07-19 22:39:43"}
{"level":"info","message":"Migrated Actor record [mmChuul000000000] of database \"dnd5e.actors24\".","timestamp":"2026-07-19 22:39:43"}
{"level":"info","message":"Migrated Actor record [mmClayGolem00000] of database \"dnd5e.actors24\".","timestamp":"2026-07-19 22:39:43"}
{"level":"info","message":"Migrated Actor record [mmCloaker0000000] of database \"dnd5e.actors24\".","timestamp":"2026-07-19 22:39:43"}
{"level":"info","message":"Migrated Actor record [mmCloudGiant0000] of database \"dnd5e.actors24\".","timestamp":"2026-07-19 22:39:43"}
{"level":"info","message":"Migrated Actor record [mmCockatrice0000] of database \"dnd5e.actors24\".","timestamp":"2026-07-19 22:39:43"}
{"level":"info","message":"Migrated Actor record [mmCommoner000000] of database \"dnd5e.actors24\".","timestamp":"2026-07-19 22:39:43"}
{"level":"info","message":"Migrated Actor record [mmConstrictorSna] of database \"dnd5e.actors24\".","timestamp":"2026-07-19 22:39:43"}
{"level":"info","message":"Migrated Actor record [mmCopperDragonWy] of database \"dnd5e.actors24\".","timestamp":"2026-07-19 22:39:43"}
{"level":"info","message":"Migrated Actor record [mmCouatl00000000] of database \"dnd5e.actors24\".","timestamp":"2026-07-19 22:39:43"}
{"level":"info","message":"Migrated Actor record [mmCrab0000000000] of database \"dnd5e.actors24\".","timestamp":"2026-07-19 22:39:43"}
{"level":"info","message":"Migrated Actor record [mmCrocodile00000] of database \"dnd5e.actors24\".","timestamp":"2026-07-19 22:39:43"}
{"level":"info","message":"Migrated Actor record [mmCultist0000000] of database \"dnd5e.actors24\".","timestamp":"2026-07-19 22:39:43"}
{"level":"info","message":"Migrated Actor record [mmCultistFanatic] of database \"dnd5e.actors24\".","timestamp":"2026-07-19 22:39:43"}
{"level":"info","message":"Migrated Actor record [mmDarkmantle0000] of database \"dnd5e.actors24\".","timestamp":"2026-07-19 22:39:43"}
{"level":"info","message":"Migrated Actor record [mmDeathDog000000] of database \"dnd5e.actors24\".","timestamp":"2026-07-19 22:39:43"}
{"level":"info","message":"Migrated Actor record [mmDeer0000000000] of database \"dnd5e.actors24\".","timestamp":"2026-07-19 22:39:43"}
{"level":"info","message":"Migrated Actor record [mmDeva0000000000] of database \"dnd5e.actors24\".","timestamp":"2026-07-19 22:39:43"}
{"level":"info","message":"Migrated Actor record [mmDireWolf000000] of database \"dnd5e.actors24\".","timestamp":"2026-07-19 22:39:43"}
{"level":"info","message":"Migrated Actor record [mmDjinni00000000] of database \"dnd5e.actors24\".","timestamp":"2026-07-19 22:39:43"}
{"level":"info","message":"Migrated Actor record [mmDoppelganger00] of database \"dnd5e.actors24\".","timestamp":"2026-07-19 22:39:43"}
{"level":"info","message":"Migrated Actor record [mmDraftHorse0000] of database \"dnd5e.actors24\".","timestamp":"2026-07-19 22:39:43"}
{"level":"info","message":"Migrated Actor record [mmDragonTurtle00] of database \"dnd5e.actors24\".","timestamp":"2026-07-19 22:39:43"}
{"level":"info","message":"Migrated Actor record [mmDretch00000000] of database \"dnd5e.actors24\".","timestamp":"2026-07-19 22:39:43"}
{"level":"info","message":"Migrated Actor record [mmDrider00000000] of database \"dnd5e.actors24\".","timestamp":"2026-07-19 22:39:43"}
{"level":"info","message":"Migrated Actor record [mmDruid000000000] of database \"dnd5e.actors24\".","timestamp":"2026-07-19 22:39:43"}
{"level":"info","message":"Migrated Actor record [mmDryad000000000] of database \"dnd5e.actors24\".","timestamp":"2026-07-19 22:39:43"}
{"level":"info","message":"Migrated Actor record [mmDustMephit0000] of database \"dnd5e.actors24\".","timestamp":"2026-07-19 22:39:43"}
{"level":"info","message":"Migrated Actor record [mmEagle000000000] of database \"dnd5e.actors24\".","timestamp":"2026-07-19 22:39:43"}
{"level":"info","message":"Migrated Actor record [mmEarthElemental] of database \"dnd5e.actors24\".","timestamp":"2026-07-19 22:39:43"}
{"level":"info","message":"Migrated Actor record [mmEfreeti0000000] of database \"dnd5e.actors24\".","timestamp":"2026-07-19 22:39:43"}
{"level":"info","message":"Migrated Actor record [mmElephant000000] of database \"dnd5e.actors24\".","timestamp":"2026-07-19 22:39:43"}
{"level":"info","message":"Migrated Actor record [mmElk00000000000] of database \"dnd5e.actors24\".","timestamp":"2026-07-19 22:39:43"}
{"level":"info","message":"Migrated Actor record [mmErinyes0000000] of database \"dnd5e.actors24\".","timestamp":"2026-07-19 22:39:43"}
{"level":"info","message":"Migrated Actor record [mmEttercap000000] of database \"dnd5e.actors24\".","timestamp":"2026-07-19 22:39:43"}
{"level":"info","message":"Migrated Actor record [mmEttin000000000] of database \"dnd5e.actors24\".","timestamp":"2026-07-19 22:39:43"}
{"level":"info","message":"Migrated Actor record [mmFireElemental0] of database \"dnd5e.actors24\".","timestamp":"2026-07-19 22:39:43"}
{"level":"info","message":"Migrated Actor record [mmFireGiant00000] of database \"dnd5e.actors24\".","timestamp":"2026-07-19 22:39:43"}
{"level":"info","message":"Migrated Actor record [mmFleshGolem0000] of database \"dnd5e.actors24\".","timestamp":"2026-07-19 22:39:43"}
{"level":"info","message":"Migrated Actor record [mmFlyingSnake000] of database \"dnd5e.actors24\".","timestamp":"2026-07-19 22:39:43"}
{"level":"info","message":"Migrated Actor record [mmFrog0000000000] of database \"dnd5e.actors24\".","timestamp":"2026-07-19 22:39:43"}
{"level":"info","message":"Migrated Actor record [mmFrostGiant0000] of database \"dnd5e.actors24\".","timestamp":"2026-07-19 22:39:43"}
{"level":"info","message":"Migrated Actor record [mmGargoyle000000] of database \"dnd5e.actors24\".","timestamp":"2026-07-19 22:39:43"}
{"level":"info","message":"Migrated Actor record [mmGelatinousCube] of database \"dnd5e.actors24\".","timestamp":"2026-07-19 22:39:43"}
{"level":"info","message":"Migrated Actor record [mmGhast000000000] of database \"dnd5e.actors24\".","timestamp":"2026-07-19 22:39:43"}
{"level":"info","message":"Migrated Actor record [mmGhost000000000] of database \"dnd5e.actors24\".","timestamp":"2026-07-19 22:39:43"}
{"level":"info","message":"Migrated Actor record [mmGhoul000000000] of database \"dnd5e.actors24\".","timestamp":"2026-07-19 22:39:43"}
{"level":"info","message":"Migrated Actor record [mmGiantApe000000] of database \"dnd5e.actors24\".","timestamp":"2026-07-19 22:39:43"}
{"level":"info","message":"Migrated Actor record [mmGiantBadger000] of database \"dnd5e.actors24\".","timestamp":"2026-07-19 22:39:43"}
{"level":"info","message":"Migrated Actor record [mmGiantBat000000] of database \"dnd5e.actors24\".","timestamp":"2026-07-19 22:39:43"}
{"level":"info","message":"Migrated Actor record [mmGiantBoar00000] of database \"dnd5e.actors24\".","timestamp":"2026-07-19 22:39:43"}
{"level":"info","message":"Migrated Actor record [mmGiantCentipede] of database \"dnd5e.actors24\".","timestamp":"2026-07-19 22:39:43"}
{"level":"info","message":"Migrated Actor record [mmGiantConstrict] of database \"dnd5e.actors24\".","timestamp":"2026-07-19 22:39:43"}
{"level":"info","message":"Migrated Actor record [mmGiantCrab00000] of database \"dnd5e.actors24\".","timestamp":"2026-07-19 22:39:43"}
{"level":"info","message":"Migrated Actor record [mmGiantCrocodile] of database \"dnd5e.actors24\".","timestamp":"2026-07-19 22:39:43"}
{"level":"info","message":"Migrated Actor record [mmGiantEagle0000] of database \"dnd5e.actors24\".","timestamp":"2026-07-19 22:39:43"}
{"level":"info","message":"Migrated Actor record [mmGiantElk000000] of database \"dnd5e.actors24\".","timestamp":"2026-07-19 22:39:43"}
{"level":"info","message":"Migrated Actor record [mmGiantFireBeetl] of database \"dnd5e.actors24\".","timestamp":"2026-07-19 22:39:43"}
{"level":"info","message":"Migrated Actor record [mmGiantFrog00000] of database \"dnd5e.actors24\".","timestamp":"2026-07-19 22:39:43"}
{"level":"info","message":"Migrated Actor record [mmGiantGoat00000] of database \"dnd5e.actors24\".","timestamp":"2026-07-19 22:39:43"}
{"level":"info","message":"Migrated Actor record [mmGiantHyena0000] of database \"dnd5e.actors24\".","timestamp":"2026-07-19 22:39:43"}
{"level":"info","message":"Migrated Actor record [mmGiantLizard000] of database \"dnd5e.actors24\".","timestamp":"2026-07-19 22:39:43"}
{"level":"info","message":"Migrated Actor record [mmGiantOctopus00] of database \"dnd5e.actors24\".","timestamp":"2026-07-19 22:39:43"}
{"level":"info","message":"Migrated Actor record [mmGiantOwl000000] of database \"dnd5e.actors24\".","timestamp":"2026-07-19 22:39:43"}
{"level":"info","message":"Migrated Actor record [mmGiantRat000000] of database \"dnd5e.actors24\".","timestamp":"2026-07-19 22:39:43"}
{"level":"info","message":"Migrated Actor record [mmGiantScorpion0] of database \"dnd5e.actors24\".","timestamp":"2026-07-19 22:39:43"}
{"level":"info","message":"Migrated Actor record [mmGiantSeahorse0] of database \"dnd5e.actors24\".","timestamp":"2026-07-19 22:39:43"}
{"level":"info","message":"Migrated Actor record [mmGiantShark0000] of database \"dnd5e.actors24\".","timestamp":"2026-07-19 22:39:43"}
{"level":"info","message":"Migrated Actor record [mmGiantSpider000] of database \"dnd5e.actors24\".","timestamp":"2026-07-19 22:39:43"}
{"level":"info","message":"Migrated Actor record [mmGiantToad00000] of database \"dnd5e.actors24\".","timestamp":"2026-07-19 22:39:43"}
{"level":"info","message":"Migrated Actor record [mmGiantVenomousS] of database \"dnd5e.actors24\".","timestamp":"2026-07-19 22:39:43"}
{"level":"info","message":"Migrated Actor record [mmGiantVulture00] of database \"dnd5e.actors24\".","timestamp":"2026-07-19 22:39:43"}
{"level":"info","message":"Migrated Actor record [mmGiantWasp00000] of database \"dnd5e.actors24\".","timestamp":"2026-07-19 22:39:43"}
{"level":"info","message":"Migrated Actor record [mmGiantWeasel000] of database \"dnd5e.actors24\".","timestamp":"2026-07-19 22:39:43"}
{"level":"info","message":"Migrated Actor record [mmGiantWolfSpide] of database \"dnd5e.actors24\".","timestamp":"2026-07-19 22:39:43"}
{"level":"info","message":"Migrated Actor record [mmGibberingMouth] of database \"dnd5e.actors24\".","timestamp":"2026-07-19 22:39:43"}
{"level":"info","message":"Migrated Actor record [mmGlabrezu000000] of database \"dnd5e.actors24\".","timestamp":"2026-07-19 22:39:43"}
{"level":"info","message":"Migrated Actor record [mmGladiator00000] of database \"dnd5e.actors24\".","timestamp":"2026-07-19 22:39:43"}
{"level":"info","message":"Migrated Actor record [mmGnollWarrior00] of database \"dnd5e.actors24\".","timestamp":"2026-07-19 22:39:43"}
{"level":"info","message":"Migrated Actor record [mmGoat0000000000] of database \"dnd5e.actors24\".","timestamp":"2026-07-19 22:39:43"}
{"level":"info","message":"Migrated Actor record [mmGoblinBoss0000] of database \"dnd5e.actors24\".","timestamp":"2026-07-19 22:39:43"}
{"level":"info","message":"Migrated Actor record [mmGoblinMinion00] of database \"dnd5e.actors24\".","timestamp":"2026-07-19 22:39:43"}
{"level":"info","message":"Migrated Actor record [mmGoblinWarrior0] of database \"dnd5e.actors24\".","timestamp":"2026-07-19 22:39:43"}
{"level":"info","message":"Migrated Actor record [mmGoldDragonWyrm] of database \"dnd5e.actors24\".","timestamp":"2026-07-19 22:39:43"}
{"level":"info","message":"Migrated Actor record [mmGorgon00000000] of database \"dnd5e.actors24\".","timestamp":"2026-07-19 22:39:43"}
{"level":"info","message":"Migrated Actor record [mmGrayOoze000000] of database \"dnd5e.actors24\".","timestamp":"2026-07-19 22:39:43"}
{"level":"info","message":"Migrated Actor record [mmGreenDragonWyr] of database \"dnd5e.actors24\".","timestamp":"2026-07-19 22:39:43"}
{"level":"info","message":"Migrated Actor record [mmGreenHag000000] of database \"dnd5e.actors24\".","timestamp":"2026-07-19 22:39:43"}
{"level":"info","message":"Migrated Actor record [mmGrick000000000] of database \"dnd5e.actors24\".","timestamp":"2026-07-19 22:39:43"}
{"level":"info","message":"Migrated Actor record [mmGriffon0000000] of database \"dnd5e.actors24\".","timestamp":"2026-07-19 22:39:43"}
{"level":"info","message":"Migrated Actor record [mmGrimlock000000] of database \"dnd5e.actors24\".","timestamp":"2026-07-19 22:39:43"}
{"level":"info","message":"Migrated Actor record [mmGuard000000000] of database \"dnd5e.actors24\".","timestamp":"2026-07-19 22:39:43"}
{"level":"info","message":"Migrated Actor record [mmGuardCaptain00] of database \"dnd5e.actors24\".","timestamp":"2026-07-19 22:39:43"}
{"level":"info","message":"Migrated Actor record [mmGuardianNaga00] of database \"dnd5e.actors24\".","timestamp":"2026-07-19 22:39:43"}
{"level":"info","message":"Migrated Actor record [mmHalfdragon0000] of database \"dnd5e.actors24\".","timestamp":"2026-07-19 22:39:43"}
{"level":"info","message":"Migrated Actor record [mmHarpy000000000] of database \"dnd5e.actors24\".","timestamp":"2026-07-19 22:39:43"}
{"level":"info","message":"Migrated Actor record [mmHawk0000000000] of database \"dnd5e.actors24\".","timestamp":"2026-07-19 22:39:43"}
{"level":"info","message":"Migrated Actor record [mmHellHound00000] of database \"dnd5e.actors24\".","timestamp":"2026-07-19 22:39:43"}
{"level":"info","message":"Migrated Actor record [mmHezrou00000000] of database \"dnd5e.actors24\".","timestamp":"2026-07-19 22:39:43"}
{"level":"info","message":"Migrated Actor record [mmHillGiant00000] of database \"dnd5e.actors24\".","timestamp":"2026-07-19 22:39:43"}
{"level":"info","message":"Migrated Actor record [mmHippogriff0000] of database \"dnd5e.actors24\".","timestamp":"2026-07-19 22:39:43"}
{"level":"info","message":"Migrated Actor record [mmHippopotamus00] of database \"dnd5e.actors24\".","timestamp":"2026-07-19 22:39:43"}
{"level":"info","message":"Migrated Actor record [mmHobgoblinCapta] of database \"dnd5e.actors24\".","timestamp":"2026-07-19 22:39:43"}
{"level":"info","message":"Migrated Actor record [mmHobgoblinWarri] of database \"dnd5e.actors24\".","timestamp":"2026-07-19 22:39:43"}
{"level":"info","message":"Migrated Actor record [mmHomunculus0000] of database \"dnd5e.actors24\".","timestamp":"2026-07-19 22:39:43"}
{"level":"info","message":"Migrated Actor record [mmHornedDevil000] of database \"dnd5e.actors24\".","timestamp":"2026-07-19 22:39:43"}
{"level":"info","message":"Migrated Actor record [mmHunterShark000] of database \"dnd5e.actors24\".","timestamp":"2026-07-19 22:39:43"}
{"level":"info","message":"Migrated Actor record [mmHydra000000000] of database \"dnd5e.actors24\".","timestamp":"2026-07-19 22:39:43"}
{"level":"info","message":"Migrated Actor record [mmHyena000000000] of database \"dnd5e.actors24\".","timestamp":"2026-07-19 22:39:43"}
{"level":"info","message":"Migrated Actor record [mmIceDevil000000] of database \"dnd5e.actors24\".","timestamp":"2026-07-19 22:39:43"}
{"level":"info","message":"Migrated Actor record [mmIceMephit00000] of database \"dnd5e.actors24\".","timestamp":"2026-07-19 22:39:43"}
{"level":"info","message":"Migrated Actor record [mmImp00000000000] of database \"dnd5e.actors24\".","timestamp":"2026-07-19 22:39:43"}
{"level":"info","message":"Migrated Actor record [mmIncubus0000000] of database \"dnd5e.actors24\".","timestamp":"2026-07-19 22:39:43"}
{"level":"info","message":"Migrated Actor record [mmInvisibleStalk] of database \"dnd5e.actors24\".","timestamp":"2026-07-19 22:39:43"}
{"level":"info","message":"Migrated Actor record [mmIronGolem00000] of database \"dnd5e.actors24\".","timestamp":"2026-07-19 22:39:43"}
{"level":"info","message":"Migrated Actor record [mmJackal00000000] of database \"dnd5e.actors24\".","timestamp":"2026-07-19 22:39:43"}
{"level":"info","message":"Migrated Actor record [mmKillerWhale000] of database \"dnd5e.actors24\".","timestamp":"2026-07-19 22:39:43"}
{"level":"info","message":"Migrated Actor record [mmKnight00000000] of database \"dnd5e.actors24\".","timestamp":"2026-07-19 22:39:43"}
{"level":"info","message":"Migrated Actor record [mmKoboldWarrior0] of database \"dnd5e.actors24\".","timestamp":"2026-07-19 22:39:43"}
{"level":"info","message":"Migrated Actor record [mmKraken00000000] of database \"dnd5e.actors24\".","timestamp":"2026-07-19 22:39:43"}
{"level":"info","message":"Migrated Actor record [mmLamia000000000] of database \"dnd5e.actors24\".","timestamp":"2026-07-19 22:39:43"}
{"level":"info","message":"Migrated Actor record [mmLemure00000000] of database \"dnd5e.actors24\".","timestamp":"2026-07-19 22:39:43"}
{"level":"info","message":"Migrated Actor record [mmLich0000000000] of database \"dnd5e.actors24\".","timestamp":"2026-07-19 22:39:43"}
{"level":"info","message":"Migrated Actor record [mmLion0000000000] of database \"dnd5e.actors24\".","timestamp":"2026-07-19 22:39:43"}
{"level":"info","message":"Migrated Actor record [mmLizard00000000] of database \"dnd5e.actors24\".","timestamp":"2026-07-19 22:39:43"}
{"level":"info","message":"Migrated Actor record [mmMage0000000000] of database \"dnd5e.actors24\".","timestamp":"2026-07-19 22:39:43"}
{"level":"info","message":"Migrated Actor record [mmMagmaMephit000] of database \"dnd5e.actors24\".","timestamp":"2026-07-19 22:39:43"}
{"level":"info","message":"Migrated Actor record [mmMagmin00000000] of database \"dnd5e.actors24\".","timestamp":"2026-07-19 22:39:43"}
{"level":"info","message":"Migrated Actor record [mmMammoth0000000] of database \"dnd5e.actors24\".","timestamp":"2026-07-19 22:39:43"}
{"level":"info","message":"Migrated Actor record [mmManticore00000] of database \"dnd5e.actors24\".","timestamp":"2026-07-19 22:39:43"}
{"level":"info","message":"Migrated Actor record [mmMarilith000000] of database \"dnd5e.actors24\".","timestamp":"2026-07-19 22:39:43"}
{"level":"info","message":"Migrated Actor record [mmMastiff0000000] of database \"dnd5e.actors24\".","timestamp":"2026-07-19 22:39:43"}
{"level":"info","message":"Migrated Actor record [mmMedusa00000000] of database \"dnd5e.actors24\".","timestamp":"2026-07-19 22:39:43"}
{"level":"info","message":"Migrated Actor record [mmMerfolkSkirmis] of database \"dnd5e.actors24\".","timestamp":"2026-07-19 22:39:43"}
{"level":"info","message":"Migrated Actor record [mmMerrow00000000] of database \"dnd5e.actors24\".","timestamp":"2026-07-19 22:39:43"}
{"level":"info","message":"Migrated Actor record [mmMimic000000000] of database \"dnd5e.actors24\".","timestamp":"2026-07-19 22:39:43"}
{"level":"info","message":"Migrated Actor record [mmMinotaurOfBaph] of database \"dnd5e.actors24\".","timestamp":"2026-07-19 22:39:43"}
{"level":"info","message":"Migrated Actor record [mmMinotaurSkelet] of database \"dnd5e.actors24\".","timestamp":"2026-07-19 22:39:43"}
{"level":"info","message":"Migrated Actor record [mmMule0000000000] of database \"dnd5e.actors24\".","timestamp":"2026-07-19 22:39:43"}
{"level":"info","message":"Migrated Actor record [mmMummy000000000] of database \"dnd5e.actors24\".","timestamp":"2026-07-19 22:39:43"}
{"level":"info","message":"Migrated Actor record [mmMummyLord00000] of database \"dnd5e.actors24\".","timestamp":"2026-07-19 22:39:43"}
{"level":"info","message":"Migrated Actor record [mmNalfeshnee0000] of database \"dnd5e.actors24\".","timestamp":"2026-07-19 22:39:43"}
{"level":"info","message":"Migrated Actor record [mmNightHag000000] of database \"dnd5e.actors24\".","timestamp":"2026-07-19 22:39:43"}
{"level":"info","message":"Migrated Actor record [mmNightmare00000] of database \"dnd5e.actors24\".","timestamp":"2026-07-19 22:39:43"}
{"level":"info","message":"Migrated Actor record [mmNoble000000000] of database \"dnd5e.actors24\".","timestamp":"2026-07-19 22:39:43"}
{"level":"info","message":"Migrated Actor record [mmNothic00000000] of database \"dnd5e.actors24\".","timestamp":"2026-07-19 22:39:43"}
{"level":"info","message":"Migrated Actor record [mmOchreJelly0000] of database \"dnd5e.actors24\".","timestamp":"2026-07-19 22:39:43"}
{"level":"info","message":"Migrated Actor record [mmOctopus0000000] of database \"dnd5e.actors24\".","timestamp":"2026-07-19 22:39:43"}
{"level":"info","message":"Migrated Actor record [mmOgre0000000000] of database \"dnd5e.actors24\".","timestamp":"2026-07-19 22:39:43"}
{"level":"info","message":"Migrated Actor record [mmOgreZombie0000] of database \"dnd5e.actors24\".","timestamp":"2026-07-19 22:39:43"}
{"level":"info","message":"Migrated Actor record [mmOni00000000000] of database \"dnd5e.actors24\".","timestamp":"2026-07-19 22:39:43"}
{"level":"info","message":"Migrated Actor record [mmOtyugh00000000] of database \"dnd5e.actors24\".","timestamp":"2026-07-19 22:39:43"}
{"level":"info","message":"Migrated Actor record [mmOwl00000000000] of database \"dnd5e.actors24\".","timestamp":"2026-07-19 22:39:43"}
{"level":"info","message":"Migrated Actor record [mmOwlbear0000000] of database \"dnd5e.actors24\".","timestamp":"2026-07-19 22:39:43"}
{"level":"info","message":"Migrated Actor record [mmPanther0000000] of database \"dnd5e.actors24\".","timestamp":"2026-07-19 22:39:43"}
{"level":"info","message":"Migrated Actor record [mmPegasus0000000] of database \"dnd5e.actors24\".","timestamp":"2026-07-19 22:39:43"}
{"level":"info","message":"Migrated Actor record [mmPhaseSpider000] of database \"dnd5e.actors24\".","timestamp":"2026-07-19 22:39:43"}
{"level":"info","message":"Migrated Actor record [mmPiranha0000000] of database \"dnd5e.actors24\".","timestamp":"2026-07-19 22:39:43"}
{"level":"info","message":"Migrated Actor record [mmPirate00000000] of database \"dnd5e.actors24\".","timestamp":"2026-07-19 22:39:43"}
{"level":"info","message":"Migrated Actor record [mmPirateCaptain0] of database \"dnd5e.actors24\".","timestamp":"2026-07-19 22:39:43"}
{"level":"info","message":"Migrated Actor record [mmPitFiend000000] of database \"dnd5e.actors24\".","timestamp":"2026-07-19 22:39:43"}
{"level":"info","message":"Migrated Actor record [mmPlanetar000000] of database \"dnd5e.actors24\".","timestamp":"2026-07-19 22:39:43"}
{"level":"info","message":"Migrated Actor record [mmPlesiosaurus00] of database \"dnd5e.actors24\".","timestamp":"2026-07-19 22:39:43"}
{"level":"info","message":"Migrated Actor record [mmPolarBear00000] of database \"dnd5e.actors24\".","timestamp":"2026-07-19 22:39:43"}
{"level":"info","message":"Migrated Actor record [mmPony0000000000] of database \"dnd5e.actors24\".","timestamp":"2026-07-19 22:39:43"}
{"level":"info","message":"Migrated Actor record [mmPriest00000000] of database \"dnd5e.actors24\".","timestamp":"2026-07-19 22:39:43"}
{"level":"info","message":"Migrated Actor record [mmPriestAcolyte0] of database \"dnd5e.actors24\".","timestamp":"2026-07-19 22:39:43"}
{"level":"info","message":"Migrated Actor record [mmPseudodragon00] of database \"dnd5e.actors24\".","timestamp":"2026-07-19 22:39:43"}
{"level":"info","message":"Migrated Actor record [mmPteranodon0000] of database \"dnd5e.actors24\".","timestamp":"2026-07-19 22:39:43"}
{"level":"info","message":"Migrated Actor record [mmPurpleWorm0000] of database \"dnd5e.actors24\".","timestamp":"2026-07-19 22:39:43"}
{"level":"info","message":"Migrated Actor record [mmQuasit00000000] of database \"dnd5e.actors24\".","timestamp":"2026-07-19 22:39:43"}
{"level":"info","message":"Migrated Actor record [mmRakshasa000000] of database \"dnd5e.actors24\".","timestamp":"2026-07-19 22:39:43"}
{"level":"info","message":"Migrated Actor record [mmRat00000000000] of database \"dnd5e.actors24\".","timestamp":"2026-07-19 22:39:43"}
{"level":"info","message":"Migrated Actor record [mmRaven000000000] of database \"dnd5e.actors24\".","timestamp":"2026-07-19 22:39:43"}
{"level":"info","message":"Migrated Actor record [mmRedDragonWyrml] of database \"dnd5e.actors24\".","timestamp":"2026-07-19 22:39:43"}
{"level":"info","message":"Migrated Actor record [mmReefShark00000] of database \"dnd5e.actors24\".","timestamp":"2026-07-19 22:39:43"}
{"level":"info","message":"Migrated Actor record [mmRemorhaz000000] of database \"dnd5e.actors24\".","timestamp":"2026-07-19 22:39:43"}
{"level":"info","message":"Migrated Actor record [mmRhinoceros0000] of database \"dnd5e.actors24\".","timestamp":"2026-07-19 22:39:43"}
{"level":"info","message":"Migrated Actor record [mmRidingHorse000] of database \"dnd5e.actors24\".","timestamp":"2026-07-19 22:39:43"}
{"level":"info","message":"Migrated Actor record [mmRoc00000000000] of database \"dnd5e.actors24\".","timestamp":"2026-07-19 22:39:43"}
{"level":"info","message":"Migrated Actor record [mmRoper000000000] of database \"dnd5e.actors24\".","timestamp":"2026-07-19 22:39:43"}
{"level":"info","message":"Migrated Actor record [mmRustMonster000] of database \"dnd5e.actors24\".","timestamp":"2026-07-19 22:39:43"}
{"level":"info","message":"Migrated Actor record [mmSabertoothedTi] of database \"dnd5e.actors24\".","timestamp":"2026-07-19 22:39:43"}
{"level":"info","message":"Migrated Actor record [mmSahuaginWarrio] of database \"dnd5e.actors24\".","timestamp":"2026-07-19 22:39:43"}
{"level":"info","message":"Migrated Actor record [mmSalamander0000] of database \"dnd5e.actors24\".","timestamp":"2026-07-19 22:39:43"}
{"level":"info","message":"Migrated Actor record [mmSatyr000000000] of database \"dnd5e.actors24\".","timestamp":"2026-07-19 22:39:43"}
{"level":"info","message":"Migrated Actor record [mmScorpion000000] of database \"dnd5e.actors24\".","timestamp":"2026-07-19 22:39:43"}
{"level":"info","message":"Migrated Actor record [mmScout000000000] of database \"dnd5e.actors24\".","timestamp":"2026-07-19 22:39:43"}
{"level":"info","message":"Migrated Actor record [mmSeaHag00000000] of database \"dnd5e.actors24\".","timestamp":"2026-07-19 22:39:43"}
{"level":"info","message":"Migrated Actor record [mmSeahorse000000] of database \"dnd5e.actors24\".","timestamp":"2026-07-19 22:39:43"}
{"level":"info","message":"Migrated Actor record [mmShadow00000000] of database \"dnd5e.actors24\".","timestamp":"2026-07-19 22:39:43"}
{"level":"info","message":"Migrated Actor record [mmShamblingMound] of database \"dnd5e.actors24\".","timestamp":"2026-07-19 22:39:43"}
{"level":"info","message":"Migrated Actor record [mmShieldGuardian] of database \"dnd5e.actors24\".","timestamp":"2026-07-19 22:39:43"}
{"level":"info","message":"Migrated Actor record [mmShriekerFungus] of database \"dnd5e.actors24\".","timestamp":"2026-07-19 22:39:43"}
{"level":"info","message":"Migrated Actor record [mmSilverDragonWy] of database \"dnd5e.actors24\".","timestamp":"2026-07-19 22:39:43"}
{"level":"info","message":"Migrated Actor record [mmSkeleton000000] of database \"dnd5e.actors24\".","timestamp":"2026-07-19 22:39:43"}
{"level":"info","message":"Migrated Actor record [mmSlaadTadpole00] of database \"dnd5e.actors24\".","timestamp":"2026-07-19 22:39:43"}
{"level":"info","message":"Migrated Actor record [mmSolar000000000] of database \"dnd5e.actors24\".","timestamp":"2026-07-19 22:39:43"}
{"level":"info","message":"Migrated Actor record [mmSpecter0000000] of database \"dnd5e.actors24\".","timestamp":"2026-07-19 22:39:43"}
{"level":"info","message":"Migrated Actor record [mmSphinxOfLore00] of database \"dnd5e.actors24\".","timestamp":"2026-07-19 22:39:43"}
{"level":"info","message":"Migrated Actor record [mmSphinxOfValor0] of database \"dnd5e.actors24\".","timestamp":"2026-07-19 22:39:43"}
{"level":"info","message":"Migrated Actor record [mmSphinxOfWonder] of database \"dnd5e.actors24\".","timestamp":"2026-07-19 22:39:43"}
{"level":"info","message":"Migrated Actor record [mmSpider00000000] of database \"dnd5e.actors24\".","timestamp":"2026-07-19 22:39:43"}
{"level":"info","message":"Migrated Actor record [mmSpiritNaga0000] of database \"dnd5e.actors24\".","timestamp":"2026-07-19 22:39:43"}
{"level":"info","message":"Migrated Actor record [mmSprite00000000] of database \"dnd5e.actors24\".","timestamp":"2026-07-19 22:39:43"}
{"level":"info","message":"Migrated Actor record [mmSpy00000000000] of database \"dnd5e.actors24\".","timestamp":"2026-07-19 22:39:43"}
{"level":"info","message":"Migrated Actor record [mmSteamMephit000] of database \"dnd5e.actors24\".","timestamp":"2026-07-19 22:39:43"}
{"level":"info","message":"Migrated Actor record [mmStirge00000000] of database \"dnd5e.actors24\".","timestamp":"2026-07-19 22:39:43"}
{"level":"info","message":"Migrated Actor record [mmStoneGiant0000] of database \"dnd5e.actors24\".","timestamp":"2026-07-19 22:39:43"}
{"level":"info","message":"Migrated Actor record [mmStoneGolem0000] of database \"dnd5e.actors24\".","timestamp":"2026-07-19 22:39:43"}
{"level":"info","message":"Migrated Actor record [mmStormGiant0000] of database \"dnd5e.actors24\".","timestamp":"2026-07-19 22:39:43"}
{"level":"info","message":"Migrated Actor record [mmSuccubus000000] of database \"dnd5e.actors24\".","timestamp":"2026-07-19 22:39:43"}
{"level":"info","message":"Migrated Actor record [mmSwarmOfBats000] of database \"dnd5e.actors24\".","timestamp":"2026-07-19 22:39:43"}
{"level":"info","message":"Migrated Actor record [mmSwarmOfCrawlin] of database \"dnd5e.actors24\".","timestamp":"2026-07-19 22:39:43"}
{"level":"info","message":"Migrated Actor record [mmSwarmOfInsects] of database \"dnd5e.actors24\".","timestamp":"2026-07-19 22:39:43"}
{"level":"info","message":"Migrated Actor record [mmSwarmOfPiranha] of database \"dnd5e.actors24\".","timestamp":"2026-07-19 22:39:43"}
{"level":"info","message":"Migrated Actor record [mmSwarmOfRats000] of database \"dnd5e.actors24\".","timestamp":"2026-07-19 22:39:43"}
{"level":"info","message":"Migrated Actor record [mmSwarmOfRavens0] of database \"dnd5e.actors24\".","timestamp":"2026-07-19 22:39:43"}
{"level":"info","message":"Migrated Actor record [mmSwarmOfVenomou] of database \"dnd5e.actors24\".","timestamp":"2026-07-19 22:39:43"}
{"level":"info","message":"Migrated Actor record [mmTarrasque00000] of database \"dnd5e.actors24\".","timestamp":"2026-07-19 22:39:43"}
{"level":"info","message":"Migrated Actor record [mmTiger000000000] of database \"dnd5e.actors24\".","timestamp":"2026-07-19 22:39:43"}
{"level":"info","message":"Migrated Actor record [mmTough000000000] of database \"dnd5e.actors24\".","timestamp":"2026-07-19 22:39:43"}
{"level":"info","message":"Migrated Actor record [mmToughBoss00000] of database \"dnd5e.actors24\".","timestamp":"2026-07-19 22:39:43"}
{"level":"info","message":"Migrated Actor record [mmTreant00000000] of database \"dnd5e.actors24\".","timestamp":"2026-07-19 22:39:43"}
{"level":"info","message":"Migrated Actor record [mmTriceratops000] of database \"dnd5e.actors24\".","timestamp":"2026-07-19 22:39:43"}
{"level":"info","message":"Migrated Actor record [mmTroll000000000] of database \"dnd5e.actors24\".","timestamp":"2026-07-19 22:39:43"}
{"level":"info","message":"Migrated Actor record [mmTrollLimb00000] of database \"dnd5e.actors24\".","timestamp":"2026-07-19 22:39:43"}
{"level":"info","message":"Migrated Actor record [mmTyrannosaurusR] of database \"dnd5e.actors24\".","timestamp":"2026-07-19 22:39:43"}
{"level":"info","message":"Migrated Actor record [mmUnicorn0000000] of database \"dnd5e.actors24\".","timestamp":"2026-07-19 22:39:43"}
{"level":"info","message":"Migrated Actor record [mmVampire0000000] of database \"dnd5e.actors24\".","timestamp":"2026-07-19 22:39:43"}
{"level":"info","message":"Migrated Actor record [mmVampireFamilia] of database \"dnd5e.actors24\".","timestamp":"2026-07-19 22:39:43"}
{"level":"info","message":"Migrated Actor record [mmVampireSpawn00] of database \"dnd5e.actors24\".","timestamp":"2026-07-19 22:39:43"}
{"level":"info","message":"Migrated Actor record [mmVenomousSnake0] of database \"dnd5e.actors24\".","timestamp":"2026-07-19 22:39:43"}
{"level":"info","message":"Migrated Actor record [mmVioletFungus00] of database \"dnd5e.actors24\".","timestamp":"2026-07-19 22:39:43"}
{"level":"info","message":"Migrated Actor record [mmVrock000000000] of database \"dnd5e.actors24\".","timestamp":"2026-07-19 22:39:43"}
{"level":"info","message":"Migrated Actor record [mmVulture0000000] of database \"dnd5e.actors24\".","timestamp":"2026-07-19 22:39:43"}
{"level":"info","message":"Migrated Actor record [mmWarhorse000000] of database \"dnd5e.actors24\".","timestamp":"2026-07-19 22:39:43"}
{"level":"info","message":"Migrated Actor record [mmWarhorseSkelet] of database \"dnd5e.actors24\".","timestamp":"2026-07-19 22:39:43"}
{"level":"info","message":"Migrated Actor record [mmWarriorInfantr] of database \"dnd5e.actors24\".","timestamp":"2026-07-19 22:39:43"}
{"level":"info","message":"Migrated Actor record [mmWarriorVeteran] of database \"dnd5e.actors24\".","timestamp":"2026-07-19 22:39:43"}
{"level":"info","message":"Migrated Actor record [mmWaterElemental] of database \"dnd5e.actors24\".","timestamp":"2026-07-19 22:39:43"}
{"level":"info","message":"Migrated Actor record [mmWeasel00000000] of database \"dnd5e.actors24\".","timestamp":"2026-07-19 22:39:43"}
{"level":"info","message":"Migrated Actor record [mmWerebear000000] of database \"dnd5e.actors24\".","timestamp":"2026-07-19 22:39:43"}
{"level":"info","message":"Migrated Actor record [mmWereboar000000] of database \"dnd5e.actors24\".","timestamp":"2026-07-19 22:39:43"}
{"level":"info","message":"Migrated Actor record [mmWererat0000000] of database \"dnd5e.actors24\".","timestamp":"2026-07-19 22:39:43"}
{"level":"info","message":"Migrated Actor record [mmWeretiger00000] of database \"dnd5e.actors24\".","timestamp":"2026-07-19 22:39:43"}
{"level":"info","message":"Migrated Actor record [mmWerewolf000000] of database \"dnd5e.actors24\".","timestamp":"2026-07-19 22:39:43"}
{"level":"info","message":"Migrated Actor record [mmWhiteDragonWyr] of database \"dnd5e.actors24\".","timestamp":"2026-07-19 22:39:44"}
{"level":"info","message":"Migrated Actor record [mmWight000000000] of database \"dnd5e.actors24\".","timestamp":"2026-07-19 22:39:44"}
{"level":"info","message":"Migrated Actor record [mmWillowisp00000] of database \"dnd5e.actors24\".","timestamp":"2026-07-19 22:39:44"}
{"level":"info","message":"Migrated Actor record [mmWinterWolf0000] of database \"dnd5e.actors24\".","timestamp":"2026-07-19 22:39:44"}
{"level":"info","message":"Migrated Actor record [mmWolf0000000000] of database \"dnd5e.actors24\".","timestamp":"2026-07-19 22:39:44"}
{"level":"info","message":"Migrated Actor record [mmWorg0000000000] of database \"dnd5e.actors24\".","timestamp":"2026-07-19 22:39:44"}
{"level":"info","message":"Migrated Actor record [mmWraith00000000] of database \"dnd5e.actors24\".","timestamp":"2026-07-19 22:39:44"}
{"level":"info","message":"Migrated Actor record [mmWyvern00000000] of database \"dnd5e.actors24\".","timestamp":"2026-07-19 22:39:44"}
{"level":"info","message":"Migrated Actor record [mmXorn0000000000] of database \"dnd5e.actors24\".","timestamp":"2026-07-19 22:39:44"}
{"level":"info","message":"Migrated Actor record [mmYoungBlackDrag] of database \"dnd5e.actors24\".","timestamp":"2026-07-19 22:39:44"}
{"level":"info","message":"Migrated Actor record [mmYoungBlueDrago] of database \"dnd5e.actors24\".","timestamp":"2026-07-19 22:39:44"}
{"level":"info","message":"Migrated Actor record [mmYoungBrassDrag] of database \"dnd5e.actors24\".","timestamp":"2026-07-19 22:39:44"}
{"level":"info","message":"Migrated Actor record [mmYoungBronzeDra] of database \"dnd5e.actors24\".","timestamp":"2026-07-19 22:39:44"}
{"level":"info","message":"Migrated Actor record [mmYoungCopperDra] of database \"dnd5e.actors24\".","timestamp":"2026-07-19 22:39:44"}
{"level":"info","message":"Migrated Actor record [mmYoungGoldDrago] of database \"dnd5e.actors24\".","timestamp":"2026-07-19 22:39:44"}
{"level":"info","message":"Migrated Actor record [mmYoungGreenDrag] of database \"dnd5e.actors24\".","timestamp":"2026-07-19 22:39:44"}
{"level":"info","message":"Migrated Actor record [mmYoungRedDragon] of database \"dnd5e.actors24\".","timestamp":"2026-07-19 22:39:44"}
{"level":"info","message":"Migrated Actor record [mmYoungSilverDra] of database \"dnd5e.actors24\".","timestamp":"2026-07-19 22:39:44"}
{"level":"info","message":"Migrated Actor record [mmYoungWhiteDrag] of database \"dnd5e.actors24\".","timestamp":"2026-07-19 22:39:44"}
{"level":"info","message":"Migrated Actor record [mmZombie00000000] of database \"dnd5e.actors24\".","timestamp":"2026-07-19 22:39:44"}
{"level":"info","message":"Migrated Actor record [phbConjuredEarth] of database \"dnd5e.actors24\".","timestamp":"2026-07-19 22:39:44"}
{"level":"info","message":"Migrated Actor record [phbConjuredFireE] of database \"dnd5e.actors24\".","timestamp":"2026-07-19 22:39:44"}
{"level":"info","message":"Migrated Actor record [phbConjuredWater] of database \"dnd5e.actors24\".","timestamp":"2026-07-19 22:39:44"}
{"level":"info","message":"Migrated Actor record [phbDuplicate0000] of database \"dnd5e.actors24\".","timestamp":"2026-07-19 22:39:44"}
{"level":"info","message":"Migrated Actor record [phbInvisibleSens] of database \"dnd5e.actors24\".","timestamp":"2026-07-19 22:39:44"}
{"level":"info","message":"Migrated Actor record [phbSpectralAnima] of database \"dnd5e.actors24\".","timestamp":"2026-07-19 22:39:44"}
{"level":"info","message":"Migrated Actor record [phbginGiantCenti] of database \"dnd5e.actors24\".","timestamp":"2026-07-19 22:39:44"}
{"level":"info","message":"Migrated Actor record [phbginGiantSpide] of database \"dnd5e.actors24\".","timestamp":"2026-07-19 22:39:44"}
{"level":"info","message":"Migrated Actor record [phbginGiantWasp0] of database \"dnd5e.actors24\".","timestamp":"2026-07-19 22:39:44"}
{"level":"info","message":"Migrated Actor record [phbhaoAnimatedOb] of database \"dnd5e.actors24\".","timestamp":"2026-07-19 22:39:44"}
{"level":"info","message":"Migrated Actor record [phbiluCreature00] of database \"dnd5e.actors24\".","timestamp":"2026-07-19 22:39:44"}
{"level":"info","message":"Migrated Actor record [phbiluObject0000] of database \"dnd5e.actors24\".","timestamp":"2026-07-19 22:39:44"}
{"level":"info","message":"Migrated Actor record [phbiluSensory000] of database \"dnd5e.actors24\".","timestamp":"2026-07-19 22:39:44"}
{"level":"info","message":"Migrated Actor record [phblaoAnimatedOb] of database \"dnd5e.actors24\".","timestamp":"2026-07-19 22:39:44"}
{"level":"info","message":"Migrated Actor record [phbmaoAnimatedOb] of database \"dnd5e.actors24\".","timestamp":"2026-07-19 22:39:44"}
{"level":"info","message":"Migrated Actor record [phbmobDraconicSp] of database \"dnd5e.actors24\".","timestamp":"2026-07-19 22:39:44"}
{"level":"info","message":"Migrated Actor record [phbmobFaithfulHo] of database \"dnd5e.actors24\".","timestamp":"2026-07-19 22:39:44"}
{"level":"info","message":"Migrated Actor record [phbmobGalley0000] of database \"dnd5e.actors24\".","timestamp":"2026-07-19 22:39:44"}
{"level":"info","message":"Migrated Actor record [phbmobGiantInsec] of database \"dnd5e.actors24\".","timestamp":"2026-07-19 22:39:44"}
{"level":"info","message":"Migrated Actor record [phbmobKeelboat00] of database \"dnd5e.actors24\".","timestamp":"2026-07-19 22:39:44"}
{"level":"info","message":"Migrated Actor record [phbmobLongship00] of database \"dnd5e.actors24\".","timestamp":"2026-07-19 22:39:44"}
{"level":"info","message":"Migrated Actor record [phbmobOtherworld] of database \"dnd5e.actors24\".","timestamp":"2026-07-19 22:39:44"}
{"level":"info","message":"Migrated Actor record [phbmobRowboat000] of database \"dnd5e.actors24\".","timestamp":"2026-07-19 22:39:44"}
{"level":"info","message":"Migrated Actor record [phbmobSailingShi] of database \"dnd5e.actors24\".","timestamp":"2026-07-19 22:39:44"}
{"level":"info","message":"Migrated Actor record [phbmobWarship000] of database \"dnd5e.actors24\".","timestamp":"2026-07-19 22:39:44"}
{"level":"info","message":"Migrated Actor record [phbostCelestial0] of database \"dnd5e.actors24\".","timestamp":"2026-07-19 22:39:44"}
{"level":"info","message":"Migrated Actor record [phbostFey0000000] of database \"dnd5e.actors24\".","timestamp":"2026-07-19 22:39:44"}
{"level":"info","message":"Migrated Actor record [phbostFiend00000] of database \"dnd5e.actors24\".","timestamp":"2026-07-19 22:39:44"}
{"level":"info","message":"Migrated Actor record [phbsaoAnimatedOb] of database \"dnd5e.actors24\".","timestamp":"2026-07-19 22:39:44"}
{"level":"info","message":"Migrated Actor record [phbsplArcaneEye0] of database \"dnd5e.actors24\".","timestamp":"2026-07-19 22:39:44"}
{"level":"info","message":"Migrated Actor record [phbsplBigbysHand] of database \"dnd5e.actors24\".","timestamp":"2026-07-19 22:39:44"}
{"level":"info","message":"Migrated Actor record [phbsplConjuredEl] of database \"dnd5e.actors24\".","timestamp":"2026-07-19 22:39:44"}
{"level":"info","message":"Migrated Actor record [phbsplConjuredFe] of database \"dnd5e.actors24\".","timestamp":"2026-07-19 22:39:44"}
{"level":"info","message":"Migrated Actor record [phbsplFlamingSph] of database \"dnd5e.actors24\".","timestamp":"2026-07-19 22:39:44"}
{"level":"info","message":"Migrated Actor record [phbsplFloatingDi] of database \"dnd5e.actors24\".","timestamp":"2026-07-19 22:39:44"}
{"level":"info","message":"Migrated Actor record [phbsplGuardianof] of database \"dnd5e.actors24\".","timestamp":"2026-07-19 22:39:44"}
{"level":"info","message":"Migrated Actor record [phbsplLight00000] of database \"dnd5e.actors24\".","timestamp":"2026-07-19 22:39:44"}
{"level":"info","message":"Migrated Actor record [phbsplMageHand00] of database \"dnd5e.actors24\".","timestamp":"2026-07-19 22:39:44"}
{"level":"info","message":"Migrated Actor record [phbsplMediumDanc] of database \"dnd5e.actors24\".","timestamp":"2026-07-19 22:39:44"}
{"level":"info","message":"Migrated Actor record [phbsplMordSword0] of database \"dnd5e.actors24\".","timestamp":"2026-07-19 22:39:44"}
{"level":"info","message":"Migrated Actor record [phbsplSecretChes] of database \"dnd5e.actors24\".","timestamp":"2026-07-19 22:39:44"}
{"level":"info","message":"Migrated Actor record [phbsplSpiritualW] of database \"dnd5e.actors24\".","timestamp":"2026-07-19 22:39:44"}
{"level":"info","message":"Migrated Actor record [phbsplTinyDancin] of database \"dnd5e.actors24\".","timestamp":"2026-07-19 22:39:44"}
{"level":"info","message":"Migrated Actor record [phbsplUnseenServ] of database \"dnd5e.actors24\".","timestamp":"2026-07-19 22:39:44"}
{"level":"info","message":"Migrated Actor record [phbsumPhantomSte] of database \"dnd5e.actors24\".","timestamp":"2026-07-19 22:39:44"}
{"level":"info","message":"Migrated Actor record [phbtaoAnimatedOb] of database \"dnd5e.actors24\".","timestamp":"2026-07-19 22:39:44"}
{"level":"info","message":"Persisting migrated Actor record [AkraLv0100000000] of database \"dnd5e.actors24\".","timestamp":"2026-07-19 22:39:44"}
{"level":"info","message":"Persisting migrated Actor record [AkraLv0500000000] of database \"dnd5e.actors24\".","timestamp":"2026-07-19 22:39:44"}
{"level":"info","message":"Persisting migrated Actor record [AkraLv1100000000] of database \"dnd5e.actors24\".","timestamp":"2026-07-19 22:39:44"}
{"level":"info","message":"Persisting migrated Actor record [AkraLv1700000000] of database \"dnd5e.actors24\".","timestamp":"2026-07-19 22:39:44"}
{"level":"info","message":"Persisting migrated Actor record [AothLv0100000000] of database \"dnd5e.actors24\".","timestamp":"2026-07-19 22:39:44"}
{"level":"info","message":"Persisting migrated Actor record [AothLv0500000000] of database \"dnd5e.actors24\".","timestamp":"2026-07-19 22:39:44"}
{"level":"info","message":"Persisting migrated Actor record [AothLv1100000000] of database \"dnd5e.actors24\".","timestamp":"2026-07-19 22:39:44"}
{"level":"info","message":"Persisting migrated Actor record [AothLv1700000000] of database \"dnd5e.actors24\".","timestamp":"2026-07-19 22:39:44"}
{"level":"info","message":"Persisting migrated Actor record [BeiroLv010000000] of database \"dnd5e.actors24\".","timestamp":"2026-07-19 22:39:44"}
{"level":"info","message":"Persisting migrated Actor record [BeiroLv050000000] of database \"dnd5e.actors24\".","timestamp":"2026-07-19 22:39:44"}
{"level":"info","message":"Persisting migrated Actor record [BeiroLv110000000] of database \"dnd5e.actors24\".","timestamp":"2026-07-19 22:39:44"}
{"level":"info","message":"Persisting migrated Actor record [BeiroLv170000000] of database \"dnd5e.actors24\".","timestamp":"2026-07-19 22:39:44"}
{"level":"info","message":"Persisting migrated Actor record [KruskLv010000000] of database \"dnd5e.actors24\".","timestamp":"2026-07-19 22:39:44"}
{"level":"info","message":"Persisting migrated Actor record [KruskLv050000000] of database \"dnd5e.actors24\".","timestamp":"2026-07-19 22:39:44"}
{"level":"info","message":"Persisting migrated Actor record [KruskLv110000000] of database \"dnd5e.actors24\".","timestamp":"2026-07-19 22:39:44"}
{"level":"info","message":"Persisting migrated Actor record [KruskLv170000000] of database \"dnd5e.actors24\".","timestamp":"2026-07-19 22:39:44"}
{"level":"info","message":"Persisting migrated Actor record [MerricLv01000000] of database \"dnd5e.actors24\".","timestamp":"2026-07-19 22:39:44"}
{"level":"info","message":"Persisting migrated Actor record [MerricLv05000000] of database \"dnd5e.actors24\".","timestamp":"2026-07-19 22:39:44"}
{"level":"info","message":"Persisting migrated Actor record [MerricLv11000000] of database \"dnd5e.actors24\".","timestamp":"2026-07-19 22:39:44"}
{"level":"info","message":"Persisting migrated Actor record [MerricLv17000000] of database \"dnd5e.actors24\".","timestamp":"2026-07-19 22:39:44"}
{"level":"info","message":"Persisting migrated Actor record [MorthosLv0100000] of database \"dnd5e.actors24\".","timestamp":"2026-07-19 22:39:44"}
{"level":"info","message":"Persisting migrated Actor record [MorthosLv0500000] of database \"dnd5e.actors24\".","timestamp":"2026-07-19 22:39:44"}
{"level":"info","message":"Persisting migrated Actor record [MorthosLv1100000] of database \"dnd5e.actors24\".","timestamp":"2026-07-19 22:39:44"}
{"level":"info","message":"Persisting migrated Actor record [MorthosLv1700000] of database \"dnd5e.actors24\".","timestamp":"2026-07-19 22:39:44"}
{"level":"info","message":"Persisting migrated Actor record [PerrinLv01000000] of database \"dnd5e.actors24\".","timestamp":"2026-07-19 22:39:44"}
{"level":"info","message":"Persisting migrated Actor record [PerrinLv05000000] of database \"dnd5e.actors24\".","timestamp":"2026-07-19 22:39:44"}
{"level":"info","message":"Persisting migrated Actor record [PerrinLv11000000] of database \"dnd5e.actors24\".","timestamp":"2026-07-19 22:39:44"}
{"level":"info","message":"Persisting migrated Actor record [PerrinLv17000000] of database \"dnd5e.actors24\".","timestamp":"2026-07-19 22:39:44"}
{"level":"info","message":"Persisting migrated Actor record [QuillatheLv01000] of database \"dnd5e.actors24\".","timestamp":"2026-07-19 22:39:44"}
{"level":"info","message":"Persisting migrated Actor record [QuillatheLv05000] of database \"dnd5e.actors24\".","timestamp":"2026-07-19 22:39:44"}
{"level":"info","message":"Persisting migrated Actor record [QuillatheLv11000] of database \"dnd5e.actors24\".","timestamp":"2026-07-19 22:39:44"}
{"level":"info","message":"Persisting migrated Actor record [QuillatheLv17000] of database \"dnd5e.actors24\".","timestamp":"2026-07-19 22:39:44"}
{"level":"info","message":"Persisting migrated Actor record [RandalLv01000000] of database \"dnd5e.actors24\".","timestamp":"2026-07-19 22:39:44"}
{"level":"info","message":"Persisting migrated Actor record [RandalLv05000000] of database \"dnd5e.actors24\".","timestamp":"2026-07-19 22:39:44"}
{"level":"info","message":"Persisting migrated Actor record [RandalLv11000000] of database \"dnd5e.actors24\".","timestamp":"2026-07-19 22:39:44"}
{"level":"info","message":"Persisting migrated Actor record [RandalLv17000000] of database \"dnd5e.actors24\".","timestamp":"2026-07-19 22:39:44"}
{"level":"info","message":"Persisting migrated Actor record [RiswynnLv0100000] of database \"dnd5e.actors24\".","timestamp":"2026-07-19 22:39:44"}
{"level":"info","message":"Persisting migrated Actor record [RiswynnLv0500000] of database \"dnd5e.actors24\".","timestamp":"2026-07-19 22:39:44"}
{"level":"info","message":"Persisting migrated Actor record [RiswynnLv1100000] of database \"dnd5e.actors24\".","timestamp":"2026-07-19 22:39:44"}
{"level":"info","message":"Persisting migrated Actor record [RiswynnLv1700000] of database \"dnd5e.actors24\".","timestamp":"2026-07-19 22:39:44"}
{"level":"info","message":"Persisting migrated Actor record [SefrisLv01000000] of database \"dnd5e.actors24\".","timestamp":"2026-07-19 22:39:44"}
{"level":"info","message":"Persisting migrated Actor record [SefrisLv05000000] of database \"dnd5e.actors24\".","timestamp":"2026-07-19 22:39:44"}
{"level":"info","message":"Persisting migrated Actor record [SefrisLv11000000] of database \"dnd5e.actors24\".","timestamp":"2026-07-19 22:39:44"}
{"level":"info","message":"Persisting migrated Actor record [SefrisLv17000000] of database \"dnd5e.actors24\".","timestamp":"2026-07-19 22:39:44"}
{"level":"info","message":"Persisting migrated Actor record [VBTtG9kjHNQstG0a] of database \"dnd5e.actors24\".","timestamp":"2026-07-19 22:39:44"}
{"level":"info","message":"Persisting migrated Actor record [ZannaLv010000000] of database \"dnd5e.actors24\".","timestamp":"2026-07-19 22:39:44"}
{"level":"info","message":"Persisting migrated Actor record [ZannaLv050000000] of database \"dnd5e.actors24\".","timestamp":"2026-07-19 22:39:44"}
{"level":"info","message":"Persisting migrated Actor record [ZannaLv110000000] of database \"dnd5e.actors24\".","timestamp":"2026-07-19 22:39:44"}
{"level":"info","message":"Persisting migrated Actor record [ZannaLv170000000] of database \"dnd5e.actors24\".","timestamp":"2026-07-19 22:39:44"}
{"level":"info","message":"Persisting migrated Actor record [dmg3x5CarpetofFl] of database \"dnd5e.actors24\".","timestamp":"2026-07-19 22:39:44"}
{"level":"info","message":"Persisting migrated Actor record [dmg4x6CarpetofFl] of database \"dnd5e.actors24\".","timestamp":"2026-07-19 22:39:44"}
{"level":"info","message":"Persisting migrated Actor record [dmg5x7CarpetofFl] of database \"dnd5e.actors24\".","timestamp":"2026-07-19 22:39:44"}
{"level":"info","message":"Persisting migrated Actor record [dmg6x9CarpetofFl] of database \"dnd5e.actors24\".","timestamp":"2026-07-19 22:39:44"}
{"level":"info","message":"Persisting migrated Actor record [dmgApparatusofKw] of database \"dnd5e.actors24\".","timestamp":"2026-07-19 22:39:44"}
{"level":"info","message":"Persisting migrated Actor record [dmgAvatarofDeath] of database \"dnd5e.actors24\".","timestamp":"2026-07-19 22:39:44"}
{"level":"info","message":"Persisting migrated Actor record [dmgGiantFly00000] of database \"dnd5e.actors24\".","timestamp":"2026-07-19 22:39:44"}
{"level":"info","message":"Persisting migrated Actor record [dmgGoatofTraveli] of database \"dnd5e.actors24\".","timestamp":"2026-07-19 22:39:44"}
{"level":"info","message":"Persisting migrated Actor record [dmgIllusoryCreat] of database \"dnd5e.actors24\".","timestamp":"2026-07-19 22:39:44"}
{"level":"info","message":"Persisting migrated Actor record [dmggwsDancingSwo] of database \"dnd5e.actors24\".","timestamp":"2026-07-19 22:39:44"}
{"level":"info","message":"Persisting migrated Actor record [dmgqftFloatingWh] of database \"dnd5e.actors24\".","timestamp":"2026-07-19 22:39:44"}
{"level":"info","message":"Persisting migrated Actor record [mmAboleth0000000] of database \"dnd5e.actors24\".","timestamp":"2026-07-19 22:39:44"}
{"level":"info","message":"Persisting migrated Actor record [mmAdultBlackDrag] of database \"dnd5e.actors24\".","timestamp":"2026-07-19 22:39:44"}
{"level":"info","message":"Persisting migrated Actor record [mmAdultBlueDrago] of database \"dnd5e.actors24\".","timestamp":"2026-07-19 22:39:44"}
{"level":"info","message":"Persisting migrated Actor record [mmAdultBrassDrag] of database \"dnd5e.actors24\".","timestamp":"2026-07-19 22:39:44"}
{"level":"info","message":"Persisting migrated Actor record [mmAdultBronzeDra] of database \"dnd5e.actors24\".","timestamp":"2026-07-19 22:39:44"}
{"level":"info","message":"Persisting migrated Actor record [mmAdultCopperDra] of database \"dnd5e.actors24\".","timestamp":"2026-07-19 22:39:44"}
{"level":"info","message":"Persisting migrated Actor record [mmAdultGoldDrago] of database \"dnd5e.actors24\".","timestamp":"2026-07-19 22:39:44"}
{"level":"info","message":"Persisting migrated Actor record [mmAdultGreenDrag] of database \"dnd5e.actors24\".","timestamp":"2026-07-19 22:39:44"}
{"level":"info","message":"Persisting migrated Actor record [mmAdultRedDragon] of database \"dnd5e.actors24\".","timestamp":"2026-07-19 22:39:44"}
{"level":"info","message":"Persisting migrated Actor record [mmAdultSilverDra] of database \"dnd5e.actors24\".","timestamp":"2026-07-19 22:39:44"}
{"level":"info","message":"Persisting migrated Actor record [mmAdultWhiteDrag] of database \"dnd5e.actors24\".","timestamp":"2026-07-19 22:39:44"}
{"level":"info","message":"Persisting migrated Actor record [mmAirElemental00] of database \"dnd5e.actors24\".","timestamp":"2026-07-19 22:39:44"}
{"level":"info","message":"Persisting migrated Actor record [mmAllosaurus0000] of database \"dnd5e.actors24\".","timestamp":"2026-07-19 22:39:44"}
{"level":"info","message":"Persisting migrated Actor record [mmAncientBlackDr] of database \"dnd5e.actors24\".","timestamp":"2026-07-19 22:39:44"}
{"level":"info","message":"Persisting migrated Actor record [mmAncientBlueDra] of database \"dnd5e.actors24\".","timestamp":"2026-07-19 22:39:44"}
{"level":"info","message":"Persisting migrated Actor record [mmAncientBrassDr] of database \"dnd5e.actors24\".","timestamp":"2026-07-19 22:39:44"}
{"level":"info","message":"Persisting migrated Actor record [mmAncientBronzeD] of database \"dnd5e.actors24\".","timestamp":"2026-07-19 22:39:44"}
{"level":"info","message":"Persisting migrated Actor record [mmAncientCopperD] of database \"dnd5e.actors24\".","timestamp":"2026-07-19 22:39:44"}
{"level":"info","message":"Persisting migrated Actor record [mmAncientGoldDra] of database \"dnd5e.actors24\".","timestamp":"2026-07-19 22:39:44"}
{"level":"info","message":"Persisting migrated Actor record [mmAncientGreenDr] of database \"dnd5e.actors24\".","timestamp":"2026-07-19 22:39:44"}
{"level":"info","message":"Persisting migrated Actor record [mmAncientRedDrag] of database \"dnd5e.actors24\".","timestamp":"2026-07-19 22:39:44"}
{"level":"info","message":"Persisting migrated Actor record [mmAncientSilverD] of database \"dnd5e.actors24\".","timestamp":"2026-07-19 22:39:44"}
{"level":"info","message":"Persisting migrated Actor record [mmAncientWhiteDr] of database \"dnd5e.actors24\".","timestamp":"2026-07-19 22:39:44"}
{"level":"info","message":"Persisting migrated Actor record [mmAnimatedArmor0] of database \"dnd5e.actors24\".","timestamp":"2026-07-19 22:39:44"}
{"level":"info","message":"Persisting migrated Actor record [mmAnimatedFlying] of database \"dnd5e.actors24\".","timestamp":"2026-07-19 22:39:44"}
{"level":"info","message":"Persisting migrated Actor record [mmAnimatedRugOfS] of database \"dnd5e.actors24\".","timestamp":"2026-07-19 22:39:44"}
{"level":"info","message":"Persisting migrated Actor record [mmAnkheg00000000] of database \"dnd5e.actors24\".","timestamp":"2026-07-19 22:39:44"}
{"level":"info","message":"Persisting migrated Actor record [mmAnkylosaurus00] of database \"dnd5e.actors24\".","timestamp":"2026-07-19 22:39:44"}
{"level":"info","message":"Persisting migrated Actor record [mmApe00000000000] of database \"dnd5e.actors24\".","timestamp":"2026-07-19 22:39:44"}
{"level":"info","message":"Persisting migrated Actor record [mmArchelon000000] of database \"dnd5e.actors24\".","timestamp":"2026-07-19 22:39:44"}
{"level":"info","message":"Persisting migrated Actor record [mmArchmage000000] of database \"dnd5e.actors24\".","timestamp":"2026-07-19 22:39:44"}
{"level":"info","message":"Persisting migrated Actor record [mmAssassin000000] of database \"dnd5e.actors24\".","timestamp":"2026-07-19 22:39:44"}
{"level":"info","message":"Persisting migrated Actor record [mmAwakenedShrub0] of database \"dnd5e.actors24\".","timestamp":"2026-07-19 22:39:44"}
{"level":"info","message":"Persisting migrated Actor record [mmAwakenedTree00] of database \"dnd5e.actors24\".","timestamp":"2026-07-19 22:39:44"}
{"level":"info","message":"Persisting migrated Actor record [mmAxeBeak0000000] of database \"dnd5e.actors24\".","timestamp":"2026-07-19 22:39:44"}
{"level":"info","message":"Persisting migrated Actor record [mmAzerSentinel00] of database \"dnd5e.actors24\".","timestamp":"2026-07-19 22:39:44"}
{"level":"info","message":"Persisting migrated Actor record [mmBaboon00000000] of database \"dnd5e.actors24\".","timestamp":"2026-07-19 22:39:44"}
{"level":"info","message":"Persisting migrated Actor record [mmBadger00000000] of database \"dnd5e.actors24\".","timestamp":"2026-07-19 22:39:44"}
{"level":"info","message":"Persisting migrated Actor record [mmBalor000000000] of database \"dnd5e.actors24\".","timestamp":"2026-07-19 22:39:44"}
{"level":"info","message":"Persisting migrated Actor record [mmBandit00000000] of database \"dnd5e.actors24\".","timestamp":"2026-07-19 22:39:44"}
{"level":"info","message":"Persisting migrated Actor record [mmBanditCaptain0] of database \"dnd5e.actors24\".","timestamp":"2026-07-19 22:39:44"}
{"level":"info","message":"Persisting migrated Actor record [mmBarbedDevil000] of database \"dnd5e.actors24\".","timestamp":"2026-07-19 22:39:44"}
{"level":"info","message":"Persisting migrated Actor record [mmBasilisk000000] of database \"dnd5e.actors24\".","timestamp":"2026-07-19 22:39:44"}
{"level":"info","message":"Persisting migrated Actor record [mmBat00000000000] of database \"dnd5e.actors24\".","timestamp":"2026-07-19 22:39:44"}
{"level":"info","message":"Persisting migrated Actor record [mmBeardedDevil00] of database \"dnd5e.actors24\".","timestamp":"2026-07-19 22:39:44"}
{"level":"info","message":"Persisting migrated Actor record [mmBehir000000000] of database \"dnd5e.actors24\".","timestamp":"2026-07-19 22:39:44"}
{"level":"info","message":"Persisting migrated Actor record [mmBerserker00000] of database \"dnd5e.actors24\".","timestamp":"2026-07-19 22:39:44"}
{"level":"info","message":"Persisting migrated Actor record [mmBlackBear00000] of database \"dnd5e.actors24\".","timestamp":"2026-07-19 22:39:44"}
{"level":"info","message":"Persisting migrated Actor record [mmBlackDragonWyr] of database \"dnd5e.actors24\".","timestamp":"2026-07-19 22:39:44"}
{"level":"info","message":"Persisting migrated Actor record [mmBlackPudding00] of database \"dnd5e.actors24\".","timestamp":"2026-07-19 22:39:44"}
{"level":"info","message":"Persisting migrated Actor record [mmBlinkDog000000] of database \"dnd5e.actors24\".","timestamp":"2026-07-19 22:39:44"}
{"level":"info","message":"Persisting migrated Actor record [mmBloodHawk00000] of database \"dnd5e.actors24\".","timestamp":"2026-07-19 22:39:44"}
{"level":"info","message":"Persisting migrated Actor record [mmBlueDragonWyrm] of database \"dnd5e.actors24\".","timestamp":"2026-07-19 22:39:44"}
{"level":"info","message":"Persisting migrated Actor record [mmBoar0000000000] of database \"dnd5e.actors24\".","timestamp":"2026-07-19 22:39:44"}
{"level":"info","message":"Persisting migrated Actor record [mmBoneDevil00000] of database \"dnd5e.actors24\".","timestamp":"2026-07-19 22:39:44"}
{"level":"info","message":"Persisting migrated Actor record [mmBrassDragonWyr] of database \"dnd5e.actors24\".","timestamp":"2026-07-19 22:39:44"}
{"level":"info","message":"Persisting migrated Actor record [mmBronzeDragonWy] of database \"dnd5e.actors24\".","timestamp":"2026-07-19 22:39:44"}
{"level":"info","message":"Persisting migrated Actor record [mmBrownBear00000] of database \"dnd5e.actors24\".","timestamp":"2026-07-19 22:39:44"}
{"level":"info","message":"Persisting migrated Actor record [mmBugbearStalker] of database \"dnd5e.actors24\".","timestamp":"2026-07-19 22:39:44"}
{"level":"info","message":"Persisting migrated Actor record [mmBugbearWarrior] of database \"dnd5e.actors24\".","timestamp":"2026-07-19 22:39:44"}
{"level":"info","message":"Persisting migrated Actor record [mmBulette0000000] of database \"dnd5e.actors24\".","timestamp":"2026-07-19 22:39:44"}
{"level":"info","message":"Persisting migrated Actor record [mmBullywugBogSag] of database \"dnd5e.actors24\".","timestamp":"2026-07-19 22:39:44"}
{"level":"info","message":"Persisting migrated Actor record [mmBullywugWarrio] of database \"dnd5e.actors24\".","timestamp":"2026-07-19 22:39:44"}
{"level":"info","message":"Persisting migrated Actor record [mmCamel000000000] of database \"dnd5e.actors24\".","timestamp":"2026-07-19 22:39:44"}
{"level":"info","message":"Persisting migrated Actor record [mmCarrionCrawler] of database \"dnd5e.actors24\".","timestamp":"2026-07-19 22:39:44"}
{"level":"info","message":"Persisting migrated Actor record [mmCat00000000000] of database \"dnd5e.actors24\".","timestamp":"2026-07-19 22:39:44"}
{"level":"info","message":"Persisting migrated Actor record [mmCentaurTrooper] of database \"dnd5e.actors24\".","timestamp":"2026-07-19 22:39:44"}
{"level":"info","message":"Persisting migrated Actor record [mmChainDevil0000] of database \"dnd5e.actors24\".","timestamp":"2026-07-19 22:39:44"}
{"level":"info","message":"Persisting migrated Actor record [mmChimera0000000] of database \"dnd5e.actors24\".","timestamp":"2026-07-19 22:39:44"}
{"level":"info","message":"Persisting migrated Actor record [mmChuul000000000] of database \"dnd5e.actors24\".","timestamp":"2026-07-19 22:39:44"}
{"level":"info","message":"Persisting migrated Actor record [mmClayGolem00000] of database \"dnd5e.actors24\".","timestamp":"2026-07-19 22:39:44"}
{"level":"info","message":"Persisting migrated Actor record [mmCloaker0000000] of database \"dnd5e.actors24\".","timestamp":"2026-07-19 22:39:44"}
{"level":"info","message":"Persisting migrated Actor record [mmCloudGiant0000] of database \"dnd5e.actors24\".","timestamp":"2026-07-19 22:39:44"}
{"level":"info","message":"Persisting migrated Actor record [mmCockatrice0000] of database \"dnd5e.actors24\".","timestamp":"2026-07-19 22:39:44"}
{"level":"info","message":"Persisting migrated Actor record [mmCommoner000000] of database \"dnd5e.actors24\".","timestamp":"2026-07-19 22:39:44"}
{"level":"info","message":"Persisting migrated Actor record [mmConstrictorSna] of database \"dnd5e.actors24\".","timestamp":"2026-07-19 22:39:44"}
{"level":"info","message":"Persisting migrated Actor record [mmCopperDragonWy] of database \"dnd5e.actors24\".","timestamp":"2026-07-19 22:39:44"}
{"level":"info","message":"Persisting migrated Actor record [mmCouatl00000000] of database \"dnd5e.actors24\".","timestamp":"2026-07-19 22:39:44"}
{"level":"info","message":"Persisting migrated Actor record [mmCrab0000000000] of database \"dnd5e.actors24\".","timestamp":"2026-07-19 22:39:44"}
{"level":"info","message":"Persisting migrated Actor record [mmCrocodile00000] of database \"dnd5e.actors24\".","timestamp":"2026-07-19 22:39:44"}
{"level":"info","message":"Persisting migrated Actor record [mmCultist0000000] of database \"dnd5e.actors24\".","timestamp":"2026-07-19 22:39:44"}
{"level":"info","message":"Persisting migrated Actor record [mmCultistFanatic] of database \"dnd5e.actors24\".","timestamp":"2026-07-19 22:39:44"}
{"level":"info","message":"Persisting migrated Actor record [mmDarkmantle0000] of database \"dnd5e.actors24\".","timestamp":"2026-07-19 22:39:44"}
{"level":"info","message":"Persisting migrated Actor record [mmDeathDog000000] of database \"dnd5e.actors24\".","timestamp":"2026-07-19 22:39:44"}
{"level":"info","message":"Persisting migrated Actor record [mmDeer0000000000] of database \"dnd5e.actors24\".","timestamp":"2026-07-19 22:39:44"}
{"level":"info","message":"Persisting migrated Actor record [mmDeva0000000000] of database \"dnd5e.actors24\".","timestamp":"2026-07-19 22:39:44"}
{"level":"info","message":"Persisting migrated Actor record [mmDireWolf000000] of database \"dnd5e.actors24\".","timestamp":"2026-07-19 22:39:44"}
{"level":"info","message":"Persisting migrated Actor record [mmDjinni00000000] of database \"dnd5e.actors24\".","timestamp":"2026-07-19 22:39:44"}
{"level":"info","message":"Persisting migrated Actor record [mmDoppelganger00] of database \"dnd5e.actors24\".","timestamp":"2026-07-19 22:39:44"}
{"level":"info","message":"Persisting migrated Actor record [mmDraftHorse0000] of database \"dnd5e.actors24\".","timestamp":"2026-07-19 22:39:44"}
{"level":"info","message":"Persisting migrated Actor record [mmDragonTurtle00] of database \"dnd5e.actors24\".","timestamp":"2026-07-19 22:39:44"}
{"level":"info","message":"Persisting migrated Actor record [mmDretch00000000] of database \"dnd5e.actors24\".","timestamp":"2026-07-19 22:39:44"}
{"level":"info","message":"Persisting migrated Actor record [mmDrider00000000] of database \"dnd5e.actors24\".","timestamp":"2026-07-19 22:39:44"}
{"level":"info","message":"Persisting migrated Actor record [mmDruid000000000] of database \"dnd5e.actors24\".","timestamp":"2026-07-19 22:39:44"}
{"level":"info","message":"Persisting migrated Actor record [mmDryad000000000] of database \"dnd5e.actors24\".","timestamp":"2026-07-19 22:39:44"}
{"level":"info","message":"Persisting migrated Actor record [mmDustMephit0000] of database \"dnd5e.actors24\".","timestamp":"2026-07-19 22:39:44"}
{"level":"info","message":"Persisting migrated Actor record [mmEagle000000000] of database \"dnd5e.actors24\".","timestamp":"2026-07-19 22:39:44"}
{"level":"info","message":"Persisting migrated Actor record [mmEarthElemental] of database \"dnd5e.actors24\".","timestamp":"2026-07-19 22:39:44"}
{"level":"info","message":"Persisting migrated Actor record [mmEfreeti0000000] of database \"dnd5e.actors24\".","timestamp":"2026-07-19 22:39:44"}
{"level":"info","message":"Persisting migrated Actor record [mmElephant000000] of database \"dnd5e.actors24\".","timestamp":"2026-07-19 22:39:44"}
{"level":"info","message":"Persisting migrated Actor record [mmElk00000000000] of database \"dnd5e.actors24\".","timestamp":"2026-07-19 22:39:44"}
{"level":"info","message":"Persisting migrated Actor record [mmErinyes0000000] of database \"dnd5e.actors24\".","timestamp":"2026-07-19 22:39:44"}
{"level":"info","message":"Persisting migrated Actor record [mmEttercap000000] of database \"dnd5e.actors24\".","timestamp":"2026-07-19 22:39:44"}
{"level":"info","message":"Persisting migrated Actor record [mmEttin000000000] of database \"dnd5e.actors24\".","timestamp":"2026-07-19 22:39:44"}
{"level":"info","message":"Persisting migrated Actor record [mmFireElemental0] of database \"dnd5e.actors24\".","timestamp":"2026-07-19 22:39:44"}
{"level":"info","message":"Persisting migrated Actor record [mmFireGiant00000] of database \"dnd5e.actors24\".","timestamp":"2026-07-19 22:39:44"}
{"level":"info","message":"Persisting migrated Actor record [mmFleshGolem0000] of database \"dnd5e.actors24\".","timestamp":"2026-07-19 22:39:44"}
{"level":"info","message":"Persisting migrated Actor record [mmFlyingSnake000] of database \"dnd5e.actors24\".","timestamp":"2026-07-19 22:39:44"}
{"level":"info","message":"Persisting migrated Actor record [mmFrog0000000000] of database \"dnd5e.actors24\".","timestamp":"2026-07-19 22:39:44"}
{"level":"info","message":"Persisting migrated Actor record [mmFrostGiant0000] of database \"dnd5e.actors24\".","timestamp":"2026-07-19 22:39:44"}
{"level":"info","message":"Persisting migrated Actor record [mmGargoyle000000] of database \"dnd5e.actors24\".","timestamp":"2026-07-19 22:39:44"}
{"level":"info","message":"Persisting migrated Actor record [mmGelatinousCube] of database \"dnd5e.actors24\".","timestamp":"2026-07-19 22:39:44"}
{"level":"info","message":"Persisting migrated Actor record [mmGhast000000000] of database \"dnd5e.actors24\".","timestamp":"2026-07-19 22:39:44"}
{"level":"info","message":"Persisting migrated Actor record [mmGhost000000000] of database \"dnd5e.actors24\".","timestamp":"2026-07-19 22:39:44"}
{"level":"info","message":"Persisting migrated Actor record [mmGhoul000000000] of database \"dnd5e.actors24\".","timestamp":"2026-07-19 22:39:44"}
{"level":"info","message":"Persisting migrated Actor record [mmGiantApe000000] of database \"dnd5e.actors24\".","timestamp":"2026-07-19 22:39:44"}
{"level":"info","message":"Persisting migrated Actor record [mmGiantBadger000] of database \"dnd5e.actors24\".","timestamp":"2026-07-19 22:39:44"}
{"level":"info","message":"Persisting migrated Actor record [mmGiantBat000000] of database \"dnd5e.actors24\".","timestamp":"2026-07-19 22:39:44"}
{"level":"info","message":"Persisting migrated Actor record [mmGiantBoar00000] of database \"dnd5e.actors24\".","timestamp":"2026-07-19 22:39:44"}
{"level":"info","message":"Persisting migrated Actor record [mmGiantCentipede] of database \"dnd5e.actors24\".","timestamp":"2026-07-19 22:39:44"}
{"level":"info","message":"Persisting migrated Actor record [mmGiantConstrict] of database \"dnd5e.actors24\".","timestamp":"2026-07-19 22:39:44"}
{"level":"info","message":"Persisting migrated Actor record [mmGiantCrab00000] of database \"dnd5e.actors24\".","timestamp":"2026-07-19 22:39:44"}
{"level":"info","message":"Persisting migrated Actor record [mmGiantCrocodile] of database \"dnd5e.actors24\".","timestamp":"2026-07-19 22:39:44"}
{"level":"info","message":"Persisting migrated Actor record [mmGiantEagle0000] of database \"dnd5e.actors24\".","timestamp":"2026-07-19 22:39:44"}
{"level":"info","message":"Persisting migrated Actor record [mmGiantElk000000] of database \"dnd5e.actors24\".","timestamp":"2026-07-19 22:39:44"}
{"level":"info","message":"Persisting migrated Actor record [mmGiantFireBeetl] of database \"dnd5e.actors24\".","timestamp":"2026-07-19 22:39:44"}
{"level":"info","message":"Persisting migrated Actor record [mmGiantFrog00000] of database \"dnd5e.actors24\".","timestamp":"2026-07-19 22:39:44"}
{"level":"info","message":"Persisting migrated Actor record [mmGiantGoat00000] of database \"dnd5e.actors24\".","timestamp":"2026-07-19 22:39:44"}
{"level":"info","message":"Persisting migrated Actor record [mmGiantHyena0000] of database \"dnd5e.actors24\".","timestamp":"2026-07-19 22:39:44"}
{"level":"info","message":"Persisting migrated Actor record [mmGiantLizard000] of database \"dnd5e.actors24\".","timestamp":"2026-07-19 22:39:44"}
{"level":"info","message":"Persisting migrated Actor record [mmGiantOctopus00] of database \"dnd5e.actors24\".","timestamp":"2026-07-19 22:39:44"}
{"level":"info","message":"Persisting migrated Actor record [mmGiantOwl000000] of database \"dnd5e.actors24\".","timestamp":"2026-07-19 22:39:44"}
{"level":"info","message":"Persisting migrated Actor record [mmGiantRat000000] of database \"dnd5e.actors24\".","timestamp":"2026-07-19 22:39:44"}
{"level":"info","message":"Persisting migrated Actor record [mmGiantScorpion0] of database \"dnd5e.actors24\".","timestamp":"2026-07-19 22:39:44"}
{"level":"info","message":"Persisting migrated Actor record [mmGiantSeahorse0] of database \"dnd5e.actors24\".","timestamp":"2026-07-19 22:39:44"}
{"level":"info","message":"Persisting migrated Actor record [mmGiantShark0000] of database \"dnd5e.actors24\".","timestamp":"2026-07-19 22:39:44"}
{"level":"info","message":"Persisting migrated Actor record [mmGiantSpider000] of database \"dnd5e.actors24\".","timestamp":"2026-07-19 22:39:44"}
{"level":"info","message":"Persisting migrated Actor record [mmGiantToad00000] of database \"dnd5e.actors24\".","timestamp":"2026-07-19 22:39:44"}
{"level":"info","message":"Persisting migrated Actor record [mmGiantVenomousS] of database \"dnd5e.actors24\".","timestamp":"2026-07-19 22:39:44"}
{"level":"info","message":"Persisting migrated Actor record [mmGiantVulture00] of database \"dnd5e.actors24\".","timestamp":"2026-07-19 22:39:44"}
{"level":"info","message":"Persisting migrated Actor record [mmGiantWasp00000] of database \"dnd5e.actors24\".","timestamp":"2026-07-19 22:39:44"}
{"level":"info","message":"Persisting migrated Actor record [mmGiantWeasel000] of database \"dnd5e.actors24\".","timestamp":"2026-07-19 22:39:44"}
{"level":"info","message":"Persisting migrated Actor record [mmGiantWolfSpide] of database \"dnd5e.actors24\".","timestamp":"2026-07-19 22:39:44"}
{"level":"info","message":"Persisting migrated Actor record [mmGibberingMouth] of database \"dnd5e.actors24\".","timestamp":"2026-07-19 22:39:44"}
{"level":"info","message":"Persisting migrated Actor record [mmGlabrezu000000] of database \"dnd5e.actors24\".","timestamp":"2026-07-19 22:39:44"}
{"level":"info","message":"Persisting migrated Actor record [mmGladiator00000] of database \"dnd5e.actors24\".","timestamp":"2026-07-19 22:39:44"}
{"level":"info","message":"Persisting migrated Actor record [mmGnollWarrior00] of database \"dnd5e.actors24\".","timestamp":"2026-07-19 22:39:44"}
{"level":"info","message":"Persisting migrated Actor record [mmGoat0000000000] of database \"dnd5e.actors24\".","timestamp":"2026-07-19 22:39:44"}
{"level":"info","message":"Persisting migrated Actor record [mmGoblinBoss0000] of database \"dnd5e.actors24\".","timestamp":"2026-07-19 22:39:44"}
{"level":"info","message":"Persisting migrated Actor record [mmGoblinMinion00] of database \"dnd5e.actors24\".","timestamp":"2026-07-19 22:39:44"}
{"level":"info","message":"Persisting migrated Actor record [mmGoblinWarrior0] of database \"dnd5e.actors24\".","timestamp":"2026-07-19 22:39:44"}
{"level":"info","message":"Persisting migrated Actor record [mmGoldDragonWyrm] of database \"dnd5e.actors24\".","timestamp":"2026-07-19 22:39:44"}
{"level":"info","message":"Persisting migrated Actor record [mmGorgon00000000] of database \"dnd5e.actors24\".","timestamp":"2026-07-19 22:39:44"}
{"level":"info","message":"Persisting migrated Actor record [mmGrayOoze000000] of database \"dnd5e.actors24\".","timestamp":"2026-07-19 22:39:44"}
{"level":"info","message":"Persisting migrated Actor record [mmGreenDragonWyr] of database \"dnd5e.actors24\".","timestamp":"2026-07-19 22:39:44"}
{"level":"info","message":"Persisting migrated Actor record [mmGreenHag000000] of database \"dnd5e.actors24\".","timestamp":"2026-07-19 22:39:44"}
{"level":"info","message":"Persisting migrated Actor record [mmGrick000000000] of database \"dnd5e.actors24\".","timestamp":"2026-07-19 22:39:44"}
{"level":"info","message":"Persisting migrated Actor record [mmGriffon0000000] of database \"dnd5e.actors24\".","timestamp":"2026-07-19 22:39:44"}
{"level":"info","message":"Persisting migrated Actor record [mmGrimlock000000] of database \"dnd5e.actors24\".","timestamp":"2026-07-19 22:39:44"}
{"level":"info","message":"Persisting migrated Actor record [mmGuard000000000] of database \"dnd5e.actors24\".","timestamp":"2026-07-19 22:39:44"}
{"level":"info","message":"Persisting migrated Actor record [mmGuardCaptain00] of database \"dnd5e.actors24\".","timestamp":"2026-07-19 22:39:44"}
{"level":"info","message":"Persisting migrated Actor record [mmGuardianNaga00] of database \"dnd5e.actors24\".","timestamp":"2026-07-19 22:39:44"}
{"level":"info","message":"Persisting migrated Actor record [mmHalfdragon0000] of database \"dnd5e.actors24\".","timestamp":"2026-07-19 22:39:44"}
{"level":"info","message":"Persisting migrated Actor record [mmHarpy000000000] of database \"dnd5e.actors24\".","timestamp":"2026-07-19 22:39:44"}
{"level":"info","message":"Persisting migrated Actor record [mmHawk0000000000] of database \"dnd5e.actors24\".","timestamp":"2026-07-19 22:39:44"}
{"level":"info","message":"Persisting migrated Actor record [mmHellHound00000] of database \"dnd5e.actors24\".","timestamp":"2026-07-19 22:39:44"}
{"level":"info","message":"Persisting migrated Actor record [mmHezrou00000000] of database \"dnd5e.actors24\".","timestamp":"2026-07-19 22:39:44"}
{"level":"info","message":"Persisting migrated Actor record [mmHillGiant00000] of database \"dnd5e.actors24\".","timestamp":"2026-07-19 22:39:44"}
{"level":"info","message":"Persisting migrated Actor record [mmHippogriff0000] of database \"dnd5e.actors24\".","timestamp":"2026-07-19 22:39:44"}
{"level":"info","message":"Persisting migrated Actor record [mmHippopotamus00] of database \"dnd5e.actors24\".","timestamp":"2026-07-19 22:39:44"}
{"level":"info","message":"Persisting migrated Actor record [mmHobgoblinCapta] of database \"dnd5e.actors24\".","timestamp":"2026-07-19 22:39:44"}
{"level":"info","message":"Persisting migrated Actor record [mmHobgoblinWarri] of database \"dnd5e.actors24\".","timestamp":"2026-07-19 22:39:44"}
{"level":"info","message":"Persisting migrated Actor record [mmHomunculus0000] of database \"dnd5e.actors24\".","timestamp":"2026-07-19 22:39:44"}
{"level":"info","message":"Persisting migrated Actor record [mmHornedDevil000] of database \"dnd5e.actors24\".","timestamp":"2026-07-19 22:39:44"}
{"level":"info","message":"Persisting migrated Actor record [mmHunterShark000] of database \"dnd5e.actors24\".","timestamp":"2026-07-19 22:39:44"}
{"level":"info","message":"Persisting migrated Actor record [mmHydra000000000] of database \"dnd5e.actors24\".","timestamp":"2026-07-19 22:39:44"}
{"level":"info","message":"Persisting migrated Actor record [mmHyena000000000] of database \"dnd5e.actors24\".","timestamp":"2026-07-19 22:39:44"}
{"level":"info","message":"Persisting migrated Actor record [mmIceDevil000000] of database \"dnd5e.actors24\".","timestamp":"2026-07-19 22:39:44"}
{"level":"info","message":"Persisting migrated Actor record [mmIceMephit00000] of database \"dnd5e.actors24\".","timestamp":"2026-07-19 22:39:44"}
{"level":"info","message":"Persisting migrated Actor record [mmImp00000000000] of database \"dnd5e.actors24\".","timestamp":"2026-07-19 22:39:44"}
{"level":"info","message":"Persisting migrated Actor record [mmIncubus0000000] of database \"dnd5e.actors24\".","timestamp":"2026-07-19 22:39:44"}
{"level":"info","message":"Persisting migrated Actor record [mmInvisibleStalk] of database \"dnd5e.actors24\".","timestamp":"2026-07-19 22:39:44"}
{"level":"info","message":"Persisting migrated Actor record [mmIronGolem00000] of database \"dnd5e.actors24\".","timestamp":"2026-07-19 22:39:44"}
{"level":"info","message":"Persisting migrated Actor record [mmJackal00000000] of database \"dnd5e.actors24\".","timestamp":"2026-07-19 22:39:44"}
{"level":"info","message":"Persisting migrated Actor record [mmKillerWhale000] of database \"dnd5e.actors24\".","timestamp":"2026-07-19 22:39:44"}
{"level":"info","message":"Persisting migrated Actor record [mmKnight00000000] of database \"dnd5e.actors24\".","timestamp":"2026-07-19 22:39:44"}
{"level":"info","message":"Persisting migrated Actor record [mmKoboldWarrior0] of database \"dnd5e.actors24\".","timestamp":"2026-07-19 22:39:44"}
{"level":"info","message":"Persisting migrated Actor record [mmKraken00000000] of database \"dnd5e.actors24\".","timestamp":"2026-07-19 22:39:44"}
{"level":"info","message":"Persisting migrated Actor record [mmLamia000000000] of database \"dnd5e.actors24\".","timestamp":"2026-07-19 22:39:44"}
{"level":"info","message":"Persisting migrated Actor record [mmLemure00000000] of database \"dnd5e.actors24\".","timestamp":"2026-07-19 22:39:44"}
{"level":"info","message":"Persisting migrated Actor record [mmLich0000000000] of database \"dnd5e.actors24\".","timestamp":"2026-07-19 22:39:44"}
{"level":"info","message":"Persisting migrated Actor record [mmLion0000000000] of database \"dnd5e.actors24\".","timestamp":"2026-07-19 22:39:44"}
{"level":"info","message":"Persisting migrated Actor record [mmLizard00000000] of database \"dnd5e.actors24\".","timestamp":"2026-07-19 22:39:44"}
{"level":"info","message":"Persisting migrated Actor record [mmMage0000000000] of database \"dnd5e.actors24\".","timestamp":"2026-07-19 22:39:44"}
{"level":"info","message":"Persisting migrated Actor record [mmMagmaMephit000] of database \"dnd5e.actors24\".","timestamp":"2026-07-19 22:39:44"}
{"level":"info","message":"Persisting migrated Actor record [mmMagmin00000000] of database \"dnd5e.actors24\".","timestamp":"2026-07-19 22:39:44"}
{"level":"info","message":"Persisting migrated Actor record [mmMammoth0000000] of database \"dnd5e.actors24\".","timestamp":"2026-07-19 22:39:44"}
{"level":"info","message":"Persisting migrated Actor record [mmManticore00000] of database \"dnd5e.actors24\".","timestamp":"2026-07-19 22:39:44"}
{"level":"info","message":"Persisting migrated Actor record [mmMarilith000000] of database \"dnd5e.actors24\".","timestamp":"2026-07-19 22:39:44"}
{"level":"info","message":"Persisting migrated Actor record [mmMastiff0000000] of database \"dnd5e.actors24\".","timestamp":"2026-07-19 22:39:44"}
{"level":"info","message":"Persisting migrated Actor record [mmMedusa00000000] of database \"dnd5e.actors24\".","timestamp":"2026-07-19 22:39:44"}
{"level":"info","message":"Persisting migrated Actor record [mmMerfolkSkirmis] of database \"dnd5e.actors24\".","timestamp":"2026-07-19 22:39:44"}
{"level":"info","message":"Persisting migrated Actor record [mmMerrow00000000] of database \"dnd5e.actors24\".","timestamp":"2026-07-19 22:39:44"}
{"level":"info","message":"Persisting migrated Actor record [mmMimic000000000] of database \"dnd5e.actors24\".","timestamp":"2026-07-19 22:39:44"}
{"level":"info","message":"Persisting migrated Actor record [mmMinotaurOfBaph] of database \"dnd5e.actors24\".","timestamp":"2026-07-19 22:39:44"}
{"level":"info","message":"Persisting migrated Actor record [mmMinotaurSkelet] of database \"dnd5e.actors24\".","timestamp":"2026-07-19 22:39:44"}
{"level":"info","message":"Persisting migrated Actor record [mmMule0000000000] of database \"dnd5e.actors24\".","timestamp":"2026-07-19 22:39:44"}
{"level":"info","message":"Persisting migrated Actor record [mmMummy000000000] of database \"dnd5e.actors24\".","timestamp":"2026-07-19 22:39:44"}
{"level":"info","message":"Persisting migrated Actor record [mmMummyLord00000] of database \"dnd5e.actors24\".","timestamp":"2026-07-19 22:39:44"}
{"level":"info","message":"Persisting migrated Actor record [mmNalfeshnee0000] of database \"dnd5e.actors24\".","timestamp":"2026-07-19 22:39:44"}
{"level":"info","message":"Persisting migrated Actor record [mmNightHag000000] of database \"dnd5e.actors24\".","timestamp":"2026-07-19 22:39:44"}
{"level":"info","message":"Persisting migrated Actor record [mmNightmare00000] of database \"dnd5e.actors24\".","timestamp":"2026-07-19 22:39:44"}
{"level":"info","message":"Persisting migrated Actor record [mmNoble000000000] of database \"dnd5e.actors24\".","timestamp":"2026-07-19 22:39:44"}
{"level":"info","message":"Persisting migrated Actor record [mmNothic00000000] of database \"dnd5e.actors24\".","timestamp":"2026-07-19 22:39:44"}
{"level":"info","message":"Persisting migrated Actor record [mmOchreJelly0000] of database \"dnd5e.actors24\".","timestamp":"2026-07-19 22:39:44"}
{"level":"info","message":"Persisting migrated Actor record [mmOctopus0000000] of database \"dnd5e.actors24\".","timestamp":"2026-07-19 22:39:44"}
{"level":"info","message":"Persisting migrated Actor record [mmOgre0000000000] of database \"dnd5e.actors24\".","timestamp":"2026-07-19 22:39:44"}
{"level":"info","message":"Persisting migrated Actor record [mmOgreZombie0000] of database \"dnd5e.actors24\".","timestamp":"2026-07-19 22:39:44"}
{"level":"info","message":"Persisting migrated Actor record [mmOni00000000000] of database \"dnd5e.actors24\".","timestamp":"2026-07-19 22:39:44"}
{"level":"info","message":"Persisting migrated Actor record [mmOtyugh00000000] of database \"dnd5e.actors24\".","timestamp":"2026-07-19 22:39:44"}
{"level":"info","message":"Persisting migrated Actor record [mmOwl00000000000] of database \"dnd5e.actors24\".","timestamp":"2026-07-19 22:39:44"}
{"level":"info","message":"Persisting migrated Actor record [mmOwlbear0000000] of database \"dnd5e.actors24\".","timestamp":"2026-07-19 22:39:44"}
{"level":"info","message":"Persisting migrated Actor record [mmPanther0000000] of database \"dnd5e.actors24\".","timestamp":"2026-07-19 22:39:44"}
{"level":"info","message":"Persisting migrated Actor record [mmPegasus0000000] of database \"dnd5e.actors24\".","timestamp":"2026-07-19 22:39:44"}
{"level":"info","message":"Persisting migrated Actor record [mmPhaseSpider000] of database \"dnd5e.actors24\".","timestamp":"2026-07-19 22:39:44"}
{"level":"info","message":"Persisting migrated Actor record [mmPiranha0000000] of database \"dnd5e.actors24\".","timestamp":"2026-07-19 22:39:44"}
{"level":"info","message":"Persisting migrated Actor record [mmPirate00000000] of database \"dnd5e.actors24\".","timestamp":"2026-07-19 22:39:44"}
{"level":"info","message":"Persisting migrated Actor record [mmPirateCaptain0] of database \"dnd5e.actors24\".","timestamp":"2026-07-19 22:39:44"}
{"level":"info","message":"Persisting migrated Actor record [mmPitFiend000000] of database \"dnd5e.actors24\".","timestamp":"2026-07-19 22:39:44"}
{"level":"info","message":"Persisting migrated Actor record [mmPlanetar000000] of database \"dnd5e.actors24\".","timestamp":"2026-07-19 22:39:44"}
{"level":"info","message":"Persisting migrated Actor record [mmPlesiosaurus00] of database \"dnd5e.actors24\".","timestamp":"2026-07-19 22:39:44"}
{"level":"info","message":"Persisting migrated Actor record [mmPolarBear00000] of database \"dnd5e.actors24\".","timestamp":"2026-07-19 22:39:44"}
{"level":"info","message":"Persisting migrated Actor record [mmPony0000000000] of database \"dnd5e.actors24\".","timestamp":"2026-07-19 22:39:44"}
{"level":"info","message":"Persisting migrated Actor record [mmPriest00000000] of database \"dnd5e.actors24\".","timestamp":"2026-07-19 22:39:44"}
{"level":"info","message":"Persisting migrated Actor record [mmPriestAcolyte0] of database \"dnd5e.actors24\".","timestamp":"2026-07-19 22:39:44"}
{"level":"info","message":"Persisting migrated Actor record [mmPseudodragon00] of database \"dnd5e.actors24\".","timestamp":"2026-07-19 22:39:44"}
{"level":"info","message":"Persisting migrated Actor record [mmPteranodon0000] of database \"dnd5e.actors24\".","timestamp":"2026-07-19 22:39:44"}
{"level":"info","message":"Persisting migrated Actor record [mmPurpleWorm0000] of database \"dnd5e.actors24\".","timestamp":"2026-07-19 22:39:44"}
{"level":"info","message":"Persisting migrated Actor record [mmQuasit00000000] of database \"dnd5e.actors24\".","timestamp":"2026-07-19 22:39:44"}
{"level":"info","message":"Persisting migrated Actor record [mmRakshasa000000] of database \"dnd5e.actors24\".","timestamp":"2026-07-19 22:39:44"}
{"level":"info","message":"Persisting migrated Actor record [mmRat00000000000] of database \"dnd5e.actors24\".","timestamp":"2026-07-19 22:39:44"}
{"level":"info","message":"Persisting migrated Actor record [mmRaven000000000] of database \"dnd5e.actors24\".","timestamp":"2026-07-19 22:39:44"}
{"level":"info","message":"Persisting migrated Actor record [mmRedDragonWyrml] of database \"dnd5e.actors24\".","timestamp":"2026-07-19 22:39:44"}
{"level":"info","message":"Persisting migrated Actor record [mmReefShark00000] of database \"dnd5e.actors24\".","timestamp":"2026-07-19 22:39:44"}
{"level":"info","message":"Persisting migrated Actor record [mmRemorhaz000000] of database \"dnd5e.actors24\".","timestamp":"2026-07-19 22:39:44"}
{"level":"info","message":"Persisting migrated Actor record [mmRhinoceros0000] of database \"dnd5e.actors24\".","timestamp":"2026-07-19 22:39:44"}
{"level":"info","message":"Persisting migrated Actor record [mmRidingHorse000] of database \"dnd5e.actors24\".","timestamp":"2026-07-19 22:39:44"}
{"level":"info","message":"Persisting migrated Actor record [mmRoc00000000000] of database \"dnd5e.actors24\".","timestamp":"2026-07-19 22:39:44"}
{"level":"info","message":"Persisting migrated Actor record [mmRoper000000000] of database \"dnd5e.actors24\".","timestamp":"2026-07-19 22:39:44"}
{"level":"info","message":"Persisting migrated Actor record [mmRustMonster000] of database \"dnd5e.actors24\".","timestamp":"2026-07-19 22:39:44"}
{"level":"info","message":"Persisting migrated Actor record [mmSabertoothedTi] of database \"dnd5e.actors24\".","timestamp":"2026-07-19 22:39:44"}
{"level":"info","message":"Persisting migrated Actor record [mmSahuaginWarrio] of database \"dnd5e.actors24\".","timestamp":"2026-07-19 22:39:44"}
{"level":"info","message":"Persisting migrated Actor record [mmSalamander0000] of database \"dnd5e.actors24\".","timestamp":"2026-07-19 22:39:44"}
{"level":"info","message":"Persisting migrated Actor record [mmSatyr000000000] of database \"dnd5e.actors24\".","timestamp":"2026-07-19 22:39:44"}
{"level":"info","message":"Persisting migrated Actor record [mmScorpion000000] of database \"dnd5e.actors24\".","timestamp":"2026-07-19 22:39:44"}
{"level":"info","message":"Persisting migrated Actor record [mmScout000000000] of database \"dnd5e.actors24\".","timestamp":"2026-07-19 22:39:44"}
{"level":"info","message":"Persisting migrated Actor record [mmSeaHag00000000] of database \"dnd5e.actors24\".","timestamp":"2026-07-19 22:39:44"}
{"level":"info","message":"Persisting migrated Actor record [mmSeahorse000000] of database \"dnd5e.actors24\".","timestamp":"2026-07-19 22:39:44"}
{"level":"info","message":"Persisting migrated Actor record [mmShadow00000000] of database \"dnd5e.actors24\".","timestamp":"2026-07-19 22:39:44"}
{"level":"info","message":"Persisting migrated Actor record [mmShamblingMound] of database \"dnd5e.actors24\".","timestamp":"2026-07-19 22:39:44"}
{"level":"info","message":"Persisting migrated Actor record [mmShieldGuardian] of database \"dnd5e.actors24\".","timestamp":"2026-07-19 22:39:44"}
{"level":"info","message":"Persisting migrated Actor record [mmShriekerFungus] of database \"dnd5e.actors24\".","timestamp":"2026-07-19 22:39:44"}
{"level":"info","message":"Persisting migrated Actor record [mmSilverDragonWy] of database \"dnd5e.actors24\".","timestamp":"2026-07-19 22:39:44"}
{"level":"info","message":"Persisting migrated Actor record [mmSkeleton000000] of database \"dnd5e.actors24\".","timestamp":"2026-07-19 22:39:44"}
{"level":"info","message":"Persisting migrated Actor record [mmSlaadTadpole00] of database \"dnd5e.actors24\".","timestamp":"2026-07-19 22:39:44"}
{"level":"info","message":"Persisting migrated Actor record [mmSolar000000000] of database \"dnd5e.actors24\".","timestamp":"2026-07-19 22:39:44"}
{"level":"info","message":"Persisting migrated Actor record [mmSpecter0000000] of database \"dnd5e.actors24\".","timestamp":"2026-07-19 22:39:44"}
{"level":"info","message":"Persisting migrated Actor record [mmSphinxOfLore00] of database \"dnd5e.actors24\".","timestamp":"2026-07-19 22:39:44"}
{"level":"info","message":"Persisting migrated Actor record [mmSphinxOfValor0] of database \"dnd5e.actors24\".","timestamp":"2026-07-19 22:39:44"}
{"level":"info","message":"Persisting migrated Actor record [mmSphinxOfWonder] of database \"dnd5e.actors24\".","timestamp":"2026-07-19 22:39:44"}
{"level":"info","message":"Persisting migrated Actor record [mmSpider00000000] of database \"dnd5e.actors24\".","timestamp":"2026-07-19 22:39:44"}
{"level":"info","message":"Persisting migrated Actor record [mmSpiritNaga0000] of database \"dnd5e.actors24\".","timestamp":"2026-07-19 22:39:44"}
{"level":"info","message":"Persisting migrated Actor record [mmSprite00000000] of database \"dnd5e.actors24\".","timestamp":"2026-07-19 22:39:44"}
{"level":"info","message":"Persisting migrated Actor record [mmSpy00000000000] of database \"dnd5e.actors24\".","timestamp":"2026-07-19 22:39:44"}
{"level":"info","message":"Persisting migrated Actor record [mmSteamMephit000] of database \"dnd5e.actors24\".","timestamp":"2026-07-19 22:39:44"}
{"level":"info","message":"Persisting migrated Actor record [mmStirge00000000] of database \"dnd5e.actors24\".","timestamp":"2026-07-19 22:39:44"}
{"level":"info","message":"Persisting migrated Actor record [mmStoneGiant0000] of database \"dnd5e.actors24\".","timestamp":"2026-07-19 22:39:44"}
{"level":"info","message":"Persisting migrated Actor record [mmStoneGolem0000] of database \"dnd5e.actors24\".","timestamp":"2026-07-19 22:39:44"}
{"level":"info","message":"Persisting migrated Actor record [mmStormGiant0000] of database \"dnd5e.actors24\".","timestamp":"2026-07-19 22:39:44"}
{"level":"info","message":"Persisting migrated Actor record [mmSuccubus000000] of database \"dnd5e.actors24\".","timestamp":"2026-07-19 22:39:44"}
{"level":"info","message":"Persisting migrated Actor record [mmSwarmOfBats000] of database \"dnd5e.actors24\".","timestamp":"2026-07-19 22:39:44"}
{"level":"info","message":"Persisting migrated Actor record [mmSwarmOfCrawlin] of database \"dnd5e.actors24\".","timestamp":"2026-07-19 22:39:44"}
{"level":"info","message":"Persisting migrated Actor record [mmSwarmOfInsects] of database \"dnd5e.actors24\".","timestamp":"2026-07-19 22:39:44"}
{"level":"info","message":"Persisting migrated Actor record [mmSwarmOfPiranha] of database \"dnd5e.actors24\".","timestamp":"2026-07-19 22:39:44"}
{"level":"info","message":"Persisting migrated Actor record [mmSwarmOfRats000] of database \"dnd5e.actors24\".","timestamp":"2026-07-19 22:39:44"}
{"level":"info","message":"Persisting migrated Actor record [mmSwarmOfRavens0] of database \"dnd5e.actors24\".","timestamp":"2026-07-19 22:39:44"}
{"level":"info","message":"Persisting migrated Actor record [mmSwarmOfVenomou] of database \"dnd5e.actors24\".","timestamp":"2026-07-19 22:39:44"}
{"level":"info","message":"Persisting migrated Actor record [mmTarrasque00000] of database \"dnd5e.actors24\".","timestamp":"2026-07-19 22:39:44"}
{"level":"info","message":"Persisting migrated Actor record [mmTiger000000000] of database \"dnd5e.actors24\".","timestamp":"2026-07-19 22:39:44"}
{"level":"info","message":"Persisting migrated Actor record [mmTough000000000] of database \"dnd5e.actors24\".","timestamp":"2026-07-19 22:39:44"}
{"level":"info","message":"Persisting migrated Actor record [mmToughBoss00000] of database \"dnd5e.actors24\".","timestamp":"2026-07-19 22:39:44"}
{"level":"info","message":"Persisting migrated Actor record [mmTreant00000000] of database \"dnd5e.actors24\".","timestamp":"2026-07-19 22:39:44"}
{"level":"info","message":"Persisting migrated Actor record [mmTriceratops000] of database \"dnd5e.actors24\".","timestamp":"2026-07-19 22:39:44"}
{"level":"info","message":"Persisting migrated Actor record [mmTroll000000000] of database \"dnd5e.actors24\".","timestamp":"2026-07-19 22:39:44"}
{"level":"info","message":"Persisting migrated Actor record [mmTrollLimb00000] of database \"dnd5e.actors24\".","timestamp":"2026-07-19 22:39:44"}
{"level":"info","message":"Persisting migrated Actor record [mmTyrannosaurusR] of database \"dnd5e.actors24\".","timestamp":"2026-07-19 22:39:44"}
{"level":"info","message":"Persisting migrated Actor record [mmUnicorn0000000] of database \"dnd5e.actors24\".","timestamp":"2026-07-19 22:39:44"}
{"level":"info","message":"Persisting migrated Actor record [mmVampire0000000] of database \"dnd5e.actors24\".","timestamp":"2026-07-19 22:39:44"}
{"level":"info","message":"Persisting migrated Actor record [mmVampireFamilia] of database \"dnd5e.actors24\".","timestamp":"2026-07-19 22:39:44"}
{"level":"info","message":"Persisting migrated Actor record [mmVampireSpawn00] of database \"dnd5e.actors24\".","timestamp":"2026-07-19 22:39:44"}
{"level":"info","message":"Persisting migrated Actor record [mmVenomousSnake0] of database \"dnd5e.actors24\".","timestamp":"2026-07-19 22:39:44"}
{"level":"info","message":"Persisting migrated Actor record [mmVioletFungus00] of database \"dnd5e.actors24\".","timestamp":"2026-07-19 22:39:44"}
{"level":"info","message":"Persisting migrated Actor record [mmVrock000000000] of database \"dnd5e.actors24\".","timestamp":"2026-07-19 22:39:44"}
{"level":"info","message":"Persisting migrated Actor record [mmVulture0000000] of database \"dnd5e.actors24\".","timestamp":"2026-07-19 22:39:44"}
{"level":"info","message":"Persisting migrated Actor record [mmWarhorse000000] of database \"dnd5e.actors24\".","timestamp":"2026-07-19 22:39:44"}
{"level":"info","message":"Persisting migrated Actor record [mmWarhorseSkelet] of database \"dnd5e.actors24\".","timestamp":"2026-07-19 22:39:44"}
{"level":"info","message":"Persisting migrated Actor record [mmWarriorInfantr] of database \"dnd5e.actors24\".","timestamp":"2026-07-19 22:39:44"}
{"level":"info","message":"Persisting migrated Actor record [mmWarriorVeteran] of database \"dnd5e.actors24\".","timestamp":"2026-07-19 22:39:44"}
{"level":"info","message":"Persisting migrated Actor record [mmWaterElemental] of database \"dnd5e.actors24\".","timestamp":"2026-07-19 22:39:44"}
{"level":"info","message":"Persisting migrated Actor record [mmWeasel00000000] of database \"dnd5e.actors24\".","timestamp":"2026-07-19 22:39:44"}
{"level":"info","message":"Persisting migrated Actor record [mmWerebear000000] of database \"dnd5e.actors24\".","timestamp":"2026-07-19 22:39:44"}
{"level":"info","message":"Persisting migrated Actor record [mmWereboar000000] of database \"dnd5e.actors24\".","timestamp":"2026-07-19 22:39:44"}
{"level":"info","message":"Persisting migrated Actor record [mmWererat0000000] of database \"dnd5e.actors24\".","timestamp":"2026-07-19 22:39:44"}
{"level":"info","message":"Persisting migrated Actor record [mmWeretiger00000] of database \"dnd5e.actors24\".","timestamp":"2026-07-19 22:39:44"}
{"level":"info","message":"Persisting migrated Actor record [mmWerewolf000000] of database \"dnd5e.actors24\".","timestamp":"2026-07-19 22:39:44"}
{"level":"info","message":"Persisting migrated Actor record [mmWhiteDragonWyr] of database \"dnd5e.actors24\".","timestamp":"2026-07-19 22:39:44"}
{"level":"info","message":"Persisting migrated Actor record [mmWight000000000] of database \"dnd5e.actors24\".","timestamp":"2026-07-19 22:39:44"}
{"level":"info","message":"Persisting migrated Actor record [mmWillowisp00000] of database \"dnd5e.actors24\".","timestamp":"2026-07-19 22:39:44"}
{"level":"info","message":"Persisting migrated Actor record [mmWinterWolf0000] of database \"dnd5e.actors24\".","timestamp":"2026-07-19 22:39:44"}
{"level":"info","message":"Persisting migrated Actor record [mmWolf0000000000] of database \"dnd5e.actors24\".","timestamp":"2026-07-19 22:39:44"}
{"level":"info","message":"Persisting migrated Actor record [mmWorg0000000000] of database \"dnd5e.actors24\".","timestamp":"2026-07-19 22:39:44"}
{"level":"info","message":"Persisting migrated Actor record [mmWraith00000000] of database \"dnd5e.actors24\".","timestamp":"2026-07-19 22:39:44"}
{"level":"info","message":"Persisting migrated Actor record [mmWyvern00000000] of database \"dnd5e.actors24\".","timestamp":"2026-07-19 22:39:44"}
{"level":"info","message":"Persisting migrated Actor record [mmXorn0000000000] of database \"dnd5e.actors24\".","timestamp":"2026-07-19 22:39:44"}
{"level":"info","message":"Persisting migrated Actor record [mmYoungBlackDrag] of database \"dnd5e.actors24\".","timestamp":"2026-07-19 22:39:44"}
{"level":"info","message":"Persisting migrated Actor record [mmYoungBlueDrago] of database \"dnd5e.actors24\".","timestamp":"2026-07-19 22:39:44"}
{"level":"info","message":"Persisting migrated Actor record [mmYoungBrassDrag] of database \"dnd5e.actors24\".","timestamp":"2026-07-19 22:39:44"}
{"level":"info","message":"Persisting migrated Actor record [mmYoungBronzeDra] of database \"dnd5e.actors24\".","timestamp":"2026-07-19 22:39:44"}
{"level":"info","message":"Persisting migrated Actor record [mmYoungCopperDra] of database \"dnd5e.actors24\".","timestamp":"2026-07-19 22:39:44"}
{"level":"info","message":"Persisting migrated Actor record [mmYoungGoldDrago] of database \"dnd5e.actors24\".","timestamp":"2026-07-19 22:39:44"}
{"level":"info","message":"Persisting migrated Actor record [mmYoungGreenDrag] of database \"dnd5e.actors24\".","timestamp":"2026-07-19 22:39:44"}
{"level":"info","message":"Persisting migrated Actor record [mmYoungRedDragon] of database \"dnd5e.actors24\".","timestamp":"2026-07-19 22:39:44"}
{"level":"info","message":"Persisting migrated Actor record [mmYoungSilverDra] of database \"dnd5e.actors24\".","timestamp":"2026-07-19 22:39:44"}
{"level":"info","message":"Persisting migrated Actor record [mmYoungWhiteDrag] of database \"dnd5e.actors24\".","timestamp":"2026-07-19 22:39:44"}
{"level":"info","message":"Persisting migrated Actor record [mmZombie00000000] of database \"dnd5e.actors24\".","timestamp":"2026-07-19 22:39:44"}
{"level":"info","message":"Persisting migrated Actor record [phbConjuredEarth] of database \"dnd5e.actors24\".","timestamp":"2026-07-19 22:39:44"}
{"level":"info","message":"Persisting migrated Actor record [phbConjuredFireE] of database \"dnd5e.actors24\".","timestamp":"2026-07-19 22:39:44"}
{"level":"info","message":"Persisting migrated Actor record [phbConjuredWater] of database \"dnd5e.actors24\".","timestamp":"2026-07-19 22:39:44"}
{"level":"info","message":"Persisting migrated Actor record [phbDuplicate0000] of database \"dnd5e.actors24\".","timestamp":"2026-07-19 22:39:44"}
{"level":"info","message":"Persisting migrated Actor record [phbInvisibleSens] of database \"dnd5e.actors24\".","timestamp":"2026-07-19 22:39:44"}
{"level":"info","message":"Persisting migrated Actor record [phbSpectralAnima] of database \"dnd5e.actors24\".","timestamp":"2026-07-19 22:39:44"}
{"level":"info","message":"Persisting migrated Actor record [phbginGiantCenti] of database \"dnd5e.actors24\".","timestamp":"2026-07-19 22:39:44"}
{"level":"info","message":"Persisting migrated Actor record [phbginGiantSpide] of database \"dnd5e.actors24\".","timestamp":"2026-07-19 22:39:44"}
{"level":"info","message":"Persisting migrated Actor record [phbginGiantWasp0] of database \"dnd5e.actors24\".","timestamp":"2026-07-19 22:39:44"}
{"level":"info","message":"Persisting migrated Actor record [phbhaoAnimatedOb] of database \"dnd5e.actors24\".","timestamp":"2026-07-19 22:39:44"}
{"level":"info","message":"Persisting migrated Actor record [phbiluCreature00] of database \"dnd5e.actors24\".","timestamp":"2026-07-19 22:39:44"}
{"level":"info","message":"Persisting migrated Actor record [phbiluObject0000] of database \"dnd5e.actors24\".","timestamp":"2026-07-19 22:39:44"}
{"level":"info","message":"Persisting migrated Actor record [phbiluSensory000] of database \"dnd5e.actors24\".","timestamp":"2026-07-19 22:39:44"}
{"level":"info","message":"Persisting migrated Actor record [phblaoAnimatedOb] of database \"dnd5e.actors24\".","timestamp":"2026-07-19 22:39:44"}
{"level":"info","message":"Persisting migrated Actor record [phbmaoAnimatedOb] of database \"dnd5e.actors24\".","timestamp":"2026-07-19 22:39:44"}
{"level":"info","message":"Persisting migrated Actor record [phbmobDraconicSp] of database \"dnd5e.actors24\".","timestamp":"2026-07-19 22:39:44"}
{"level":"info","message":"Persisting migrated Actor record [phbmobFaithfulHo] of database \"dnd5e.actors24\".","timestamp":"2026-07-19 22:39:44"}
{"level":"info","message":"Persisting migrated Actor record [phbmobGalley0000] of database \"dnd5e.actors24\".","timestamp":"2026-07-19 22:39:44"}
{"level":"info","message":"Persisting migrated Actor record [phbmobGiantInsec] of database \"dnd5e.actors24\".","timestamp":"2026-07-19 22:39:44"}
{"level":"info","message":"Persisting migrated Actor record [phbmobKeelboat00] of database \"dnd5e.actors24\".","timestamp":"2026-07-19 22:39:44"}
{"level":"info","message":"Persisting migrated Actor record [phbmobLongship00] of database \"dnd5e.actors24\".","timestamp":"2026-07-19 22:39:44"}
{"level":"info","message":"Persisting migrated Actor record [phbmobOtherworld] of database \"dnd5e.actors24\".","timestamp":"2026-07-19 22:39:44"}
{"level":"info","message":"Persisting migrated Actor record [phbmobRowboat000] of database \"dnd5e.actors24\".","timestamp":"2026-07-19 22:39:44"}
{"level":"info","message":"Persisting migrated Actor record [phbmobSailingShi] of database \"dnd5e.actors24\".","timestamp":"2026-07-19 22:39:44"}
{"level":"info","message":"Persisting migrated Actor record [phbmobWarship000] of database \"dnd5e.actors24\".","timestamp":"2026-07-19 22:39:44"}
{"level":"info","message":"Persisting migrated Actor record [phbostCelestial0] of database \"dnd5e.actors24\".","timestamp":"2026-07-19 22:39:44"}
{"level":"info","message":"Persisting migrated Actor record [phbostFey0000000] of database \"dnd5e.actors24\".","timestamp":"2026-07-19 22:39:44"}
{"level":"info","message":"Persisting migrated Actor record [phbostFiend00000] of database \"dnd5e.actors24\".","timestamp":"2026-07-19 22:39:44"}
{"level":"info","message":"Persisting migrated Actor record [phbsaoAnimatedOb] of database \"dnd5e.actors24\".","timestamp":"2026-07-19 22:39:44"}
{"level":"info","message":"Persisting migrated Actor record [phbsplArcaneEye0] of database \"dnd5e.actors24\".","timestamp":"2026-07-19 22:39:44"}
{"level":"info","message":"Persisting migrated Actor record [phbsplBigbysHand] of database \"dnd5e.actors24\".","timestamp":"2026-07-19 22:39:44"}
{"level":"info","message":"Persisting migrated Actor record [phbsplConjuredEl] of database \"dnd5e.actors24\".","timestamp":"2026-07-19 22:39:44"}
{"level":"info","message":"Persisting migrated Actor record [phbsplConjuredFe] of database \"dnd5e.actors24\".","timestamp":"2026-07-19 22:39:44"}
{"level":"info","message":"Persisting migrated Actor record [phbsplFlamingSph] of database \"dnd5e.actors24\".","timestamp":"2026-07-19 22:39:44"}
{"level":"info","message":"Persisting migrated Actor record [phbsplFloatingDi] of database \"dnd5e.actors24\".","timestamp":"2026-07-19 22:39:44"}
{"level":"info","message":"Persisting migrated Actor record [phbsplGuardianof] of database \"dnd5e.actors24\".","timestamp":"2026-07-19 22:39:44"}
{"level":"info","message":"Persisting migrated Actor record [phbsplLight00000] of database \"dnd5e.actors24\".","timestamp":"2026-07-19 22:39:44"}
{"level":"info","message":"Persisting migrated Actor record [phbsplMageHand00] of database \"dnd5e.actors24\".","timestamp":"2026-07-19 22:39:44"}
{"level":"info","message":"Persisting migrated Actor record [phbsplMediumDanc] of database \"dnd5e.actors24\".","timestamp":"2026-07-19 22:39:44"}
{"level":"info","message":"Persisting migrated Actor record [phbsplMordSword0] of database \"dnd5e.actors24\".","timestamp":"2026-07-19 22:39:44"}
{"level":"info","message":"Persisting migrated Actor record [phbsplSecretChes] of database \"dnd5e.actors24\".","timestamp":"2026-07-19 22:39:44"}
{"level":"info","message":"Persisting migrated Actor record [phbsplSpiritualW] of database \"dnd5e.actors24\".","timestamp":"2026-07-19 22:39:44"}
{"level":"info","message":"Persisting migrated Actor record [phbsplTinyDancin] of database \"dnd5e.actors24\".","timestamp":"2026-07-19 22:39:44"}
{"level":"info","message":"Persisting migrated Actor record [phbsplUnseenServ] of database \"dnd5e.actors24\".","timestamp":"2026-07-19 22:39:44"}
{"level":"info","message":"Persisting migrated Actor record [phbsumPhantomSte] of database \"dnd5e.actors24\".","timestamp":"2026-07-19 22:39:44"}
{"level":"info","message":"Persisting migrated Actor record [phbtaoAnimatedOb] of database \"dnd5e.actors24\".","timestamp":"2026-07-19 22:39:44"}
{"level":"info","message":"Completed migration of database \"dnd5e.actors24.\"","timestamp":"2026-07-19 22:39:44"}
{"level":"info","message":"Launching World | Migrating Package Data - 93%","timestamp":"2026-07-19 22:39:44"}
{"level":"info","message":"Migrated Item record [mmAcidAbsorption] of database \"dnd5e.monsterfeatures24\".","timestamp":"2026-07-19 22:39:44"}
{"level":"info","message":"Migrated Item record [mmAdhesive000000] of database \"dnd5e.monsterfeatures24\".","timestamp":"2026-07-19 22:39:44"}
{"level":"info","message":"Migrated Item record [mmAnimateTrees00] of database \"dnd5e.monsterfeatures24\".","timestamp":"2026-07-19 22:39:44"}
{"level":"info","message":"Migrated Item record [mmAntennae000000] of database \"dnd5e.monsterfeatures24\".","timestamp":"2026-07-19 22:39:44"}
{"level":"info","message":"Migrated Item record [mmAttach00000000] of database \"dnd5e.monsterfeatures24\".","timestamp":"2026-07-19 22:39:44"}
{"level":"info","message":"Migrated Item record [mmAversionToFire] of database \"dnd5e.monsterfeatures24\".","timestamp":"2026-07-19 22:39:44"}
{"level":"info","message":"Migrated Item record [mmBalefulCommand] of database \"dnd5e.monsterfeatures24\".","timestamp":"2026-07-19 22:39:44"}
{"level":"info","message":"Migrated Item record [mmBanish00000000] of database \"dnd5e.monsterfeatures24\".","timestamp":"2026-07-19 22:39:44"}
{"level":"info","message":"Migrated Item record [mmBeard000000000] of database \"dnd5e.monsterfeatures24\".","timestamp":"2026-07-19 22:39:44"}
{"level":"info","message":"Migrated Item record [mmBeastOfBurden0] of database \"dnd5e.monsterfeatures24\".","timestamp":"2026-07-19 22:39:44"}
{"level":"info","message":"Migrated Item record [mmBerserk0000000] of database \"dnd5e.monsterfeatures24\".","timestamp":"2026-07-19 22:39:44"}
{"level":"info","message":"Migrated Item record [mmBlindingBreath] of database \"dnd5e.monsterfeatures24\".","timestamp":"2026-07-19 22:39:44"}
{"level":"info","message":"Migrated Item record [mmBlindingGaze00] of database \"dnd5e.monsterfeatures24\".","timestamp":"2026-07-19 22:39:44"}
{"level":"info","message":"Migrated Item record [mmBlindingSpittl] of database \"dnd5e.monsterfeatures24\".","timestamp":"2026-07-19 22:39:44"}
{"level":"info","message":"Migrated Item record [mmBoulder0000000] of database \"dnd5e.monsterfeatures24\".","timestamp":"2026-07-19 22:39:44"}
{"level":"info","message":"Migrated Item record [mmBurn0000000000] of database \"dnd5e.monsterfeatures24\".","timestamp":"2026-07-19 22:39:44"}
{"level":"info","message":"Migrated Item record [mmCacophony00000] of database \"dnd5e.monsterfeatures24\".","timestamp":"2026-07-19 22:39:44"}
{"level":"info","message":"Migrated Item record [mmCaptainsCharm0] of database \"dnd5e.monsterfeatures24\".","timestamp":"2026-07-19 22:39:44"}
{"level":"info","message":"Migrated Item record [mmChain000000000] of database \"dnd5e.monsterfeatures24\".","timestamp":"2026-07-19 22:39:44"}
{"level":"info","message":"Migrated Item record [mmClaws000000000] of database \"dnd5e.monsterfeatures24\".","timestamp":"2026-07-19 22:39:44"}
{"level":"info","message":"Migrated Item record [mmCloudOfInsects] of database \"dnd5e.monsterfeatures24\".","timestamp":"2026-07-19 22:39:44"}
{"level":"info","message":"Migrated Item record [mmConferFireResi] of database \"dnd5e.monsterfeatures24\".","timestamp":"2026-07-19 22:39:44"}
{"level":"info","message":"Migrated Item record [mmConjureInferna] of database \"dnd5e.monsterfeatures24\".","timestamp":"2026-07-19 22:39:44"}
{"level":"info","message":"Migrated Item record [mmConstrict00000] of database \"dnd5e.monsterfeatures24\".","timestamp":"2026-07-19 22:39:44"}
{"level":"info","message":"Migrated Item record [mmConsumeLife000] of database \"dnd5e.monsterfeatures24\".","timestamp":"2026-07-19 22:39:44"}
{"level":"info","message":"Migrated Item record [mmCorrosiveForm0] of database \"dnd5e.monsterfeatures24\".","timestamp":"2026-07-19 22:39:44"}
{"level":"info","message":"Migrated Item record [mmCreateWhirlwin] of database \"dnd5e.monsterfeatures24\".","timestamp":"2026-07-19 22:39:44"}
{"level":"info","message":"Migrated Item record [mmCrush000000000] of database \"dnd5e.monsterfeatures24\".","timestamp":"2026-07-19 22:39:44"}
{"level":"info","message":"Migrated Item record [mmCursedTouch000] of database \"dnd5e.monsterfeatures24\".","timestamp":"2026-07-19 22:39:44"}
{"level":"info","message":"Migrated Item record [mmDeadlyLeap0000] of database \"dnd5e.monsterfeatures24\".","timestamp":"2026-07-19 22:39:44"}
{"level":"info","message":"Migrated Item record [mmDissolvingPseu] of database \"dnd5e.monsterfeatures24\".","timestamp":"2026-07-19 22:39:44"}
{"level":"info","message":"Migrated Item record [mmDominateMind00] of database \"dnd5e.monsterfeatures24\".","timestamp":"2026-07-19 22:39:44"}
{"level":"info","message":"Migrated Item record [mmDraconicOrigin] of database \"dnd5e.monsterfeatures24\".","timestamp":"2026-07-19 22:39:44"}
{"level":"info","message":"Migrated Item record [mmDrainingSwipe0] of database \"dnd5e.monsterfeatures24\".","timestamp":"2026-07-19 22:39:44"}
{"level":"info","message":"Migrated Item record [mmDreadfulGlare0] of database \"dnd5e.monsterfeatures24\".","timestamp":"2026-07-19 22:39:44"}
{"level":"info","message":"Migrated Item record [mmEnchantingBow0] of database \"dnd5e.monsterfeatures24\".","timestamp":"2026-07-19 22:39:44"}
{"level":"info","message":"Migrated Item record [mmEngulf00000000] of database \"dnd5e.monsterfeatures24\".","timestamp":"2026-07-19 22:39:44"}
{"level":"info","message":"Migrated Item record [mmEntanglingRope] of database \"dnd5e.monsterfeatures24\".","timestamp":"2026-07-19 22:39:44"}
{"level":"info","message":"Migrated Item record [mmEnthrallingPan] of database \"dnd5e.monsterfeatures24\".","timestamp":"2026-07-19 22:39:44"}
{"level":"info","message":"Migrated Item record [mmFearAura000000] of database \"dnd5e.monsterfeatures24\".","timestamp":"2026-07-19 22:39:44"}
{"level":"info","message":"Migrated Item record [mmFetidCloud0000] of database \"dnd5e.monsterfeatures24\".","timestamp":"2026-07-19 22:39:44"}
{"level":"info","message":"Migrated Item record [mmFlameWhip00000] of database \"dnd5e.monsterfeatures24\".","timestamp":"2026-07-19 22:39:44"}
{"level":"info","message":"Migrated Item record [mmFling000000000] of database \"dnd5e.monsterfeatures24\".","timestamp":"2026-07-19 22:39:44"}
{"level":"info","message":"Migrated Item record [mmFreeze00000000] of database \"dnd5e.monsterfeatures24\".","timestamp":"2026-07-19 22:39:44"}
{"level":"info","message":"Migrated Item record [mmFreezingBurst0] of database \"dnd5e.monsterfeatures24\".","timestamp":"2026-07-19 22:39:44"}
{"level":"info","message":"Migrated Item record [mmGigglingMagic0] of database \"dnd5e.monsterfeatures24\".","timestamp":"2026-07-19 22:39:44"}
{"level":"info","message":"Migrated Item record [mmGore0000000000] of database \"dnd5e.monsterfeatures24\".","timestamp":"2026-07-19 22:39:44"}
{"level":"info","message":"Migrated Item record [mmGouge000000000] of database \"dnd5e.monsterfeatures24\".","timestamp":"2026-07-19 22:39:44"}
{"level":"info","message":"Migrated Item record [mmGrab0000000000] of database \"dnd5e.monsterfeatures24\".","timestamp":"2026-07-19 22:39:44"}
{"level":"info","message":"Migrated Item record [mmGreatBow000000] of database \"dnd5e.monsterfeatures24\".","timestamp":"2026-07-19 22:39:44"}
{"level":"info","message":"Migrated Item record [mmHammerThrow000] of database \"dnd5e.monsterfeatures24\".","timestamp":"2026-07-19 22:39:44"}
{"level":"info","message":"Migrated Item record [mmHorrificVisage] of database \"dnd5e.monsterfeatures24\".","timestamp":"2026-07-19 22:39:44"}
{"level":"info","message":"Migrated Item record [mmHorrorNimbus00] of database \"dnd5e.monsterfeatures24\".","timestamp":"2026-07-19 22:39:44"}
{"level":"info","message":"Migrated Item record [mmIceSpear000000] of database \"dnd5e.monsterfeatures24\".","timestamp":"2026-07-19 22:39:44"}
{"level":"info","message":"Migrated Item record [mmInfernalSting0] of database \"dnd5e.monsterfeatures24\".","timestamp":"2026-07-19 22:39:44"}
{"level":"info","message":"Migrated Item record [mmInkCloud000000] of database \"dnd5e.monsterfeatures24\".","timestamp":"2026-07-19 22:39:44"}
{"level":"info","message":"Migrated Item record [mmLoathsomeLimbs] of database \"dnd5e.monsterfeatures24\".","timestamp":"2026-07-19 22:39:44"}
{"level":"info","message":"Migrated Item record [mmLuringSong0000] of database \"dnd5e.monsterfeatures24\".","timestamp":"2026-07-19 22:39:44"}
{"level":"info","message":"Migrated Item record [mmMindrendingRoa] of database \"dnd5e.monsterfeatures24\".","timestamp":"2026-07-19 22:39:44"}
{"level":"info","message":"Migrated Item record [mmMistyEscape000] of database \"dnd5e.monsterfeatures24\".","timestamp":"2026-07-19 22:39:44"}
{"level":"info","message":"Migrated Item record [mmMoan0000000000] of database \"dnd5e.monsterfeatures24\".","timestamp":"2026-07-19 22:39:44"}
{"level":"info","message":"Migrated Item record [mmMucusCloud0000] of database \"dnd5e.monsterfeatures24\".","timestamp":"2026-07-19 22:39:44"}
{"level":"info","message":"Migrated Item record [mmNightmare00000] of database \"dnd5e.monsterfeatures24\".","timestamp":"2026-07-19 22:39:44"}
{"level":"info","message":"Migrated Item record [mmNightmareRay00] of database \"dnd5e.monsterfeatures24\".","timestamp":"2026-07-19 22:39:44"}
{"level":"info","message":"Migrated Item record [mmNimbleEscape00] of database \"dnd5e.monsterfeatures24\".","timestamp":"2026-07-19 22:39:44"}
{"level":"info","message":"Migrated Item record [mmNoxiousMiasma0] of database \"dnd5e.monsterfeatures24\".","timestamp":"2026-07-19 22:39:44"}
{"level":"info","message":"Migrated Item record [mmOceanSpear0000] of database \"dnd5e.monsterfeatures24\".","timestamp":"2026-07-19 22:39:44"}
{"level":"info","message":"Migrated Item record [mmOozeCube000000] of database \"dnd5e.monsterfeatures24\".","timestamp":"2026-07-19 22:39:44"}
{"level":"info","message":"Migrated Item record [mmParalyzingBrea] of database \"dnd5e.monsterfeatures24\".","timestamp":"2026-07-19 22:39:44"}
{"level":"info","message":"Migrated Item record [mmParalyzingTent] of database \"dnd5e.monsterfeatures24\".","timestamp":"2026-07-19 22:39:44"}
{"level":"info","message":"Migrated Item record [mmParalyzingTouc] of database \"dnd5e.monsterfeatures24\".","timestamp":"2026-07-19 22:39:44"}
{"level":"info","message":"Migrated Item record [mmPetrifyingBite] of database \"dnd5e.monsterfeatures24\".","timestamp":"2026-07-19 22:39:44"}
{"level":"info","message":"Migrated Item record [mmPetrifyingBrea] of database \"dnd5e.monsterfeatures24\".","timestamp":"2026-07-19 22:39:44"}
{"level":"info","message":"Migrated Item record [mmPetrifyingGaze] of database \"dnd5e.monsterfeatures24\".","timestamp":"2026-07-19 22:39:44"}
{"level":"info","message":"Migrated Item record [mmPincer00000000] of database \"dnd5e.monsterfeatures24\".","timestamp":"2026-07-19 22:39:44"}
{"level":"info","message":"Migrated Item record [mmPoisonousSpitt] of database \"dnd5e.monsterfeatures24\".","timestamp":"2026-07-19 22:39:44"}
{"level":"info","message":"Migrated Item record [mmPossession0000] of database \"dnd5e.monsterfeatures24\".","timestamp":"2026-07-19 22:39:44"}
{"level":"info","message":"Migrated Item record [mmProtection0000] of database \"dnd5e.monsterfeatures24\".","timestamp":"2026-07-19 22:39:44"}
{"level":"info","message":"Migrated Item record [mmQuickGrapple00] of database \"dnd5e.monsterfeatures24\".","timestamp":"2026-07-19 22:39:44"}
{"level":"info","message":"Migrated Item record [mmRam00000000000] of database \"dnd5e.monsterfeatures24\".","timestamp":"2026-07-19 22:39:44"}
{"level":"info","message":"Migrated Item record [mmRepulsionBreat] of database \"dnd5e.monsterfeatures24\".","timestamp":"2026-07-19 22:39:44"}
{"level":"info","message":"Migrated Item record [mmRestlessTouch0] of database \"dnd5e.monsterfeatures24\".","timestamp":"2026-07-19 22:39:44"}
{"level":"info","message":"Migrated Item record [mmRiposte0000000] of database \"dnd5e.monsterfeatures24\".","timestamp":"2026-07-19 22:39:44"}
{"level":"info","message":"Migrated Item record [mmRoar0000000000] of database \"dnd5e.monsterfeatures24\".","timestamp":"2026-07-19 22:39:44"}
{"level":"info","message":"Migrated Item record [mmRockLaunch0000] of database \"dnd5e.monsterfeatures24\".","timestamp":"2026-07-19 22:39:44"}
{"level":"info","message":"Migrated Item record [mmRottingFist000] of database \"dnd5e.monsterfeatures24\".","timestamp":"2026-07-19 22:39:44"}
{"level":"info","message":"Migrated Item record [mmScare000000000] of database \"dnd5e.monsterfeatures24\".","timestamp":"2026-07-19 22:39:44"}
{"level":"info","message":"Migrated Item record [mmScorchingSands] of database \"dnd5e.monsterfeatures24\".","timestamp":"2026-07-19 22:39:44"}
{"level":"info","message":"Migrated Item record [mmShadowStealth0] of database \"dnd5e.monsterfeatures24\".","timestamp":"2026-07-19 22:39:44"}
{"level":"info","message":"Migrated Item record [mmShieldBash0000] of database \"dnd5e.monsterfeatures24\".","timestamp":"2026-07-19 22:39:44"}
{"level":"info","message":"Migrated Item record [mmShimmeringShie] of database \"dnd5e.monsterfeatures24\".","timestamp":"2026-07-19 22:39:44"}
{"level":"info","message":"Migrated Item record [mmSleepBreath000] of database \"dnd5e.monsterfeatures24\".","timestamp":"2026-07-19 22:39:44"}
{"level":"info","message":"Migrated Item record [mmSlowingBreath0] of database \"dnd5e.monsterfeatures24\".","timestamp":"2026-07-19 22:39:44"}
{"level":"info","message":"Migrated Item record [mmSmother0000000] of database \"dnd5e.monsterfeatures24\".","timestamp":"2026-07-19 22:39:44"}
{"level":"info","message":"Migrated Item record [mmSpores00000000] of database \"dnd5e.monsterfeatures24\".","timestamp":"2026-07-19 22:39:44"}
{"level":"info","message":"Migrated Item record [mmStench00000000] of database \"dnd5e.monsterfeatures24\".","timestamp":"2026-07-19 22:39:44"}
{"level":"info","message":"Migrated Item record [mmStormBolt00000] of database \"dnd5e.monsterfeatures24\".","timestamp":"2026-07-19 22:39:44"}
{"level":"info","message":"Migrated Item record [mmStunningScreec] of database \"dnd5e.monsterfeatures24\".","timestamp":"2026-07-19 22:39:44"}
{"level":"info","message":"Migrated Item record [mmSwallow0000000] of database \"dnd5e.monsterfeatures24\".","timestamp":"2026-07-19 22:39:44"}
{"level":"info","message":"Migrated Item record [mmSwarmOfGraspin] of database \"dnd5e.monsterfeatures24\".","timestamp":"2026-07-19 22:39:44"}
{"level":"info","message":"Migrated Item record [mmTail0000000000] of database \"dnd5e.monsterfeatures24\".","timestamp":"2026-07-19 22:39:44"}
{"level":"info","message":"Migrated Item record [mmTentacle000000] of database \"dnd5e.monsterfeatures24\".","timestamp":"2026-07-19 22:39:44"}
{"level":"info","message":"Migrated Item record [mmTentacleSlam00] of database \"dnd5e.monsterfeatures24\".","timestamp":"2026-07-19 22:39:44"}
{"level":"info","message":"Migrated Item record [mmTentacles00000] of database \"dnd5e.monsterfeatures24\".","timestamp":"2026-07-19 22:39:44"}
{"level":"info","message":"Migrated Item record [mmThunderbolt000] of database \"dnd5e.monsterfeatures24\".","timestamp":"2026-07-19 22:39:44"}
{"level":"info","message":"Migrated Item record [mmThunderclap000] of database \"dnd5e.monsterfeatures24\".","timestamp":"2026-07-19 22:39:44"}
{"level":"info","message":"Migrated Item record [mmThundercloud00] of database \"dnd5e.monsterfeatures24\".","timestamp":"2026-07-19 22:39:44"}
{"level":"info","message":"Migrated Item record [mmThunderousBell] of database \"dnd5e.monsterfeatures24\".","timestamp":"2026-07-19 22:39:44"}
{"level":"info","message":"Migrated Item record [mmToxicInk000000] of database \"dnd5e.monsterfeatures24\".","timestamp":"2026-07-19 22:39:44"}
{"level":"info","message":"Migrated Item record [mmTramplingCharg] of database \"dnd5e.monsterfeatures24\".","timestamp":"2026-07-19 22:39:44"}
{"level":"info","message":"Migrated Item record [mmTrashLob000000] of database \"dnd5e.monsterfeatures24\".","timestamp":"2026-07-19 22:39:44"}
{"level":"info","message":"Migrated Item record [mmTreeClub000000] of database \"dnd5e.monsterfeatures24\".","timestamp":"2026-07-19 22:39:44"}
{"level":"info","message":"Migrated Item record [mmUmbralDagger00] of database \"dnd5e.monsterfeatures24\".","timestamp":"2026-07-19 22:39:44"}
{"level":"info","message":"Migrated Item record [mmUnnervingGaze0] of database \"dnd5e.monsterfeatures24\".","timestamp":"2026-07-19 22:39:44"}
{"level":"info","message":"Migrated Item record [mmUnsettlingVisa] of database \"dnd5e.monsterfeatures24\".","timestamp":"2026-07-19 22:39:44"}
{"level":"info","message":"Migrated Item record [mmVampireWeaknes] of database \"dnd5e.monsterfeatures24\".","timestamp":"2026-07-19 22:39:44"}
{"level":"info","message":"Migrated Item record [mmVanish00000000] of database \"dnd5e.monsterfeatures24\".","timestamp":"2026-07-19 22:39:44"}
{"level":"info","message":"Migrated Item record [mmVileAppearance] of database \"dnd5e.monsterfeatures24\".","timestamp":"2026-07-19 22:39:44"}
{"level":"info","message":"Migrated Item record [mmVortex00000000] of database \"dnd5e.monsterfeatures24\".","timestamp":"2026-07-19 22:39:44"}
{"level":"info","message":"Migrated Item record [mmWarCry00000000] of database \"dnd5e.monsterfeatures24\".","timestamp":"2026-07-19 22:39:44"}
{"level":"info","message":"Migrated Item record [mmWeakeningBreat] of database \"dnd5e.monsterfeatures24\".","timestamp":"2026-07-19 22:39:44"}
{"level":"info","message":"Migrated Item record [mmWeb00000000000] of database \"dnd5e.monsterfeatures24\".","timestamp":"2026-07-19 22:39:44"}
{"level":"info","message":"Migrated Item record [mmWebStrand00000] of database \"dnd5e.monsterfeatures24\".","timestamp":"2026-07-19 22:39:44"}
{"level":"info","message":"Migrated Item record [mmWeightOfYears0] of database \"dnd5e.monsterfeatures24\".","timestamp":"2026-07-19 22:39:44"}
{"level":"info","message":"Migrated Item record [mmWhelm000000000] of database \"dnd5e.monsterfeatures24\".","timestamp":"2026-07-19 22:39:44"}
{"level":"info","message":"Migrated Item record [mmWhirlwind00000] of database \"dnd5e.monsterfeatures24\".","timestamp":"2026-07-19 22:39:44"}
{"level":"info","message":"Migrated Item record [mmWhirlwindOfSan] of database \"dnd5e.monsterfeatures24\".","timestamp":"2026-07-19 22:39:44"}
{"level":"info","message":"Migrated Item record [mmWorldshakingMo] of database \"dnd5e.monsterfeatures24\".","timestamp":"2026-07-19 22:39:44"}
{"level":"info","message":"Persisting migrated Item record [mmAcidAbsorption] of database \"dnd5e.monsterfeatures24\".","timestamp":"2026-07-19 22:39:44"}
{"level":"info","message":"Persisting migrated Item record [mmAdhesive000000] of database \"dnd5e.monsterfeatures24\".","timestamp":"2026-07-19 22:39:44"}
{"level":"info","message":"Persisting migrated Item record [mmAnimateTrees00] of database \"dnd5e.monsterfeatures24\".","timestamp":"2026-07-19 22:39:44"}
{"level":"info","message":"Persisting migrated Item record [mmAntennae000000] of database \"dnd5e.monsterfeatures24\".","timestamp":"2026-07-19 22:39:44"}
{"level":"info","message":"Persisting migrated Item record [mmAttach00000000] of database \"dnd5e.monsterfeatures24\".","timestamp":"2026-07-19 22:39:44"}
{"level":"info","message":"Persisting migrated Item record [mmAversionToFire] of database \"dnd5e.monsterfeatures24\".","timestamp":"2026-07-19 22:39:44"}
{"level":"info","message":"Persisting migrated Item record [mmBalefulCommand] of database \"dnd5e.monsterfeatures24\".","timestamp":"2026-07-19 22:39:44"}
{"level":"info","message":"Persisting migrated Item record [mmBanish00000000] of database \"dnd5e.monsterfeatures24\".","timestamp":"2026-07-19 22:39:44"}
{"level":"info","message":"Persisting migrated Item record [mmBeard000000000] of database \"dnd5e.monsterfeatures24\".","timestamp":"2026-07-19 22:39:44"}
{"level":"info","message":"Persisting migrated Item record [mmBeastOfBurden0] of database \"dnd5e.monsterfeatures24\".","timestamp":"2026-07-19 22:39:44"}
{"level":"info","message":"Persisting migrated Item record [mmBerserk0000000] of database \"dnd5e.monsterfeatures24\".","timestamp":"2026-07-19 22:39:44"}
{"level":"info","message":"Persisting migrated Item record [mmBlindingBreath] of database \"dnd5e.monsterfeatures24\".","timestamp":"2026-07-19 22:39:44"}
{"level":"info","message":"Persisting migrated Item record [mmBlindingGaze00] of database \"dnd5e.monsterfeatures24\".","timestamp":"2026-07-19 22:39:44"}
{"level":"info","message":"Persisting migrated Item record [mmBlindingSpittl] of database \"dnd5e.monsterfeatures24\".","timestamp":"2026-07-19 22:39:44"}
{"level":"info","message":"Persisting migrated Item record [mmBoulder0000000] of database \"dnd5e.monsterfeatures24\".","timestamp":"2026-07-19 22:39:44"}
{"level":"info","message":"Persisting migrated Item record [mmBurn0000000000] of database \"dnd5e.monsterfeatures24\".","timestamp":"2026-07-19 22:39:44"}
{"level":"info","message":"Persisting migrated Item record [mmCacophony00000] of database \"dnd5e.monsterfeatures24\".","timestamp":"2026-07-19 22:39:44"}
{"level":"info","message":"Persisting migrated Item record [mmCaptainsCharm0] of database \"dnd5e.monsterfeatures24\".","timestamp":"2026-07-19 22:39:44"}
{"level":"info","message":"Persisting migrated Item record [mmChain000000000] of database \"dnd5e.monsterfeatures24\".","timestamp":"2026-07-19 22:39:44"}
{"level":"info","message":"Persisting migrated Item record [mmClaws000000000] of database \"dnd5e.monsterfeatures24\".","timestamp":"2026-07-19 22:39:44"}
{"level":"info","message":"Persisting migrated Item record [mmCloudOfInsects] of database \"dnd5e.monsterfeatures24\".","timestamp":"2026-07-19 22:39:44"}
{"level":"info","message":"Persisting migrated Item record [mmConferFireResi] of database \"dnd5e.monsterfeatures24\".","timestamp":"2026-07-19 22:39:44"}
{"level":"info","message":"Persisting migrated Item record [mmConjureInferna] of database \"dnd5e.monsterfeatures24\".","timestamp":"2026-07-19 22:39:44"}
{"level":"info","message":"Persisting migrated Item record [mmConstrict00000] of database \"dnd5e.monsterfeatures24\".","timestamp":"2026-07-19 22:39:44"}
{"level":"info","message":"Persisting migrated Item record [mmConsumeLife000] of database \"dnd5e.monsterfeatures24\".","timestamp":"2026-07-19 22:39:44"}
{"level":"info","message":"Persisting migrated Item record [mmCorrosiveForm0] of database \"dnd5e.monsterfeatures24\".","timestamp":"2026-07-19 22:39:44"}
{"level":"info","message":"Persisting migrated Item record [mmCreateWhirlwin] of database \"dnd5e.monsterfeatures24\".","timestamp":"2026-07-19 22:39:44"}
{"level":"info","message":"Persisting migrated Item record [mmCrush000000000] of database \"dnd5e.monsterfeatures24\".","timestamp":"2026-07-19 22:39:44"}
{"level":"info","message":"Persisting migrated Item record [mmCursedTouch000] of database \"dnd5e.monsterfeatures24\".","timestamp":"2026-07-19 22:39:44"}
{"level":"info","message":"Persisting migrated Item record [mmDeadlyLeap0000] of database \"dnd5e.monsterfeatures24\".","timestamp":"2026-07-19 22:39:44"}
{"level":"info","message":"Persisting migrated Item record [mmDissolvingPseu] of database \"dnd5e.monsterfeatures24\".","timestamp":"2026-07-19 22:39:44"}
{"level":"info","message":"Persisting migrated Item record [mmDominateMind00] of database \"dnd5e.monsterfeatures24\".","timestamp":"2026-07-19 22:39:44"}
{"level":"info","message":"Persisting migrated Item record [mmDraconicOrigin] of database \"dnd5e.monsterfeatures24\".","timestamp":"2026-07-19 22:39:44"}
{"level":"info","message":"Persisting migrated Item record [mmDrainingSwipe0] of database \"dnd5e.monsterfeatures24\".","timestamp":"2026-07-19 22:39:44"}
{"level":"info","message":"Persisting migrated Item record [mmDreadfulGlare0] of database \"dnd5e.monsterfeatures24\".","timestamp":"2026-07-19 22:39:44"}
{"level":"info","message":"Persisting migrated Item record [mmEnchantingBow0] of database \"dnd5e.monsterfeatures24\".","timestamp":"2026-07-19 22:39:44"}
{"level":"info","message":"Persisting migrated Item record [mmEngulf00000000] of database \"dnd5e.monsterfeatures24\".","timestamp":"2026-07-19 22:39:44"}
{"level":"info","message":"Persisting migrated Item record [mmEntanglingRope] of database \"dnd5e.monsterfeatures24\".","timestamp":"2026-07-19 22:39:44"}
{"level":"info","message":"Persisting migrated Item record [mmEnthrallingPan] of database \"dnd5e.monsterfeatures24\".","timestamp":"2026-07-19 22:39:44"}
{"level":"info","message":"Persisting migrated Item record [mmFearAura000000] of database \"dnd5e.monsterfeatures24\".","timestamp":"2026-07-19 22:39:44"}
{"level":"info","message":"Persisting migrated Item record [mmFetidCloud0000] of database \"dnd5e.monsterfeatures24\".","timestamp":"2026-07-19 22:39:44"}
{"level":"info","message":"Persisting migrated Item record [mmFlameWhip00000] of database \"dnd5e.monsterfeatures24\".","timestamp":"2026-07-19 22:39:44"}
{"level":"info","message":"Persisting migrated Item record [mmFling000000000] of database \"dnd5e.monsterfeatures24\".","timestamp":"2026-07-19 22:39:44"}
{"level":"info","message":"Persisting migrated Item record [mmFreeze00000000] of database \"dnd5e.monsterfeatures24\".","timestamp":"2026-07-19 22:39:44"}
{"level":"info","message":"Persisting migrated Item record [mmFreezingBurst0] of database \"dnd5e.monsterfeatures24\".","timestamp":"2026-07-19 22:39:44"}
{"level":"info","message":"Persisting migrated Item record [mmGigglingMagic0] of database \"dnd5e.monsterfeatures24\".","timestamp":"2026-07-19 22:39:44"}
{"level":"info","message":"Persisting migrated Item record [mmGore0000000000] of database \"dnd5e.monsterfeatures24\".","timestamp":"2026-07-19 22:39:44"}
{"level":"info","message":"Persisting migrated Item record [mmGouge000000000] of database \"dnd5e.monsterfeatures24\".","timestamp":"2026-07-19 22:39:44"}
{"level":"info","message":"Persisting migrated Item record [mmGrab0000000000] of database \"dnd5e.monsterfeatures24\".","timestamp":"2026-07-19 22:39:44"}
{"level":"info","message":"Persisting migrated Item record [mmGreatBow000000] of database \"dnd5e.monsterfeatures24\".","timestamp":"2026-07-19 22:39:44"}
{"level":"info","message":"Persisting migrated Item record [mmHammerThrow000] of database \"dnd5e.monsterfeatures24\".","timestamp":"2026-07-19 22:39:44"}
{"level":"info","message":"Persisting migrated Item record [mmHorrificVisage] of database \"dnd5e.monsterfeatures24\".","timestamp":"2026-07-19 22:39:44"}
{"level":"info","message":"Persisting migrated Item record [mmHorrorNimbus00] of database \"dnd5e.monsterfeatures24\".","timestamp":"2026-07-19 22:39:44"}
{"level":"info","message":"Persisting migrated Item record [mmIceSpear000000] of database \"dnd5e.monsterfeatures24\".","timestamp":"2026-07-19 22:39:44"}
{"level":"info","message":"Persisting migrated Item record [mmInfernalSting0] of database \"dnd5e.monsterfeatures24\".","timestamp":"2026-07-19 22:39:44"}
{"level":"info","message":"Persisting migrated Item record [mmInkCloud000000] of database \"dnd5e.monsterfeatures24\".","timestamp":"2026-07-19 22:39:44"}
{"level":"info","message":"Persisting migrated Item record [mmLoathsomeLimbs] of database \"dnd5e.monsterfeatures24\".","timestamp":"2026-07-19 22:39:44"}
{"level":"info","message":"Persisting migrated Item record [mmLuringSong0000] of database \"dnd5e.monsterfeatures24\".","timestamp":"2026-07-19 22:39:44"}
{"level":"info","message":"Persisting migrated Item record [mmMindrendingRoa] of database \"dnd5e.monsterfeatures24\".","timestamp":"2026-07-19 22:39:44"}
{"level":"info","message":"Persisting migrated Item record [mmMistyEscape000] of database \"dnd5e.monsterfeatures24\".","timestamp":"2026-07-19 22:39:44"}
{"level":"info","message":"Persisting migrated Item record [mmMoan0000000000] of database \"dnd5e.monsterfeatures24\".","timestamp":"2026-07-19 22:39:44"}
{"level":"info","message":"Persisting migrated Item record [mmMucusCloud0000] of database \"dnd5e.monsterfeatures24\".","timestamp":"2026-07-19 22:39:44"}
{"level":"info","message":"Persisting migrated Item record [mmNightmare00000] of database \"dnd5e.monsterfeatures24\".","timestamp":"2026-07-19 22:39:44"}
{"level":"info","message":"Persisting migrated Item record [mmNightmareRay00] of database \"dnd5e.monsterfeatures24\".","timestamp":"2026-07-19 22:39:44"}
{"level":"info","message":"Persisting migrated Item record [mmNimbleEscape00] of database \"dnd5e.monsterfeatures24\".","timestamp":"2026-07-19 22:39:44"}
{"level":"info","message":"Persisting migrated Item record [mmNoxiousMiasma0] of database \"dnd5e.monsterfeatures24\".","timestamp":"2026-07-19 22:39:44"}
{"level":"info","message":"Persisting migrated Item record [mmOceanSpear0000] of database \"dnd5e.monsterfeatures24\".","timestamp":"2026-07-19 22:39:44"}
{"level":"info","message":"Persisting migrated Item record [mmOozeCube000000] of database \"dnd5e.monsterfeatures24\".","timestamp":"2026-07-19 22:39:44"}
{"level":"info","message":"Persisting migrated Item record [mmParalyzingBrea] of database \"dnd5e.monsterfeatures24\".","timestamp":"2026-07-19 22:39:44"}
{"level":"info","message":"Persisting migrated Item record [mmParalyzingTent] of database \"dnd5e.monsterfeatures24\".","timestamp":"2026-07-19 22:39:44"}
{"level":"info","message":"Persisting migrated Item record [mmParalyzingTouc] of database \"dnd5e.monsterfeatures24\".","timestamp":"2026-07-19 22:39:44"}
{"level":"info","message":"Persisting migrated Item record [mmPetrifyingBite] of database \"dnd5e.monsterfeatures24\".","timestamp":"2026-07-19 22:39:44"}
{"level":"info","message":"Persisting migrated Item record [mmPetrifyingBrea] of database \"dnd5e.monsterfeatures24\".","timestamp":"2026-07-19 22:39:44"}
{"level":"info","message":"Persisting migrated Item record [mmPetrifyingGaze] of database \"dnd5e.monsterfeatures24\".","timestamp":"2026-07-19 22:39:44"}
{"level":"info","message":"Persisting migrated Item record [mmPincer00000000] of database \"dnd5e.monsterfeatures24\".","timestamp":"2026-07-19 22:39:44"}
{"level":"info","message":"Persisting migrated Item record [mmPoisonousSpitt] of database \"dnd5e.monsterfeatures24\".","timestamp":"2026-07-19 22:39:44"}
{"level":"info","message":"Persisting migrated Item record [mmPossession0000] of database \"dnd5e.monsterfeatures24\".","timestamp":"2026-07-19 22:39:44"}
{"level":"info","message":"Persisting migrated Item record [mmProtection0000] of database \"dnd5e.monsterfeatures24\".","timestamp":"2026-07-19 22:39:44"}
{"level":"info","message":"Persisting migrated Item record [mmQuickGrapple00] of database \"dnd5e.monsterfeatures24\".","timestamp":"2026-07-19 22:39:44"}
{"level":"info","message":"Persisting migrated Item record [mmRam00000000000] of database \"dnd5e.monsterfeatures24\".","timestamp":"2026-07-19 22:39:44"}
{"level":"info","message":"Persisting migrated Item record [mmRepulsionBreat] of database \"dnd5e.monsterfeatures24\".","timestamp":"2026-07-19 22:39:44"}
{"level":"info","message":"Persisting migrated Item record [mmRestlessTouch0] of database \"dnd5e.monsterfeatures24\".","timestamp":"2026-07-19 22:39:44"}
{"level":"info","message":"Persisting migrated Item record [mmRiposte0000000] of database \"dnd5e.monsterfeatures24\".","timestamp":"2026-07-19 22:39:44"}
{"level":"info","message":"Persisting migrated Item record [mmRoar0000000000] of database \"dnd5e.monsterfeatures24\".","timestamp":"2026-07-19 22:39:44"}
{"level":"info","message":"Persisting migrated Item record [mmRockLaunch0000] of database \"dnd5e.monsterfeatures24\".","timestamp":"2026-07-19 22:39:44"}
{"level":"info","message":"Persisting migrated Item record [mmRottingFist000] of database \"dnd5e.monsterfeatures24\".","timestamp":"2026-07-19 22:39:44"}
{"level":"info","message":"Persisting migrated Item record [mmScare000000000] of database \"dnd5e.monsterfeatures24\".","timestamp":"2026-07-19 22:39:44"}
{"level":"info","message":"Persisting migrated Item record [mmScorchingSands] of database \"dnd5e.monsterfeatures24\".","timestamp":"2026-07-19 22:39:44"}
{"level":"info","message":"Persisting migrated Item record [mmShadowStealth0] of database \"dnd5e.monsterfeatures24\".","timestamp":"2026-07-19 22:39:44"}
{"level":"info","message":"Persisting migrated Item record [mmShieldBash0000] of database \"dnd5e.monsterfeatures24\".","timestamp":"2026-07-19 22:39:44"}
{"level":"info","message":"Persisting migrated Item record [mmShimmeringShie] of database \"dnd5e.monsterfeatures24\".","timestamp":"2026-07-19 22:39:44"}
{"level":"info","message":"Persisting migrated Item record [mmSleepBreath000] of database \"dnd5e.monsterfeatures24\".","timestamp":"2026-07-19 22:39:44"}
{"level":"info","message":"Persisting migrated Item record [mmSlowingBreath0] of database \"dnd5e.monsterfeatures24\".","timestamp":"2026-07-19 22:39:44"}
{"level":"info","message":"Persisting migrated Item record [mmSmother0000000] of database \"dnd5e.monsterfeatures24\".","timestamp":"2026-07-19 22:39:44"}
{"level":"info","message":"Persisting migrated Item record [mmSpores00000000] of database \"dnd5e.monsterfeatures24\".","timestamp":"2026-07-19 22:39:44"}
{"level":"info","message":"Persisting migrated Item record [mmStench00000000] of database \"dnd5e.monsterfeatures24\".","timestamp":"2026-07-19 22:39:44"}
{"level":"info","message":"Persisting migrated Item record [mmStormBolt00000] of database \"dnd5e.monsterfeatures24\".","timestamp":"2026-07-19 22:39:44"}
{"level":"info","message":"Persisting migrated Item record [mmStunningScreec] of database \"dnd5e.monsterfeatures24\".","timestamp":"2026-07-19 22:39:44"}
{"level":"info","message":"Persisting migrated Item record [mmSwallow0000000] of database \"dnd5e.monsterfeatures24\".","timestamp":"2026-07-19 22:39:44"}
{"level":"info","message":"Persisting migrated Item record [mmSwarmOfGraspin] of database \"dnd5e.monsterfeatures24\".","timestamp":"2026-07-19 22:39:44"}
{"level":"info","message":"Persisting migrated Item record [mmTail0000000000] of database \"dnd5e.monsterfeatures24\".","timestamp":"2026-07-19 22:39:44"}
{"level":"info","message":"Persisting migrated Item record [mmTentacle000000] of database \"dnd5e.monsterfeatures24\".","timestamp":"2026-07-19 22:39:44"}
{"level":"info","message":"Persisting migrated Item record [mmTentacleSlam00] of database \"dnd5e.monsterfeatures24\".","timestamp":"2026-07-19 22:39:44"}
{"level":"info","message":"Persisting migrated Item record [mmTentacles00000] of database \"dnd5e.monsterfeatures24\".","timestamp":"2026-07-19 22:39:44"}
{"level":"info","message":"Persisting migrated Item record [mmThunderbolt000] of database \"dnd5e.monsterfeatures24\".","timestamp":"2026-07-19 22:39:44"}
{"level":"info","message":"Persisting migrated Item record [mmThunderclap000] of database \"dnd5e.monsterfeatures24\".","timestamp":"2026-07-19 22:39:44"}
{"level":"info","message":"Persisting migrated Item record [mmThundercloud00] of database \"dnd5e.monsterfeatures24\".","timestamp":"2026-07-19 22:39:44"}
{"level":"info","message":"Persisting migrated Item record [mmThunderousBell] of database \"dnd5e.monsterfeatures24\".","timestamp":"2026-07-19 22:39:44"}
{"level":"info","message":"Persisting migrated Item record [mmToxicInk000000] of database \"dnd5e.monsterfeatures24\".","timestamp":"2026-07-19 22:39:44"}
{"level":"info","message":"Persisting migrated Item record [mmTramplingCharg] of database \"dnd5e.monsterfeatures24\".","timestamp":"2026-07-19 22:39:44"}
{"level":"info","message":"Persisting migrated Item record [mmTrashLob000000] of database \"dnd5e.monsterfeatures24\".","timestamp":"2026-07-19 22:39:44"}
{"level":"info","message":"Persisting migrated Item record [mmTreeClub000000] of database \"dnd5e.monsterfeatures24\".","timestamp":"2026-07-19 22:39:44"}
{"level":"info","message":"Persisting migrated Item record [mmUmbralDagger00] of database \"dnd5e.monsterfeatures24\".","timestamp":"2026-07-19 22:39:44"}
{"level":"info","message":"Persisting migrated Item record [mmUnnervingGaze0] of database \"dnd5e.monsterfeatures24\".","timestamp":"2026-07-19 22:39:44"}
{"level":"info","message":"Persisting migrated Item record [mmUnsettlingVisa] of database \"dnd5e.monsterfeatures24\".","timestamp":"2026-07-19 22:39:44"}
{"level":"info","message":"Persisting migrated Item record [mmVampireWeaknes] of database \"dnd5e.monsterfeatures24\".","timestamp":"2026-07-19 22:39:44"}
{"level":"info","message":"Persisting migrated Item record [mmVanish00000000] of database \"dnd5e.monsterfeatures24\".","timestamp":"2026-07-19 22:39:44"}
{"level":"info","message":"Persisting migrated Item record [mmVileAppearance] of database \"dnd5e.monsterfeatures24\".","timestamp":"2026-07-19 22:39:44"}
{"level":"info","message":"Persisting migrated Item record [mmVortex00000000] of database \"dnd5e.monsterfeatures24\".","timestamp":"2026-07-19 22:39:44"}
{"level":"info","message":"Persisting migrated Item record [mmWarCry00000000] of database \"dnd5e.monsterfeatures24\".","timestamp":"2026-07-19 22:39:44"}
{"level":"info","message":"Persisting migrated Item record [mmWeakeningBreat] of database \"dnd5e.monsterfeatures24\".","timestamp":"2026-07-19 22:39:44"}
{"level":"info","message":"Persisting migrated Item record [mmWeb00000000000] of database \"dnd5e.monsterfeatures24\".","timestamp":"2026-07-19 22:39:44"}
{"level":"info","message":"Persisting migrated Item record [mmWebStrand00000] of database \"dnd5e.monsterfeatures24\".","timestamp":"2026-07-19 22:39:44"}
{"level":"info","message":"Persisting migrated Item record [mmWeightOfYears0] of database \"dnd5e.monsterfeatures24\".","timestamp":"2026-07-19 22:39:44"}
{"level":"info","message":"Persisting migrated Item record [mmWhelm000000000] of database \"dnd5e.monsterfeatures24\".","timestamp":"2026-07-19 22:39:44"}
{"level":"info","message":"Persisting migrated Item record [mmWhirlwind00000] of database \"dnd5e.monsterfeatures24\".","timestamp":"2026-07-19 22:39:44"}
{"level":"info","message":"Persisting migrated Item record [mmWhirlwindOfSan] of database \"dnd5e.monsterfeatures24\".","timestamp":"2026-07-19 22:39:44"}
{"level":"info","message":"Persisting migrated Item record [mmWorldshakingMo] of database \"dnd5e.monsterfeatures24\".","timestamp":"2026-07-19 22:39:44"}
{"level":"info","message":"Completed migration of database \"dnd5e.monsterfeatures24.\"","timestamp":"2026-07-19 22:39:44"}
{"level":"info","message":"Launching World | Migrating Package Data - 95%","timestamp":"2026-07-19 22:39:44"}
{"level":"info","message":"Migrated Macro record [Gx6a4ONkHSXmO9Sj] of database \"fxmaster.fxmaster\".","timestamp":"2026-07-19 22:39:44"}
{"level":"info","message":"Migrated Macro record [WagOPvrNeOicuBhH] of database \"fxmaster.fxmaster\".","timestamp":"2026-07-19 22:39:44"}
{"level":"info","message":"Migrated Macro record [ftoNC6DqcQGQOAOp] of database \"fxmaster.fxmaster\".","timestamp":"2026-07-19 22:39:44"}
{"level":"info","message":"Persisting migrated Macro record [Gx6a4ONkHSXmO9Sj] of database \"fxmaster.fxmaster\".","timestamp":"2026-07-19 22:39:44"}
{"level":"info","message":"Persisting migrated Macro record [WagOPvrNeOicuBhH] of database \"fxmaster.fxmaster\".","timestamp":"2026-07-19 22:39:44"}
{"level":"info","message":"Persisting migrated Macro record [ftoNC6DqcQGQOAOp] of database \"fxmaster.fxmaster\".","timestamp":"2026-07-19 22:39:44"}
{"level":"info","message":"Completed migration of database \"fxmaster.fxmaster.\"","timestamp":"2026-07-19 22:39:44"}
{"level":"info","message":"Launching World | Migrating Package Data - 98%","timestamp":"2026-07-19 22:39:44"}
{"level":"info","message":"Launching World | Migrating Package Data - 100%","timestamp":"2026-07-19 22:39:44"}
{"level":"info","message":"Migrating World cos to upgraded dnd5e System version 5.3.3","timestamp":"2026-07-19 22:39:44"}
{"level":"info","message":"Migrating ActiveEffect documents to the latest game system data model","timestamp":"2026-07-19 22:39:44"}
{"level":"info","message":"Successfully migrated 0 ActiveEffect documents to the latest system data model.","timestamp":"2026-07-19 22:39:44"}
{"level":"info","message":"Migrating Actor documents to the latest game system data model","timestamp":"2026-07-19 22:39:44"}
{"level":"info","message":"Successfully migrated 137 Actor documents to the latest system data model.","timestamp":"2026-07-19 22:39:44"}
{"level":"info","message":"Migrating Cards documents to the latest game system data model","timestamp":"2026-07-19 22:39:44"}
{"level":"info","message":"Successfully migrated 3 Cards documents to the latest system data model.","timestamp":"2026-07-19 22:39:44"}
{"level":"info","message":"Migrating ChatMessage documents to the latest game system data model","timestamp":"2026-07-19 22:39:44"}
{"level":"info","message":"Successfully migrated 1206 ChatMessage documents to the latest system data model.","timestamp":"2026-07-19 22:39:45"}
{"level":"info","message":"Migrating Combat documents to the latest game system data model","timestamp":"2026-07-19 22:39:45"}
{"level":"info","message":"Successfully migrated 5 Combat documents to the latest system data model.","timestamp":"2026-07-19 22:39:45"}
{"level":"info","message":"Migrating Item documents to the latest game system data model","timestamp":"2026-07-19 22:39:45"}
{"level":"info","message":"Successfully migrated 95 Item documents to the latest system data model.","timestamp":"2026-07-19 22:39:45"}
{"level":"info","message":"Migrating Scene documents to the latest game system data model","timestamp":"2026-07-19 22:39:45"}
{"level":"info","message":"Migration of World cos was successful to dnd5e System version 5.3.3","timestamp":"2026-07-19 22:39:46"}
{"level":"info","message":"Launching World | Complete","timestamp":"2026-07-19 22:39:46"}
{"ip":"::ffff:127.0.0.1","level":"info","message":"User authentication successful for user Gamemaster","session":"8dd0c3a53ab9a55c4bd884a0","timestamp":"2026-07-19 22:39:53"}
{"level":"info","message":"No system update for Dungeons & Dragons Fifth Edition is currently available.","timestamp":"2026-07-19 22:39:54"}
{"level":"info","message":"Vended World data to User [YzL2W1htQr2gHsBA] in 467ms","timestamp":"2026-07-19 22:39:54"}
{"level":"info","message":"Deleted Setting with id [oI7JGTc5zDwYAU7e]","timestamp":"2026-07-19 22:40:00"}
{"level":"info","message":"Created ChatMessage with id [NBg67uWsVKAORxCE]","timestamp":"2026-07-19 22:40:00"}
{"level":"info","message":"Deleted Setting with id [EnGGx4rfILyPhstr]","timestamp":"2026-07-19 22:40:01"}
{"level":"info","message":"Deleted Setting with id [MYzy9UIyP4ZRsCmx]","timestamp":"2026-07-19 22:40:01"}
{"level":"info","message":"Deleted Setting with id [5enSC9JTG0j5wvf3]","timestamp":"2026-07-19 22:40:01"}
{"level":"info","message":"Created Setting with id [a2Qnz5hMdefwIwA4]","timestamp":"2026-07-19 22:40:01"}
{"level":"info","message":"Created Setting with id [PeIfcpJTBHMSSYgz]","timestamp":"2026-07-19 22:40:01"}
{"level":"info","message":"Created Setting with id [Q5YoUWO52dqSpKd0]","timestamp":"2026-07-19 22:40:01"}
{"level":"info","message":"Created Setting with id [nFIW0URwCgqpC1TR]","timestamp":"2026-07-19 22:40:08"}
{"level":"info","message":"Created client session abd2caaeabc3ef3b6c67d098","timestamp":"2026-07-19 22:55:25"}
{"level":"info","message":"Created client session 53e1bcc7a6de836dce9ab95d","timestamp":"2026-07-19 22:55:28"}
{"level":"info","message":"Created client session 62e10bbbe009aaeacfa89105","timestamp":"2026-07-19 23:42:14"}
